#usda 1.0
(
    defaultPrim = "root"
    doc = """Generated from Composed Stage of root layer 
"""
    metersPerUnit = 1
)

def Xform "root"
{
    def Xform "Lights"
    {
        def DomeLight "Dome"
        {
            color3f inputs:color = (1, 1, 1)
            float inputs:intensity = 1
        }

        def DistantLight "Key"
        {
            color3f inputs:color = (1, 0.98, 0.95)
            float inputs:intensity = 1.6
            float3 xformOp:rotateXYZ = (55, 0, 35)
            uniform token[] xformOpOrder = ["xformOp:rotateXYZ"]
        }

        def DistantLight "Fill"
        {
            color3f inputs:color = (0.85, 0.9, 1)
            float inputs:intensity = 0.7
            float3 xformOp:rotateXYZ = (30, 0, -70)
            uniform token[] xformOpOrder = ["xformOp:rotateXYZ"]
        }
    }

    def Mesh "mesh_0_0"
    {
        int[] faceVertexCounts = [3, 3, 3, 3, 3, 3, 3, 3, 3, 3, 3, 3, 3, 3, 3, 3, 3, 3, 3, 3, 3, 3, 3, 3, 3, 3, 3, 3, 3, 3, 3, 3, 3, 3, 3, 3, 3, 3, 3, 3, 3, 3, 3, 3, 3, 3, 3, 3, 3, 3, 3, 3, 3, 3, 3, 3, 3, 3, 3, 3, 3, 3, 3, 3, 3, 3, 3, 3, 3, 3, 3, 3, 3, 3, 3, 3, 3, 3, 3, 3, 3, 3, 3, 3, 3, 3, 3, 3, 3, 3, 3, 3, 3, 3, 3, 3, 3, 3, 3, 3, 3, 3, 3, 3, 3, 3, 3, 3, 3, 3, 3, 3, 3, 3, 3, 3, 3, 3, 3, 3, 3, 3, 3, 3, 3, 3, 3, 3, 3, 3, 3, 3, 3, 3, 3, 3, 3, 3, 3, 3, 3, 3, 3, 3, 3, 3, 3, 3, 3, 3, 3, 3, 3, 3, 3, 3, 3, 3, 3, 3, 3, 3, 3, 3, 3, 3, 3, 3, 3, 3, 3, 3, 3, 3, 3, 3, 3, 3, 3, 3, 3, 3, 3, 3, 3, 3, 3, 3, 3, 3, 3, 3, 3, 3, 3, 3, 3, 3, 3, 3, 3, 3, 3, 3, 3, 3, 3, 3, 3, 3, 3, 3, 3, 3, 3, 3, 3, 3, 3, 3, 3, 3, 3, 3, 3, 3, 3, 3, 3, 3, 3, 3, 3, 3, 3, 3, 3, 3, 3, 3, 3, 3, 3, 3, 3, 3, 3, 3, 3, 3, 3, 3, 3, 3, 3, 3, 3, 3, 3, 3, 3, 3, 3, 3, 3, 3, 3, 3, 3, 3, 3, 3, 3, 3, 3, 3, 3, 3, 3, 3, 3, 3, 3, 3, 3, 3, 3, 3, 3, 3, 3, 3, 3, 3, 3, 3, 3, 3, 3, 3, 3, 3, 3, 3, 3, 3, 3, 3, 3, 3, 3, 3, 3, 3, 3, 3, 3, 3, 3, 3, 3, 3, 3, 3, 3, 3, 3, 3, 3, 3, 3, 3, 3, 3, 3, 3, 3, 3, 3, 3, 3, 3, 3, 3, 3, 3, 3, 3, 3, 3, 3, 3, 3, 3, 3, 3, 3, 3, 3, 3, 3, 3, 3, 3, 3, 3, 3, 3, 3, 3, 3, 3, 3, 3, 3, 3, 3, 3, 3, 3, 3, 3, 3, 3, 3, 3, 3, 3, 3, 3, 3, 3, 3, 3, 3, 3, 3, 3, 3, 3, 3, 3, 3, 3, 3, 3, 3, 3, 3, 3, 3, 3, 3, 3, 3, 3, 3, 3, 3, 3, 3, 3, 3, 3, 3, 3, 3, 3, 3, 3, 3, 3, 3, 3, 3, 3, 3, 3, 3, 3, 3, 3, 3, 3, 3, 3, 3, 3, 3, 3, 3, 3, 3, 3, 3, 3, 3, 3, 3, 3, 3, 3, 3, 3, 3, 3, 3, 3, 3, 3, 3, 3, 3, 3, 3, 3, 3, 3, 3, 3, 3, 3, 3, 3, 3, 3, 3, 3, 3, 3, 3, 3, 3, 3, 3, 3, 3, 3, 3, 3, 3, 3, 3, 3, 3, 3, 3, 3, 3, 3, 3, 3, 3, 3, 3, 3, 3, 3, 3, 3, 3, 3, 3, 3, 3, 3, 3, 3, 3, 3, 3, 3, 3, 3, 3, 3, 3, 3, 3, 3, 3, 3, 3, 3, 3, 3, 3, 3, 3, 3, 3, 3, 3, 3, 3, 3, 3, 3, 3, 3, 3, 3, 3, 3, 3, 3, 3, 3, 3, 3, 3, 3, 3, 3, 3, 3, 3, 3, 3, 3, 3, 3, 3, 3, 3, 3, 3, 3, 3, 3, 3, 3, 3, 3, 3, 3, 3, 3, 3, 3, 3, 3, 3, 3, 3, 3, 3, 3, 3, 3, 3, 3, 3, 3, 3, 3, 3, 3, 3, 3, 3, 3, 3, 3, 3, 3, 3, 3, 3, 3, 3, 3, 3, 3, 3, 3, 3, 3, 3, 3, 3, 3, 3, 3, 3, 3, 3, 3, 3, 3, 3, 3, 3, 3, 3, 3, 3, 3, 3, 3, 3, 3, 3, 3, 3, 3, 3, 3, 3, 3, 3, 3, 3, 3, 3, 3, 3, 3, 3, 3, 3, 3, 3, 3, 3, 3, 3, 3, 3, 3, 3, 3, 3, 3, 3, 3, 3, 3, 3, 3, 3, 3, 3, 3, 3, 3, 3, 3, 3, 3, 3, 3, 3, 3, 3, 3, 3, 3, 3, 3, 3, 3, 3, 3, 3, 3, 3, 3, 3, 3, 3, 3, 3, 3, 3, 3, 3, 3, 3, 3, 3, 3, 3, 3, 3, 3, 3, 3, 3, 3, 3, 3, 3, 3, 3, 3, 3, 3, 3, 3, 3, 3, 3, 3, 3, 3, 3, 3, 3, 3, 3, 3, 3, 3, 3, 3, 3, 3, 3, 3, 3, 3, 3, 3, 3, 3, 3, 3, 3, 3, 3, 3, 3, 3, 3, 3, 3, 3, 3, 3, 3, 3, 3, 3, 3, 3, 3, 3, 3, 3, 3, 3, 3, 3, 3, 3, 3, 3, 3, 3, 3, 3, 3, 3, 3, 3, 3, 3, 3, 3, 3, 3, 3, 3, 3, 3, 3, 3, 3, 3, 3, 3, 3, 3, 3, 3, 3, 3, 3, 3, 3, 3, 3, 3, 3, 3, 3, 3, 3, 3, 3, 3, 3, 3, 3, 3, 3, 3, 3, 3, 3, 3, 3, 3, 3, 3, 3, 3, 3, 3, 3, 3, 3, 3, 3, 3, 3, 3, 3, 3, 3, 3, 3, 3, 3, 3, 3, 3, 3, 3, 3, 3, 3, 3, 3, 3, 3, 3, 3, 3, 3, 3, 3, 3, 3, 3, 3, 3, 3, 3, 3, 3, 3, 3, 3, 3, 3, 3, 3, 3, 3, 3, 3, 3, 3, 3, 3, 3, 3, 3, 3, 3, 3, 3, 3, 3, 3, 3, 3, 3, 3, 3, 3, 3, 3, 3, 3, 3, 3, 3, 3, 3, 3, 3, 3, 3, 3, 3, 3, 3, 3, 3, 3, 3, 3, 3, 3, 3, 3, 3, 3, 3, 3, 3, 3, 3, 3, 3, 3, 3, 3, 3, 3, 3, 3, 3, 3, 3, 3, 3, 3, 3, 3, 3, 3, 3, 3, 3, 3, 3, 3, 3, 3, 3, 3, 3, 3, 3, 3, 3, 3, 3, 3, 3, 3, 3, 3, 3, 3, 3, 3, 3, 3, 3, 3, 3, 3, 3, 3, 3, 3, 3, 3, 3, 3, 3, 3, 3, 3, 3, 3, 3, 3, 3, 3, 3, 3, 3, 3, 3, 3, 3, 3, 3, 3, 3, 3, 3, 3, 3, 3, 3, 3, 3, 3, 3, 3, 3, 3, 3, 3, 3, 3, 3, 3, 3, 3, 3, 3, 3, 3, 3, 3, 3, 3, 3, 3, 3, 3, 3, 3, 3, 3, 3, 3, 3, 3, 3, 3, 3, 3, 3, 3, 3, 3, 3, 3, 3, 3, 3, 3, 3, 3, 3, 3, 3, 3, 3, 3, 3, 3, 3, 3, 3, 3, 3, 3, 3, 3, 3, 3, 3, 3, 3, 3, 3, 3, 3, 3, 3, 3, 3, 3, 3, 3, 3, 3, 3, 3, 3, 3, 3, 3, 3, 3, 3, 3, 3, 3, 3, 3, 3, 3, 3, 3, 3, 3, 3, 3, 3, 3, 3, 3, 3, 3, 3, 3, 3, 3, 3, 3, 3, 3, 3, 3, 3, 3, 3, 3, 3, 3, 3, 3, 3, 3, 3, 3, 3, 3, 3, 3, 3, 3, 3, 3, 3, 3, 3, 3, 3, 3, 3, 3, 3, 3, 3, 3, 3, 3, 3, 3, 3, 3, 3, 3, 3, 3, 3, 3, 3, 3, 3, 3, 3, 3, 3, 3, 3, 3, 3, 3, 3, 3, 3, 3, 3, 3, 3, 3, 3, 3, 3, 3, 3, 3, 3, 3, 3, 3, 3, 3, 3, 3, 3, 3, 3, 3, 3, 3, 3, 3, 3, 3, 3, 3, 3, 3, 3, 3, 3, 3, 3, 3, 3, 3, 3, 3, 3, 3, 3, 3, 3, 3, 3, 3, 3, 3, 3, 3, 3, 3, 3, 3, 3, 3, 3, 3, 3, 3, 3, 3, 3, 3, 3, 3, 3, 3, 3, 3, 3, 3, 3, 3, 3, 3, 3, 3, 3, 3, 3, 3, 3, 3, 3, 3, 3, 3, 3, 3, 3, 3, 3, 3, 3, 3, 3, 3, 3, 3, 3, 3, 3, 3, 3, 3, 3, 3, 3, 3, 3, 3, 3, 3, 3, 3, 3, 3, 3, 3, 3, 3, 3, 3, 3, 3, 3, 3, 3, 3, 3, 3, 3, 3, 3, 3, 3, 3, 3, 3, 3, 3, 3, 3, 3, 3, 3, 3, 3, 3, 3, 3, 3, 3, 3, 3, 3, 3, 3, 3, 3, 3, 3, 3, 3, 3, 3, 3, 3, 3, 3, 3, 3, 3, 3, 3, 3, 3, 3, 3, 3, 3, 3, 3, 3, 3, 3, 3, 3, 3, 3, 3, 3, 3, 3, 3, 3, 3, 3, 3, 3, 3, 3, 3, 3, 3, 3, 3, 3, 3, 3, 3, 3, 3, 3, 3, 3, 3, 3, 3, 3, 3, 3, 3, 3, 3, 3, 3, 3, 3, 3, 3, 3, 3, 3, 3, 3, 3, 3, 3, 3, 3, 3, 3, 3, 3, 3, 3, 3, 3, 3, 3, 3, 3, 3, 3, 3, 3, 3, 3, 3, 3, 3, 3, 3, 3, 3, 3, 3, 3, 3, 3, 3, 3, 3, 3, 3, 3, 3, 3, 3, 3, 3, 3, 3, 3, 3, 3, 3, 3, 3, 3, 3, 3, 3, 3, 3, 3, 3, 3, 3, 3, 3, 3, 3, 3, 3, 3, 3, 3, 3, 3, 3, 3, 3, 3, 3, 3, 3, 3, 3, 3, 3, 3, 3, 3, 3, 3, 3, 3, 3, 3, 3, 3, 3, 3, 3, 3, 3, 3, 3, 3, 3, 3, 3, 3, 3, 3, 3, 3, 3, 3, 3, 3, 3, 3, 3, 3, 3, 3, 3, 3, 3, 3, 3, 3, 3, 3, 3, 3, 3, 3, 3, 3, 3, 3, 3, 3, 3, 3, 3, 3, 3, 3, 3, 3, 3, 3, 3, 3, 3, 3, 3, 3, 3, 3, 3, 3, 3, 3, 3, 3, 3, 3, 3, 3, 3, 3, 3, 3, 3, 3, 3, 3, 3, 3, 3, 3, 3, 3, 3, 3, 3, 3, 3, 3, 3, 3, 3, 3, 3, 3, 3, 3, 3, 3, 3, 3, 3, 3, 3, 3, 3, 3, 3, 3, 3, 3, 3, 3, 3, 3, 3, 3, 3, 3, 3, 3, 3, 3, 3, 3, 3, 3, 3, 3, 3, 3, 3, 3, 3, 3, 3, 3, 3, 3, 3, 3, 3, 3, 3, 3, 3, 3, 3, 3, 3, 3, 3, 3, 3, 3, 3, 3, 3, 3, 3, 3, 3, 3, 3, 3, 3, 3, 3, 3, 3, 3, 3, 3, 3, 3, 3, 3, 3, 3, 3, 3, 3, 3, 3, 3, 3, 3, 3, 3, 3, 3, 3, 3, 3, 3, 3, 3, 3, 3, 3, 3, 3, 3, 3, 3, 3, 3, 3, 3, 3, 3, 3, 3, 3, 3, 3, 3, 3, 3, 3, 3, 3, 3, 3, 3, 3, 3, 3, 3, 3, 3, 3, 3, 3, 3, 3, 3, 3, 3, 3, 3, 3, 3, 3, 3, 3, 3, 3, 3, 3, 3, 3, 3, 3, 3, 3, 3, 3, 3, 3, 3, 3, 3, 3, 3, 3, 3, 3, 3, 3, 3, 3, 3, 3, 3, 3, 3, 3, 3, 3, 3, 3, 3, 3, 3, 3, 3, 3, 3, 3, 3, 3, 3, 3, 3, 3, 3, 3, 3, 3, 3, 3, 3, 3, 3, 3, 3, 3, 3, 3, 3, 3, 3, 3, 3, 3, 3, 3, 3, 3, 3, 3, 3, 3, 3, 3, 3, 3, 3, 3, 3, 3, 3, 3, 3, 3, 3, 3, 3, 3, 3, 3, 3, 3, 3, 3, 3, 3, 3, 3, 3, 3, 3, 3, 3, 3, 3, 3, 3, 3, 3, 3, 3, 3, 3, 3, 3, 3, 3, 3, 3, 3, 3, 3, 3, 3, 3, 3, 3, 3, 3, 3, 3, 3, 3, 3, 3, 3, 3, 3, 3, 3, 3, 3, 3, 3, 3, 3, 3, 3, 3, 3, 3, 3, 3, 3, 3, 3, 3, 3, 3, 3, 3, 3, 3, 3, 3, 3, 3, 3, 3, 3, 3, 3, 3, 3, 3, 3, 3, 3, 3, 3, 3, 3, 3, 3, 3, 3, 3, 3, 3, 3, 3, 3, 3, 3, 3, 3, 3, 3, 3, 3, 3, 3, 3, 3, 3, 3, 3, 3, 3, 3, 3, 3, 3, 3, 3, 3, 3, 3, 3, 3, 3, 3, 3, 3, 3, 3, 3, 3, 3, 3, 3, 3, 3, 3, 3, 3, 3, 3, 3, 3, 3, 3, 3, 3, 3, 3, 3, 3, 3, 3, 3, 3, 3, 3, 3, 3, 3, 3, 3, 3, 3, 3, 3, 3, 3, 3, 3, 3, 3, 3, 3, 3, 3, 3, 3, 3, 3, 3, 3, 3, 3, 3, 3, 3, 3, 3, 3, 3, 3, 3, 3, 3, 3, 3, 3, 3, 3, 3, 3, 3, 3, 3, 3, 3, 3, 3, 3, 3, 3, 3, 3, 3, 3, 3, 3, 3, 3, 3, 3, 3, 3, 3, 3, 3, 3, 3, 3, 3, 3, 3, 3, 3, 3, 3, 3, 3, 3, 3, 3, 3, 3, 3, 3, 3, 3, 3, 3, 3, 3, 3, 3, 3, 3, 3, 3, 3, 3, 3, 3, 3, 3, 3, 3, 3, 3, 3, 3, 3, 3, 3, 3, 3, 3, 3, 3, 3, 3, 3, 3, 3, 3, 3, 3, 3, 3, 3, 3, 3, 3, 3, 3, 3, 3, 3, 3, 3, 3, 3, 3, 3, 3, 3, 3, 3, 3, 3, 3, 3, 3, 3, 3, 3, 3, 3, 3, 3, 3, 3, 3, 3, 3, 3, 3, 3, 3, 3, 3, 3, 3, 3, 3, 3, 3, 3, 3, 3, 3, 3, 3, 3, 3, 3, 3, 3, 3, 3, 3, 3, 3, 3, 3, 3, 3, 3, 3, 3, 3, 3, 3, 3, 3, 3, 3, 3, 3, 3, 3, 3, 3, 3, 3, 3, 3, 3, 3, 3, 3, 3, 3, 3, 3, 3, 3, 3, 3, 3, 3, 3, 3, 3, 3, 3, 3, 3, 3, 3, 3, 3, 3, 3, 3, 3, 3, 3, 3, 3, 3, 3, 3, 3, 3, 3, 3, 3, 3, 3, 3, 3, 3, 3, 3, 3, 3, 3, 3, 3, 3, 3, 3, 3, 3, 3, 3, 3, 3, 3, 3, 3, 3, 3, 3, 3, 3, 3, 3, 3, 3, 3, 3, 3, 3, 3, 3, 3, 3, 3, 3, 3, 3, 3, 3, 3, 3, 3, 3, 3, 3, 3, 3, 3, 3, 3, 3, 3, 3, 3, 3, 3, 3, 3, 3, 3, 3, 3, 3, 3, 3, 3, 3, 3, 3, 3, 3, 3, 3, 3, 3, 3, 3, 3, 3, 3, 3, 3, 3, 3, 3, 3, 3, 3, 3, 3, 3, 3, 3, 3, 3, 3, 3, 3, 3, 3, 3, 3, 3, 3, 3, 3, 3, 3, 3, 3, 3, 3, 3, 3, 3, 3, 3, 3, 3, 3, 3, 3, 3, 3, 3, 3, 3, 3, 3, 3, 3, 3, 3, 3, 3, 3, 3, 3, 3, 3, 3, 3, 3, 3, 3, 3, 3, 3, 3, 3, 3, 3, 3, 3, 3, 3, 3, 3, 3, 3, 3, 3, 3, 3, 3, 3, 3, 3, 3, 3, 3, 3, 3, 3, 3, 3, 3, 3, 3, 3, 3, 3, 3, 3, 3, 3, 3, 3, 3, 3, 3, 3, 3, 3, 3, 3, 3, 3, 3, 3, 3, 3, 3, 3, 3, 3, 3, 3, 3, 3, 3, 3, 3, 3, 3, 3, 3, 3, 3, 3, 3, 3, 3, 3, 3, 3, 3, 3, 3, 3, 3, 3, 3, 3, 3, 3, 3, 3, 3, 3, 3, 3, 3, 3, 3, 3, 3, 3, 3, 3, 3, 3, 3, 3, 3, 3, 3, 3, 3, 3, 3, 3, 3, 3, 3, 3, 3, 3, 3, 3, 3, 3, 3, 3, 3, 3, 3, 3, 3, 3, 3, 3, 3, 3, 3, 3, 3, 3, 3, 3, 3, 3, 3, 3, 3, 3, 3, 3, 3, 3, 3, 3, 3, 3, 3, 3, 3, 3, 3, 3, 3, 3, 3, 3, 3, 3, 3, 3, 3, 3, 3, 3, 3, 3, 3, 3, 3, 3, 3, 3, 3, 3, 3, 3, 3, 3, 3, 3, 3, 3, 3, 3, 3, 3, 3, 3, 3, 3, 3, 3, 3, 3, 3, 3, 3, 3, 3, 3, 3, 3, 3, 3, 3, 3, 3, 3, 3, 3, 3, 3, 3, 3, 3, 3, 3, 3, 3, 3, 3, 3, 3, 3, 3, 3, 3, 3, 3, 3, 3, 3, 3, 3, 3, 3, 3, 3, 3, 3, 3, 3, 3, 3, 3, 3, 3, 3, 3, 3, 3, 3, 3, 3, 3, 3, 3, 3, 3, 3, 3, 3, 3, 3, 3, 3, 3, 3, 3, 3, 3, 3, 3, 3, 3, 3, 3, 3, 3, 3, 3, 3, 3, 3, 3, 3, 3, 3, 3, 3, 3, 3, 3, 3, 3, 3, 3, 3, 3, 3, 3, 3, 3, 3, 3, 3, 3, 3, 3, 3, 3, 3, 3, 3, 3, 3, 3, 3, 3, 3, 3, 3, 3, 3, 3, 3, 3, 3, 3, 3, 3, 3, 3, 3, 3, 3, 3, 3, 3, 3, 3, 3, 3, 3, 3, 3, 3, 3, 3, 3, 3, 3, 3, 3, 3, 3, 3, 3, 3, 3, 3, 3, 3, 3, 3, 3, 3, 3, 3, 3, 3, 3, 3, 3, 3, 3, 3, 3, 3, 3, 3, 3, 3, 3, 3, 3, 3, 3, 3, 3, 3, 3, 3, 3, 3, 3, 3, 3, 3, 3, 3, 3, 3, 3, 3, 3, 3, 3, 3, 3, 3, 3, 3, 3, 3, 3, 3, 3, 3, 3, 3, 3, 3, 3, 3, 3, 3, 3, 3, 3, 3, 3, 3, 3, 3, 3, 3, 3, 3, 3, 3, 3, 3, 3, 3, 3, 3, 3, 3, 3, 3, 3, 3, 3, 3, 3, 3, 3, 3, 3, 3, 3, 3, 3, 3, 3, 3, 3, 3, 3, 3, 3, 3, 3, 3, 3, 3, 3, 3, 3, 3, 3, 3, 3, 3, 3, 3, 3, 3, 3, 3, 3, 3, 3, 3, 3, 3, 3, 3, 3, 3, 3, 3, 3, 3, 3, 3, 3, 3, 3, 3, 3, 3, 3, 3, 3, 3, 3, 3, 3, 3, 3, 3, 3, 3, 3, 3, 3, 3, 3, 3, 3, 3, 3, 3, 3, 3, 3, 3, 3, 3, 3, 3, 3, 3, 3, 3, 3, 3, 3, 3, 3, 3, 3, 3, 3, 3, 3, 3, 3, 3, 3, 3, 3, 3, 3, 3, 3, 3, 3, 3, 3, 3, 3, 3, 3, 3, 3, 3, 3, 3, 3, 3, 3, 3, 3, 3, 3, 3, 3, 3, 3, 3, 3, 3, 3, 3, 3, 3, 3, 3, 3, 3, 3, 3, 3, 3, 3, 3, 3, 3, 3, 3, 3, 3, 3, 3, 3, 3, 3, 3, 3, 3, 3, 3, 3, 3, 3, 3, 3, 3, 3, 3, 3, 3, 3, 3, 3, 3, 3, 3, 3, 3, 3, 3, 3, 3, 3, 3, 3, 3, 3, 3, 3, 3, 3, 3, 3, 3, 3, 3, 3, 3, 3, 3, 3, 3, 3, 3, 3, 3, 3, 3, 3, 3, 3, 3, 3, 3, 3, 3, 3, 3, 3, 3, 3, 3, 3, 3, 3, 3, 3, 3, 3, 3, 3, 3, 3, 3, 3, 3, 3, 3, 3, 3, 3, 3, 3, 3, 3, 3, 3, 3, 3, 3, 3, 3, 3, 3, 3, 3, 3, 3, 3, 3, 3, 3, 3, 3, 3, 3, 3, 3, 3, 3, 3, 3, 3, 3, 3, 3, 3, 3, 3, 3, 3, 3, 3, 3, 3, 3, 3, 3, 3, 3, 3, 3, 3, 3, 3, 3, 3, 3, 3, 3, 3, 3, 3, 3, 3, 3, 3, 3, 3, 3, 3, 3, 3, 3, 3, 3, 3, 3, 3, 3, 3, 3, 3, 3, 3, 3, 3, 3, 3, 3, 3, 3, 3, 3, 3, 3, 3, 3, 3, 3, 3, 3, 3, 3, 3, 3, 3, 3, 3, 3, 3, 3, 3, 3, 3, 3, 3, 3, 3, 3, 3, 3, 3, 3, 3, 3, 3, 3, 3, 3, 3, 3, 3, 3, 3, 3, 3, 3, 3, 3, 3, 3, 3, 3, 3, 3, 3, 3, 3, 3, 3, 3, 3, 3, 3, 3, 3, 3, 3, 3, 3, 3, 3, 3, 3, 3, 3, 3, 3, 3, 3, 3, 3, 3, 3, 3, 3, 3, 3, 3, 3, 3, 3, 3, 3, 3, 3, 3, 3, 3, 3, 3, 3, 3, 3, 3, 3, 3, 3, 3, 3, 3, 3, 3, 3, 3, 3, 3, 3, 3, 3, 3, 3, 3, 3, 3, 3, 3, 3, 3, 3, 3, 3, 3, 3, 3, 3, 3, 3, 3, 3, 3, 3, 3, 3, 3, 3, 3, 3, 3, 3, 3, 3, 3, 3, 3, 3, 3, 3, 3, 3, 3, 3, 3, 3, 3, 3, 3, 3, 3, 3, 3, 3, 3, 3, 3, 3, 3, 3, 3, 3, 3, 3, 3, 3, 3, 3, 3, 3, 3, 3, 3, 3, 3, 3, 3, 3, 3, 3, 3, 3, 3, 3, 3, 3, 3, 3, 3, 3, 3, 3, 3, 3, 3, 3, 3, 3, 3, 3, 3, 3, 3, 3, 3, 3, 3, 3, 3, 3, 3, 3, 3, 3, 3, 3, 3, 3, 3, 3, 3, 3, 3, 3, 3, 3, 3, 3, 3, 3, 3, 3, 3, 3, 3, 3, 3, 3, 3, 3, 3, 3, 3, 3, 3, 3, 3, 3, 3, 3, 3, 3, 3, 3, 3, 3, 3, 3, 3, 3, 3, 3, 3, 3, 3, 3, 3, 3, 3, 3, 3, 3, 3, 3, 3, 3, 3, 3, 3, 3, 3, 3, 3, 3, 3, 3, 3, 3, 3, 3, 3, 3, 3, 3, 3, 3, 3, 3, 3, 3, 3, 3, 3, 3, 3, 3, 3, 3, 3, 3, 3, 3, 3, 3, 3, 3, 3, 3, 3, 3, 3, 3, 3, 3, 3, 3, 3, 3, 3, 3, 3, 3, 3, 3, 3, 3, 3, 3, 3, 3, 3, 3, 3, 3, 3, 3, 3, 3, 3, 3, 3, 3, 3, 3, 3, 3, 3, 3, 3, 3, 3, 3, 3, 3, 3, 3, 3, 3, 3, 3, 3, 3, 3, 3, 3, 3, 3, 3, 3, 3, 3, 3, 3, 3, 3, 3, 3, 3, 3, 3, 3, 3, 3, 3, 3, 3, 3, 3, 3, 3, 3, 3, 3, 3, 3, 3, 3, 3, 3, 3, 3, 3, 3, 3, 3, 3, 3, 3, 3, 3, 3, 3, 3, 3, 3, 3, 3, 3, 3, 3, 3, 3, 3, 3, 3, 3, 3, 3, 3, 3, 3, 3, 3, 3, 3, 3, 3, 3, 3, 3, 3, 3, 3, 3, 3, 3, 3, 3, 3, 3, 3, 3, 3, 3, 3, 3, 3, 3, 3, 3, 3, 3, 3, 3, 3, 3, 3, 3, 3, 3, 3, 3, 3, 3, 3, 3, 3, 3, 3, 3, 3, 3, 3, 3, 3, 3, 3, 3, 3, 3, 3, 3, 3, 3, 3, 3, 3, 3, 3, 3, 3, 3, 3, 3, 3, 3, 3, 3, 3, 3, 3, 3, 3, 3, 3, 3, 3, 3, 3, 3, 3, 3, 3, 3, 3, 3, 3, 3, 3, 3, 3, 3, 3, 3, 3, 3, 3, 3, 3, 3, 3, 3, 3, 3, 3, 3, 3, 3, 3, 3, 3, 3, 3, 3, 3, 3, 3, 3, 3, 3, 3, 3, 3, 3, 3, 3, 3, 3, 3, 3, 3, 3, 3, 3, 3, 3, 3, 3, 3, 3, 3, 3, 3, 3, 3, 3, 3, 3, 3, 3, 3, 3, 3, 3, 3, 3, 3, 3, 3, 3, 3, 3, 3, 3, 3, 3, 3, 3, 3, 3, 3, 3, 3, 3, 3, 3, 3, 3, 3, 3, 3, 3, 3, 3, 3, 3, 3, 3, 3, 3, 3, 3, 3, 3, 3, 3, 3, 3, 3, 3, 3, 3, 3, 3, 3, 3, 3, 3, 3, 3, 3, 3, 3, 3, 3, 3, 3, 3, 3, 3, 3, 3, 3, 3, 3, 3, 3, 3, 3, 3, 3, 3, 3, 3, 3, 3, 3, 3, 3, 3, 3, 3, 3, 3, 3, 3, 3, 3, 3, 3, 3, 3, 3, 3, 3, 3, 3, 3, 3, 3, 3, 3, 3, 3, 3, 3, 3, 3, 3, 3, 3, 3, 3, 3, 3, 3, 3, 3, 3, 3, 3, 3, 3, 3, 3, 3, 3, 3, 3, 3, 3, 3, 3, 3, 3, 3, 3, 3, 3, 3, 3, 3, 3, 3, 3, 3, 3, 3, 3, 3, 3, 3, 3, 3, 3, 3, 3, 3, 3, 3, 3, 3, 3, 3, 3, 3, 3, 3, 3, 3, 3, 3, 3, 3, 3, 3, 3, 3, 3, 3, 3, 3, 3, 3, 3, 3, 3, 3, 3, 3, 3, 3, 3, 3, 3, 3, 3, 3, 3, 3, 3, 3, 3, 3, 3, 3, 3, 3, 3, 3, 3, 3, 3, 3, 3, 3, 3, 3, 3, 3, 3, 3, 3, 3, 3, 3, 3, 3, 3, 3, 3, 3, 3, 3, 3, 3, 3, 3, 3, 3, 3, 3, 3, 3, 3, 3, 3, 3, 3, 3, 3, 3, 3, 3, 3, 3, 3, 3, 3, 3, 3, 3, 3, 3, 3, 3, 3, 3, 3, 3, 3, 3, 3, 3, 3, 3, 3, 3, 3, 3, 3, 3, 3, 3, 3, 3, 3, 3, 3, 3, 3, 3, 3, 3, 3, 3, 3, 3, 3, 3, 3, 3, 3, 3, 3, 3, 3, 3, 3, 3, 3, 3, 3, 3, 3, 3, 3, 3, 3, 3, 3, 3, 3, 3, 3, 3, 3, 3, 3, 3, 3, 3, 3, 3, 3, 3, 3, 3, 3, 3, 3, 3, 3, 3, 3, 3, 3, 3, 3, 3, 3, 3, 3, 3, 3, 3, 3, 3, 3, 3, 3, 3, 3, 3, 3, 3, 3, 3, 3, 3, 3, 3, 3, 3, 3, 3, 3, 3, 3, 3, 3, 3, 3, 3, 3, 3, 3, 3, 3, 3, 3, 3, 3, 3, 3, 3, 3, 3, 3, 3, 3, 3, 3, 3, 3, 3, 3, 3, 3, 3, 3, 3, 3, 3, 3, 3, 3, 3, 3, 3, 3, 3, 3, 3, 3, 3, 3, 3, 3, 3, 3, 3, 3, 3, 3, 3, 3, 3, 3, 3, 3, 3, 3, 3, 3, 3, 3, 3, 3, 3, 3, 3, 3, 3, 3, 3, 3, 3, 3, 3, 3, 3, 3, 3, 3, 3, 3, 3, 3, 3, 3, 3, 3, 3, 3, 3, 3, 3, 3, 3, 3, 3, 3, 3, 3, 3, 3, 3, 3, 3, 3, 3, 3, 3, 3, 3, 3, 3, 3, 3, 3, 3, 3, 3, 3, 3, 3, 3, 3, 3, 3, 3, 3, 3, 3, 3, 3, 3, 3, 3, 3, 3, 3, 3, 3, 3, 3, 3, 3, 3, 3, 3, 3, 3, 3, 3, 3, 3, 3, 3, 3, 3, 3, 3, 3, 3, 3, 3, 3, 3, 3, 3, 3, 3, 3, 3, 3, 3]
        int[] faceVertexIndices = [2, 1, 0, 2, 3, 1, 4, 3, 2, 4, 5, 3, 6, 5, 4, 6, 7, 5, 8, 7, 6, 8, 9, 7, 10, 9, 8, 10, 11, 9, 12, 11, 10, 12, 13, 11, 14, 13, 12, 14, 15, 13, 16, 15, 14, 16, 17, 15, 18, 17, 16, 18, 19, 17, 5, 7, 20, 5, 20, 21, 3, 5, 21, 3, 21, 22, 1, 3, 22, 1, 22, 23, 23, 24, 1, 0, 1, 24, 0, 24, 25, 25, 24, 26, 25, 26, 27, 27, 26, 28, 27, 28, 29, 29, 28, 30, 29, 30, 31, 31, 30, 32, 31, 32, 33, 33, 32, 34, 33, 34, 35, 35, 34, 36, 35, 36, 37, 37, 36, 38, 37, 38, 39, 39, 38, 40, 39, 40, 41, 41, 40, 42, 41, 42, 43, 43, 42, 44, 43, 44, 45, 45, 44, 46, 45, 46, 47, 47, 46, 48, 47, 48, 49, 49, 48, 50, 49, 50, 51, 51, 50, 52, 51, 52, 53, 53, 52, 54, 53, 54, 55, 55, 54, 56, 55, 56, 57, 57, 56, 58, 57, 58, 59, 59, 58, 60, 59, 60, 61, 61, 60, 62, 61, 62, 63, 63, 62, 64, 63, 64, 65, 65, 64, 66, 65, 66, 67, 67, 66, 68, 67, 68, 69, 69, 68, 70, 69, 70, 71, 71, 70, 72, 71, 72, 73, 73, 72, 74, 73, 74, 75, 75, 74, 76, 75, 76, 77, 77, 76, 78, 77, 78, 79, 79, 78, 80, 79, 80, 81, 81, 80, 82, 81, 82, 83, 83, 82, 84, 83, 84, 85, 84, 82, 86, 84, 86, 87, 87, 86, 88, 87, 88, 89, 89, 88, 90, 89, 90, 91, 91, 90, 92, 91, 92, 93, 93, 92, 94, 93, 94, 95, 95, 94, 96, 95, 96, 97, 97, 96, 98, 97, 98, 99, 99, 98, 100, 99, 100, 101, 101, 100, 102, 101, 102, 103, 100, 104, 102, 100, 105, 104, 98, 105, 100, 98, 106, 105, 96, 106, 98, 96, 107, 106, 94, 107, 96, 94, 108, 107, 92, 108, 94, 92, 109, 108, 90, 109, 92, 90, 110, 109, 88, 110, 90, 88, 111, 110, 86, 111, 88, 86, 112, 111, 82, 112, 86, 82, 80, 112, 105, 113, 104, 105, 114, 113, 106, 114, 105, 106, 115, 114, 107, 115, 106, 107, 116, 115, 108, 116, 107, 108, 117, 116, 109, 117, 108, 109, 118, 117, 110, 118, 109, 110, 119, 118, 111, 119, 110, 111, 120, 119, 112, 120, 111, 112, 121, 120, 80, 121, 112, 80, 78, 121, 114, 122, 113, 114, 123, 122, 115, 123, 114, 115, 124, 123, 116, 124, 115, 116, 125, 124, 117, 125, 116, 117, 126, 125, 118, 126, 117, 118, 127, 126, 119, 127, 118, 119, 128, 127, 120, 128, 119, 120, 129, 128, 121, 129, 120, 121, 130, 129, 78, 130, 121, 78, 76, 130, 123, 131, 122, 123, 132, 131, 124, 132, 123, 124, 133, 132, 125, 133, 124, 125, 134, 133, 126, 134, 125, 126, 135, 134, 127, 135, 126, 127, 136, 135, 128, 136, 127, 128, 137, 136, 129, 137, 128, 129, 138, 137, 130, 138, 129, 130, 139, 138, 76, 139, 130, 76, 74, 139, 132, 140, 131, 132, 141, 140, 133, 141, 132, 133, 142, 141, 134, 142, 133, 134, 143, 142, 135, 143, 134, 135, 144, 143, 136, 144, 135, 136, 145, 144, 137, 145, 136, 137, 146, 145, 138, 146, 137, 138, 147, 146, 139, 147, 138, 139, 148, 147, 74, 148, 139, 74, 72, 148, 141, 149, 140, 141, 150, 149, 142, 150, 141, 142, 151, 150, 143, 151, 142, 143, 152, 151, 144, 152, 143, 144, 153, 152, 145, 153, 144, 145, 154, 153, 146, 154, 145, 146, 155, 154, 147, 155, 146, 147, 156, 155, 148, 156, 147, 148, 157, 156, 72, 157, 148, 72, 70, 157, 150, 158, 149, 150, 159, 158, 151, 159, 150, 151, 160, 159, 152, 160, 151, 152, 161, 160, 153, 161, 152, 153, 162, 161, 154, 162, 153, 154, 163, 162, 155, 163, 154, 155, 164, 163, 156, 164, 155, 156, 165, 164, 157, 165, 156, 157, 166, 165, 70, 166, 157, 70, 68, 166, 159, 167, 158, 159, 168, 167, 160, 168, 159, 160, 169, 168, 161, 169, 160, 161, 170, 169, 162, 170, 161, 162, 171, 170, 163, 171, 162, 163, 172, 171, 164, 172, 163, 164, 173, 172, 165, 173, 164, 165, 174, 173, 166, 174, 165, 166, 175, 174, 68, 175, 166, 68, 66, 175, 168, 176, 167, 168, 177, 176, 169, 177, 168, 169, 178, 177, 170, 178, 169, 170, 179, 178, 171, 179, 170, 171, 180, 179, 172, 180, 171, 172, 181, 180, 173, 181, 172, 173, 182, 181, 174, 182, 173, 174, 183, 182, 175, 183, 174, 175, 184, 183, 66, 184, 175, 66, 64, 184, 177, 185, 176, 177, 186, 185, 178, 186, 177, 178, 187, 186, 179, 187, 178, 179, 188, 187, 180, 188, 179, 180, 189, 188, 181, 189, 180, 181, 190, 189, 182, 190, 181, 182, 191, 190, 183, 191, 182, 183, 192, 191, 184, 192, 183, 184, 193, 192, 64, 193, 184, 64, 62, 193, 186, 194, 185, 186, 195, 194, 187, 195, 186, 187, 196, 195, 188, 196, 187, 188, 197, 196, 189, 197, 188, 189, 198, 197, 190, 198, 189, 190, 199, 198, 191, 199, 190, 191, 200, 199, 192, 200, 191, 192, 201, 200, 193, 201, 192, 193, 202, 201, 62, 202, 193, 62, 60, 202, 195, 203, 194, 195, 204, 203, 196, 204, 195, 196, 205, 204, 197, 205, 196, 197, 206, 205, 198, 206, 197, 198, 207, 206, 199, 207, 198, 199, 208, 207, 200, 208, 199, 200, 209, 208, 201, 209, 200, 201, 210, 209, 202, 210, 201, 202, 211, 210, 60, 211, 202, 60, 58, 211, 204, 212, 203, 204, 213, 212, 205, 213, 204, 205, 214, 213, 206, 214, 205, 206, 215, 214, 207, 215, 206, 207, 216, 215, 208, 216, 207, 208, 217, 216, 209, 217, 208, 209, 218, 217, 210, 218, 209, 210, 219, 218, 211, 219, 210, 211, 220, 219, 58, 220, 211, 58, 56, 220, 213, 221, 212, 213, 222, 221, 214, 222, 213, 214, 223, 222, 215, 223, 214, 215, 224, 223, 216, 224, 215, 216, 225, 224, 217, 225, 216, 217, 226, 225, 218, 226, 217, 218, 227, 226, 219, 227, 218, 219, 228, 227, 220, 228, 219, 220, 229, 228, 56, 229, 220, 56, 54, 229, 222, 230, 221, 222, 231, 230, 223, 231, 222, 223, 232, 231, 224, 232, 223, 224, 233, 232, 225, 233, 224, 225, 234, 233, 226, 234, 225, 226, 235, 234, 227, 235, 226, 227, 236, 235, 228, 236, 227, 228, 237, 236, 229, 237, 228, 229, 238, 237, 54, 238, 229, 54, 52, 238, 231, 239, 230, 231, 240, 239, 232, 240, 231, 232, 241, 240, 233, 241, 232, 233, 242, 241, 234, 242, 233, 234, 243, 242, 235, 243, 234, 235, 244, 243, 236, 244, 235, 236, 245, 244, 237, 245, 236, 237, 246, 245, 238, 246, 237, 238, 247, 246, 52, 247, 238, 52, 50, 247, 240, 248, 239, 240, 249, 248, 241, 249, 240, 241, 250, 249, 242, 250, 241, 242, 251, 250, 243, 251, 242, 243, 252, 251, 244, 252, 243, 244, 253, 252, 245, 253, 244, 245, 254, 253, 246, 254, 245, 246, 255, 254, 247, 255, 246, 247, 256, 255, 50, 256, 247, 50, 48, 256, 249, 257, 248, 249, 258, 257, 250, 258, 249, 250, 259, 258, 251, 259, 250, 251, 260, 259, 252, 260, 251, 252, 261, 260, 253, 261, 252, 253, 262, 261, 254, 262, 253, 254, 263, 262, 255, 263, 254, 255, 264, 263, 256, 264, 255, 256, 265, 264, 48, 265, 256, 48, 46, 265, 258, 266, 257, 258, 267, 266, 259, 267, 258, 259, 268, 267, 260, 268, 259, 260, 269, 268, 261, 269, 260, 261, 270, 269, 262, 270, 261, 262, 271, 270, 263, 271, 262, 263, 272, 271, 264, 272, 263, 264, 273, 272, 265, 273, 264, 265, 274, 273, 46, 274, 265, 46, 44, 274, 267, 275, 266, 267, 276, 275, 268, 276, 267, 268, 277, 276, 269, 277, 268, 269, 278, 277, 270, 278, 269, 270, 279, 278, 271, 279, 270, 271, 280, 279, 272, 280, 271, 272, 281, 280, 273, 281, 272, 273, 282, 281, 274, 282, 273, 274, 283, 282, 44, 283, 274, 44, 42, 283, 276, 284, 275, 276, 285, 284, 277, 285, 276, 277, 286, 285, 278, 286, 277, 278, 287, 286, 279, 287, 278, 279, 288, 287, 280, 288, 279, 280, 289, 288, 281, 289, 280, 281, 290, 289, 282, 290, 281, 282, 291, 290, 283, 291, 282, 283, 292, 291, 42, 292, 283, 42, 40, 292, 285, 293, 284, 285, 294, 293, 286, 294, 285, 286, 295, 294, 287, 295, 286, 287, 296, 295, 288, 296, 287, 288, 297, 296, 289, 297, 288, 289, 298, 297, 290, 298, 289, 290, 299, 298, 291, 299, 290, 291, 300, 299, 292, 300, 291, 292, 301, 300, 40, 301, 292, 40, 38, 301, 294, 302, 293, 294, 303, 302, 295, 303, 294, 295, 304, 303, 296, 304, 295, 296, 305, 304, 297, 305, 296, 297, 306, 305, 298, 306, 297, 298, 307, 306, 299, 307, 298, 299, 308, 307, 300, 308, 299, 300, 309, 308, 301, 309, 300, 301, 310, 309, 38, 310, 301, 38, 36, 310, 303, 311, 302, 303, 312, 311, 304, 312, 303, 304, 313, 312, 305, 313, 304, 305, 314, 313, 306, 314, 305, 306, 315, 314, 307, 315, 306, 307, 316, 315, 308, 316, 307, 308, 317, 316, 309, 317, 308, 309, 318, 317, 310, 318, 309, 310, 319, 318, 36, 319, 310, 36, 34, 319, 312, 320, 311, 312, 321, 320, 313, 321, 312, 313, 322, 321, 314, 322, 313, 314, 323, 322, 315, 323, 314, 315, 324, 323, 316, 324, 315, 316, 325, 324, 317, 325, 316, 317, 326, 325, 318, 326, 317, 318, 327, 326, 319, 327, 318, 319, 328, 327, 34, 328, 319, 34, 32, 328, 321, 329, 320, 321, 330, 329, 322, 330, 321, 322, 331, 330, 323, 331, 322, 323, 332, 331, 324, 332, 323, 324, 333, 332, 325, 333, 324, 325, 334, 333, 326, 334, 325, 326, 335, 334, 327, 335, 326, 327, 336, 335, 328, 336, 327, 328, 337, 336, 32, 337, 328, 32, 30, 337, 330, 338, 329, 330, 339, 338, 331, 339, 330, 331, 340, 339, 332, 340, 331, 332, 341, 340, 333, 341, 332, 333, 342, 341, 334, 342, 333, 334, 343, 342, 335, 343, 334, 335, 344, 343, 336, 344, 335, 336, 345, 344, 337, 345, 336, 337, 346, 345, 30, 346, 337, 30, 28, 346, 339, 347, 338, 339, 348, 347, 340, 348, 339, 340, 349, 348, 341, 349, 340, 341, 350, 349, 342, 350, 341, 342, 351, 350, 343, 351, 342, 343, 352, 351, 344, 352, 343, 344, 353, 352, 345, 353, 344, 345, 354, 353, 346, 354, 345, 346, 355, 354, 28, 355, 346, 28, 26, 355, 348, 356, 347, 348, 357, 356, 349, 357, 348, 358, 356, 357, 358, 357, 359, 359, 357, 360, 349, 360, 357, 350, 360, 349, 359, 360, 361, 361, 360, 362, 350, 362, 360, 351, 362, 350, 361, 362, 363, 363, 362, 364, 351, 364, 362, 352, 364, 351, 363, 364, 365, 365, 364, 366, 352, 366, 364, 353, 366, 352, 365, 366, 367, 367, 366, 368, 367, 368, 369, 369, 368, 370, 369, 370, 371, 371, 370, 372, 371, 372, 23, 23, 372, 24, 361, 373, 359, 361, 374, 373, 363, 374, 361, 363, 375, 374, 365, 375, 363, 365, 376, 375, 367, 376, 365, 367, 377, 376, 369, 377, 367, 369, 378, 377, 371, 378, 369, 371, 379, 378, 23, 379, 371, 23, 22, 379, 374, 380, 373, 373, 380, 381, 373, 381, 382, 359, 373, 382, 359, 382, 358, 374, 383, 380, 375, 383, 374, 375, 384, 383, 376, 384, 375, 376, 385, 384, 377, 385, 376, 377, 386, 385, 378, 386, 377, 378, 387, 386, 379, 387, 378, 379, 388, 387, 22, 388, 379, 22, 21, 388, 380, 389, 381, 380, 390, 389, 383, 390, 380, 383, 391, 390, 384, 391, 383, 384, 392, 391, 385, 392, 384, 385, 393, 392, 386, 393, 385, 386, 394, 393, 387, 394, 386, 387, 395, 394, 388, 395, 387, 388, 396, 395, 21, 396, 388, 21, 20, 396, 390, 397, 389, 390, 398, 397, 391, 398, 390, 391, 399, 398, 392, 399, 391, 392, 400, 399, 393, 400, 392, 393, 401, 400, 394, 401, 393, 394, 402, 401, 395, 402, 394, 395, 403, 402, 396, 403, 395, 396, 404, 403, 20, 404, 396, 20, 405, 404, 7, 405, 20, 7, 9, 405, 398, 406, 397, 398, 407, 406, 399, 407, 398, 399, 408, 407, 400, 408, 399, 400, 409, 408, 401, 409, 400, 401, 410, 409, 402, 410, 401, 402, 411, 410, 403, 411, 402, 403, 412, 411, 404, 412, 403, 404, 413, 412, 405, 413, 404, 405, 414, 413, 9, 414, 405, 9, 11, 414, 407, 415, 406, 407, 416, 415, 408, 416, 407, 408, 417, 416, 409, 417, 408, 409, 418, 417, 410, 418, 409, 410, 419, 418, 411, 419, 410, 411, 420, 419, 412, 420, 411, 412, 421, 420, 413, 421, 412, 413, 422, 421, 414, 422, 413, 414, 423, 422, 11, 423, 414, 11, 13, 423, 416, 424, 415, 416, 425, 424, 417, 425, 416, 417, 426, 425, 418, 426, 417, 418, 427, 426, 419, 427, 418, 419, 428, 427, 420, 428, 419, 420, 429, 428, 421, 429, 420, 421, 430, 429, 422, 430, 421, 422, 431, 430, 423, 431, 422, 423, 432, 431, 13, 432, 423, 13, 15, 432, 425, 433, 424, 425, 434, 433, 426, 434, 425, 426, 435, 434, 427, 435, 426, 427, 436, 435, 428, 436, 427, 428, 437, 436, 429, 437, 428, 429, 438, 437, 430, 438, 429, 430, 439, 438, 431, 439, 430, 431, 440, 439, 432, 440, 431, 432, 441, 440, 15, 441, 432, 15, 17, 441, 434, 442, 433, 434, 443, 442, 435, 443, 434, 435, 444, 443, 436, 444, 435, 436, 445, 444, 437, 445, 436, 437, 446, 445, 438, 446, 437, 438, 447, 446, 439, 447, 438, 439, 448, 447, 440, 448, 439, 440, 449, 448, 441, 449, 440, 441, 450, 449, 17, 450, 441, 17, 19, 450, 442, 451, 433, 433, 451, 452, 433, 452, 424, 424, 452, 453, 424, 453, 415, 415, 453, 454, 415, 454, 406, 406, 454, 455, 406, 455, 397, 397, 455, 456, 397, 456, 389, 389, 456, 457, 389, 457, 381, 381, 457, 458, 381, 458, 382, 382, 458, 459, 382, 459, 358, 358, 459, 460, 358, 460, 356, 356, 460, 461, 356, 461, 347, 347, 461, 462, 347, 462, 338, 338, 462, 463, 338, 463, 329, 329, 463, 464, 329, 464, 320, 320, 464, 465, 320, 465, 311, 311, 465, 466, 311, 466, 302, 302, 466, 467, 302, 467, 293, 293, 467, 468, 293, 468, 284, 284, 468, 469, 284, 469, 275, 275, 469, 470, 275, 470, 266, 266, 470, 471, 266, 471, 257, 257, 471, 472, 257, 472, 248, 248, 472, 473, 248, 473, 239, 239, 473, 474, 239, 474, 230, 230, 474, 475, 230, 475, 221, 221, 475, 476, 221, 476, 212, 212, 476, 477, 212, 477, 203, 203, 477, 478, 203, 478, 194, 194, 478, 479, 194, 479, 185, 185, 479, 480, 185, 480, 176, 176, 480, 481, 176, 481, 167, 167, 481, 482, 167, 482, 158, 158, 482, 483, 158, 483, 149, 149, 483, 484, 149, 484, 140, 140, 484, 485, 140, 485, 131, 131, 485, 486, 131, 486, 122, 122, 486, 487, 122, 487, 113, 113, 487, 488, 113, 488, 104, 104, 488, 489, 104, 489, 102, 102, 489, 490, 102, 490, 103, 490, 489, 491, 490, 491, 492, 492, 491, 493, 492, 493, 494, 494, 493, 495, 494, 495, 496, 495, 497, 496, 495, 498, 497, 499, 498, 495, 493, 499, 495, 499, 500, 498, 501, 500, 499, 501, 502, 500, 503, 502, 501, 503, 504, 502, 505, 504, 503, 505, 506, 504, 507, 506, 505, 507, 508, 506, 509, 508, 507, 509, 510, 508, 511, 510, 509, 511, 512, 510, 513, 512, 511, 513, 514, 512, 515, 514, 513, 515, 516, 514, 517, 516, 515, 517, 518, 516, 519, 518, 517, 519, 520, 518, 521, 520, 519, 521, 522, 520, 523, 522, 521, 523, 524, 522, 525, 524, 523, 525, 526, 524, 527, 526, 525, 527, 528, 526, 529, 528, 527, 529, 530, 528, 531, 530, 529, 531, 532, 530, 533, 532, 531, 533, 534, 532, 535, 534, 533, 535, 536, 534, 537, 536, 535, 537, 538, 536, 539, 538, 537, 539, 540, 538, 541, 540, 539, 541, 542, 540, 543, 542, 541, 543, 544, 542, 545, 544, 543, 545, 546, 544, 547, 546, 545, 547, 548, 546, 549, 548, 547, 549, 550, 548, 551, 550, 549, 551, 552, 550, 553, 552, 551, 553, 554, 552, 555, 554, 553, 555, 556, 554, 557, 556, 555, 557, 558, 556, 559, 558, 557, 559, 560, 558, 561, 560, 559, 561, 562, 560, 563, 562, 561, 563, 564, 562, 565, 564, 563, 565, 566, 564, 567, 566, 565, 567, 568, 566, 569, 568, 567, 569, 570, 568, 571, 570, 569, 571, 572, 570, 573, 572, 571, 573, 574, 572, 575, 574, 573, 575, 576, 574, 577, 563, 561, 577, 578, 563, 578, 565, 563, 579, 578, 577, 580, 579, 577, 458, 579, 580, 459, 458, 580, 459, 580, 581, 581, 580, 582, 580, 577, 582, 581, 582, 583, 583, 582, 559, 583, 559, 557, 458, 457, 579, 582, 561, 559, 582, 577, 561, 457, 584, 579, 579, 584, 578, 457, 456, 584, 456, 585, 584, 456, 455, 585, 584, 586, 578, 584, 585, 586, 455, 587, 585, 455, 454, 587, 585, 588, 586, 585, 587, 588, 586, 588, 567, 586, 567, 565, 578, 586, 565, 454, 589, 587, 454, 453, 589, 588, 569, 567, 588, 590, 569, 587, 590, 588, 587, 589, 590, 453, 591, 589, 453, 452, 591, 590, 571, 569, 590, 592, 571, 589, 592, 590, 589, 591, 592, 452, 593, 591, 452, 451, 593, 592, 573, 571, 592, 594, 573, 591, 594, 592, 591, 593, 594, 451, 595, 593, 451, 596, 595, 442, 596, 451, 594, 575, 573, 594, 597, 575, 593, 597, 594, 593, 595, 597, 353, 368, 366, 354, 368, 353, 354, 370, 368, 355, 370, 354, 355, 372, 370, 26, 372, 355, 26, 24, 372, 489, 598, 491, 489, 488, 598, 491, 598, 599, 491, 599, 493, 493, 599, 499, 488, 600, 598, 488, 487, 600, 599, 501, 499, 599, 601, 501, 598, 601, 599, 598, 600, 601, 487, 602, 600, 487, 486, 602, 601, 503, 501, 601, 603, 503, 600, 603, 601, 600, 602, 603, 486, 604, 602, 486, 485, 604, 603, 505, 503, 603, 605, 505, 602, 605, 603, 602, 604, 605, 485, 606, 604, 485, 484, 606, 605, 507, 505, 605, 607, 507, 604, 607, 605, 604, 606, 607, 484, 608, 606, 484, 483, 608, 607, 509, 507, 607, 609, 509, 606, 609, 607, 606, 608, 609, 483, 610, 608, 483, 482, 610, 609, 511, 509, 609, 611, 511, 608, 611, 609, 608, 610, 611, 482, 612, 610, 482, 481, 612, 611, 513, 511, 611, 613, 513, 610, 613, 611, 610, 612, 613, 481, 614, 612, 481, 480, 614, 613, 515, 513, 613, 615, 515, 612, 615, 613, 612, 614, 615, 480, 616, 614, 480, 479, 616, 615, 517, 515, 615, 617, 517, 614, 617, 615, 614, 616, 617, 479, 618, 616, 479, 478, 618, 617, 519, 517, 617, 619, 519, 616, 619, 617, 616, 618, 619, 478, 620, 618, 478, 477, 620, 619, 521, 519, 619, 621, 521, 618, 621, 619, 618, 620, 621, 477, 622, 620, 477, 476, 622, 621, 523, 521, 621, 623, 523, 620, 623, 621, 620, 622, 623, 476, 624, 622, 476, 475, 624, 623, 525, 523, 623, 625, 525, 622, 625, 623, 622, 624, 625, 475, 626, 624, 475, 474, 626, 625, 527, 525, 625, 627, 527, 624, 627, 625, 624, 626, 627, 474, 628, 626, 474, 473, 628, 627, 529, 527, 627, 629, 529, 626, 629, 627, 626, 628, 629, 473, 630, 628, 473, 472, 630, 629, 531, 529, 629, 631, 531, 628, 631, 629, 628, 630, 631, 472, 632, 630, 472, 471, 632, 631, 533, 531, 631, 633, 533, 630, 633, 631, 630, 632, 633, 471, 634, 632, 471, 470, 634, 633, 535, 533, 633, 635, 535, 632, 635, 633, 632, 634, 635, 470, 636, 634, 470, 469, 636, 635, 537, 535, 635, 637, 537, 634, 637, 635, 634, 636, 637, 469, 638, 636, 469, 468, 638, 637, 539, 537, 637, 639, 539, 636, 639, 637, 636, 638, 639, 468, 640, 638, 468, 467, 640, 639, 541, 539, 639, 641, 541, 638, 641, 639, 638, 640, 641, 467, 642, 640, 467, 466, 642, 641, 543, 541, 641, 643, 543, 640, 643, 641, 640, 642, 643, 466, 644, 642, 466, 465, 644, 643, 545, 543, 643, 645, 545, 642, 645, 643, 642, 644, 645, 465, 646, 644, 465, 464, 646, 645, 547, 545, 645, 647, 547, 644, 647, 645, 644, 646, 647, 464, 648, 646, 464, 463, 648, 647, 549, 547, 647, 649, 549, 646, 649, 647, 646, 648, 649, 463, 650, 648, 463, 462, 650, 649, 551, 549, 649, 651, 551, 648, 651, 649, 648, 650, 651, 462, 652, 650, 462, 461, 652, 651, 553, 551, 651, 653, 553, 650, 653, 651, 650, 652, 653, 461, 654, 652, 461, 460, 654, 653, 555, 553, 653, 655, 555, 652, 655, 653, 652, 654, 655, 581, 654, 460, 581, 460, 459, 583, 654, 581, 583, 655, 654, 557, 655, 583, 557, 555, 655, 658, 657, 656, 659, 657, 658, 660, 657, 659, 661, 657, 660, 662, 657, 661, 663, 657, 662, 664, 657, 663, 665, 657, 664, 666, 657, 665, 667, 657, 666, 668, 657, 667, 669, 657, 668, 670, 657, 669, 671, 657, 670, 672, 657, 671, 673, 657, 672, 674, 659, 658, 674, 675, 659, 676, 675, 674, 677, 676, 674, 677, 674, 678, 678, 679, 677, 678, 680, 679, 656, 680, 678, 656, 681, 680, 656, 657, 681, 682, 657, 673, 683, 657, 682, 684, 657, 683, 685, 657, 684, 686, 657, 685, 687, 657, 686, 688, 657, 687, 689, 657, 688, 690, 657, 689, 691, 657, 690, 692, 657, 691, 693, 657, 692, 694, 657, 693, 695, 657, 694, 696, 657, 695, 697, 657, 696, 698, 683, 682, 698, 699, 683, 700, 699, 698, 701, 700, 698, 701, 698, 702, 703, 701, 702, 703, 702, 704, 705, 703, 704, 705, 704, 706, 707, 705, 706, 707, 706, 708, 709, 707, 708, 709, 708, 710, 711, 709, 710, 711, 710, 712, 713, 711, 712, 713, 712, 714, 715, 713, 714, 715, 714, 716, 717, 715, 716, 717, 716, 718, 719, 717, 718, 719, 718, 720, 721, 719, 720, 721, 720, 722, 723, 721, 722, 723, 722, 724, 725, 723, 724, 725, 724, 726, 727, 725, 726, 727, 726, 728, 729, 727, 728, 729, 728, 675, 676, 729, 675, 730, 729, 676, 731, 730, 676, 731, 676, 677, 677, 732, 731, 677, 679, 732, 731, 732, 733, 731, 733, 734, 734, 730, 731, 734, 733, 735, 734, 735, 736, 734, 737, 730, 736, 737, 734, 736, 738, 737, 730, 739, 729, 737, 739, 730, 737, 740, 739, 738, 740, 737, 738, 741, 740, 740, 742, 739, 739, 742, 727, 739, 727, 729, 740, 743, 742, 741, 743, 740, 741, 744, 743, 742, 725, 727, 742, 745, 725, 743, 745, 742, 743, 746, 745, 744, 746, 743, 744, 747, 746, 745, 723, 725, 745, 748, 723, 746, 748, 745, 746, 749, 748, 747, 749, 746, 747, 750, 749, 748, 721, 723, 748, 751, 721, 749, 751, 748, 749, 752, 751, 750, 752, 749, 750, 753, 752, 751, 719, 721, 751, 754, 719, 752, 754, 751, 752, 755, 754, 753, 755, 752, 753, 756, 755, 754, 717, 719, 754, 757, 717, 755, 757, 754, 755, 758, 757, 756, 758, 755, 756, 759, 758, 757, 715, 717, 757, 760, 715, 758, 760, 757, 758, 761, 760, 759, 761, 758, 759, 762, 761, 760, 713, 715, 760, 763, 713, 761, 763, 760, 761, 764, 763, 762, 764, 761, 762, 765, 764, 763, 711, 713, 763, 766, 711, 764, 766, 763, 764, 767, 766, 765, 767, 764, 765, 768, 767, 766, 709, 711, 766, 769, 709, 767, 769, 766, 767, 770, 769, 768, 770, 767, 768, 771, 770, 769, 707, 709, 769, 772, 707, 770, 772, 769, 770, 773, 772, 771, 773, 770, 771, 774, 773, 772, 705, 707, 772, 775, 705, 773, 775, 772, 773, 776, 775, 774, 776, 773, 774, 777, 776, 775, 703, 705, 775, 778, 703, 776, 778, 775, 776, 779, 778, 777, 779, 776, 777, 780, 779, 778, 701, 703, 778, 781, 701, 779, 781, 778, 779, 782, 781, 780, 782, 779, 780, 783, 782, 781, 700, 701, 781, 784, 700, 782, 784, 781, 782, 785, 784, 783, 785, 782, 783, 786, 785, 784, 787, 700, 700, 787, 699, 784, 788, 787, 785, 788, 784, 785, 789, 788, 786, 789, 785, 786, 790, 789, 787, 791, 699, 699, 791, 684, 699, 684, 683, 787, 792, 791, 788, 792, 787, 788, 793, 792, 789, 793, 788, 789, 794, 793, 790, 794, 789, 790, 795, 794, 791, 685, 684, 791, 796, 685, 792, 796, 791, 792, 797, 796, 793, 797, 792, 793, 798, 797, 794, 798, 793, 794, 799, 798, 795, 799, 794, 795, 800, 799, 796, 686, 685, 796, 801, 686, 797, 801, 796, 797, 802, 801, 798, 802, 797, 798, 803, 802, 799, 803, 798, 799, 804, 803, 800, 804, 799, 800, 805, 804, 801, 687, 686, 801, 806, 687, 802, 806, 801, 802, 807, 806, 803, 807, 802, 803, 808, 807, 804, 808, 803, 804, 809, 808, 805, 809, 804, 805, 810, 809, 806, 688, 687, 806, 811, 688, 807, 811, 806, 807, 812, 811, 808, 812, 807, 808, 813, 812, 809, 813, 808, 809, 814, 813, 810, 814, 809, 810, 815, 814, 811, 689, 688, 811, 816, 689, 812, 816, 811, 812, 817, 816, 813, 817, 812, 813, 818, 817, 814, 818, 813, 814, 819, 818, 815, 819, 814, 815, 820, 819, 816, 690, 689, 816, 821, 690, 817, 821, 816, 817, 822, 821, 818, 822, 817, 818, 823, 822, 819, 823, 818, 819, 824, 823, 820, 824, 819, 820, 825, 824, 821, 691, 690, 821, 826, 691, 822, 826, 821, 822, 827, 826, 823, 827, 822, 823, 828, 827, 824, 828, 823, 824, 829, 828, 825, 829, 824, 825, 830, 829, 826, 692, 691, 826, 831, 692, 827, 831, 826, 827, 832, 831, 828, 832, 827, 828, 833, 832, 829, 833, 828, 829, 834, 833, 830, 834, 829, 830, 835, 834, 831, 693, 692, 831, 836, 693, 832, 836, 831, 832, 837, 836, 833, 837, 832, 833, 838, 837, 834, 838, 833, 834, 839, 838, 835, 839, 834, 835, 840, 839, 836, 694, 693, 836, 841, 694, 837, 841, 836, 837, 842, 841, 838, 842, 837, 838, 843, 842, 839, 843, 838, 839, 844, 843, 840, 844, 839, 840, 845, 844, 841, 695, 694, 841, 846, 695, 842, 846, 841, 842, 847, 846, 843, 847, 842, 843, 848, 847, 844, 848, 843, 844, 849, 848, 845, 849, 844, 845, 850, 849, 846, 696, 695, 846, 851, 696, 847, 851, 846, 847, 852, 851, 848, 852, 847, 848, 853, 852, 849, 853, 848, 849, 854, 853, 850, 854, 849, 850, 855, 854, 851, 697, 696, 851, 856, 697, 852, 856, 851, 852, 857, 856, 853, 857, 852, 853, 858, 857, 854, 858, 853, 854, 859, 858, 855, 859, 854, 855, 860, 859, 856, 861, 697, 861, 657, 697, 862, 657, 861, 863, 657, 862, 864, 657, 863, 865, 657, 864, 866, 657, 865, 681, 657, 866, 856, 867, 861, 857, 867, 856, 867, 862, 861, 857, 868, 867, 858, 868, 857, 858, 869, 868, 859, 869, 858, 859, 870, 869, 860, 870, 859, 860, 871, 870, 867, 872, 862, 868, 872, 867, 872, 863, 862, 868, 873, 872, 869, 873, 868, 869, 874, 873, 870, 874, 869, 870, 875, 874, 871, 875, 870, 871, 876, 875, 872, 877, 863, 873, 877, 872, 877, 864, 863, 873, 878, 877, 874, 878, 873, 874, 879, 878, 875, 879, 874, 875, 880, 879, 876, 880, 875, 876, 881, 880, 878, 882, 877, 877, 882, 864, 878, 883, 882, 879, 883, 878, 879, 884, 883, 880, 884, 879, 880, 885, 884, 881, 885, 880, 881, 886, 885, 882, 865, 864, 882, 887, 865, 883, 887, 882, 883, 888, 887, 884, 888, 883, 884, 889, 888, 885, 889, 884, 885, 890, 889, 886, 890, 885, 886, 891, 890, 887, 866, 865, 887, 892, 866, 888, 892, 887, 888, 893, 892, 889, 893, 888, 889, 894, 893, 890, 894, 889, 890, 895, 894, 891, 895, 890, 891, 896, 895, 892, 681, 866, 892, 680, 681, 893, 680, 892, 893, 679, 680, 894, 679, 893, 894, 732, 679, 895, 732, 894, 895, 733, 732, 896, 733, 895, 896, 735, 733, 891, 897, 896, 891, 898, 897, 886, 898, 891, 886, 899, 898, 900, 899, 886, 900, 886, 881, 896, 901, 735, 896, 897, 901, 736, 735, 901, 736, 901, 902, 736, 902, 903, 736, 903, 738, 738, 903, 904, 738, 904, 741, 741, 904, 905, 741, 905, 744, 744, 905, 906, 744, 906, 747, 747, 906, 907, 747, 907, 750, 750, 907, 908, 750, 908, 753, 753, 908, 909, 753, 909, 756, 756, 909, 910, 756, 910, 759, 759, 910, 911, 759, 911, 762, 762, 911, 912, 762, 912, 765, 765, 912, 913, 765, 913, 768, 768, 913, 914, 768, 914, 771, 771, 914, 915, 771, 915, 774, 774, 915, 916, 774, 916, 777, 777, 916, 917, 777, 917, 780, 780, 917, 918, 780, 918, 783, 783, 918, 919, 783, 919, 786, 786, 919, 920, 786, 920, 790, 790, 920, 921, 790, 921, 795, 795, 921, 922, 795, 922, 800, 800, 922, 923, 800, 923, 805, 805, 923, 924, 805, 924, 810, 810, 924, 925, 810, 925, 815, 815, 925, 926, 815, 926, 820, 820, 926, 927, 820, 927, 825, 825, 927, 928, 825, 928, 830, 830, 928, 929, 830, 929, 835, 835, 929, 930, 835, 930, 840, 840, 930, 931, 840, 931, 845, 845, 931, 932, 845, 932, 850, 850, 932, 933, 850, 933, 855, 855, 933, 934, 855, 934, 860, 860, 934, 935, 860, 935, 871, 871, 935, 936, 871, 936, 876, 876, 936, 900, 876, 900, 881, 678, 658, 656, 678, 674, 658, 675, 660, 659, 675, 728, 660, 728, 661, 660, 728, 726, 661, 726, 662, 661, 726, 724, 662, 724, 663, 662, 724, 722, 663, 722, 664, 663, 722, 720, 664, 720, 665, 664, 720, 718, 665, 718, 666, 665, 718, 716, 666, 716, 667, 666, 716, 714, 667, 714, 668, 667, 714, 712, 668, 712, 669, 668, 712, 710, 669, 710, 670, 669, 710, 708, 670, 708, 671, 670, 708, 706, 671, 706, 672, 671, 706, 704, 672, 704, 673, 672, 704, 702, 673, 702, 682, 673, 702, 698, 682, 939, 938, 937, 939, 940, 938, 941, 940, 939, 941, 942, 940, 943, 942, 941, 943, 944, 942, 945, 944, 943, 945, 946, 944, 947, 946, 945, 947, 948, 946, 949, 948, 947, 949, 950, 948, 951, 950, 949, 951, 952, 950, 953, 952, 951, 953, 954, 952, 955, 954, 953, 955, 956, 954, 957, 943, 941, 957, 958, 943, 958, 945, 943, 959, 958, 957, 960, 959, 957, 961, 959, 960, 962, 961, 960, 962, 963, 961, 962, 964, 963, 961, 963, 965, 961, 965, 966, 961, 966, 959, 966, 965, 967, 966, 967, 968, 968, 967, 969, 968, 969, 970, 970, 969, 971, 970, 971, 972, 972, 971, 973, 972, 973, 974, 974, 973, 975, 974, 975, 976, 976, 975, 977, 976, 977, 978, 978, 977, 979, 978, 979, 980, 966, 968, 981, 966, 981, 959, 959, 981, 958, 981, 982, 958, 958, 982, 945, 981, 983, 982, 968, 983, 981, 968, 970, 983, 970, 984, 983, 970, 972, 984, 982, 947, 945, 982, 985, 947, 983, 985, 982, 983, 984, 985, 972, 986, 984, 972, 974, 986, 985, 949, 947, 985, 987, 949, 984, 987, 985, 984, 986, 987, 974, 988, 986, 974, 976, 988, 987, 951, 949, 987, 989, 951, 986, 989, 987, 986, 988, 989, 976, 990, 988, 976, 978, 990, 989, 953, 951, 989, 991, 953, 988, 991, 989, 988, 990, 991, 978, 992, 990, 978, 980, 992, 991, 955, 953, 991, 993, 955, 990, 993, 991, 990, 992, 993, 996, 995, 994, 996, 997, 995, 998, 997, 996, 998, 999, 997, 1000, 999, 998, 1000, 1001, 999, 1002, 1001, 1000, 1002, 1003, 1001, 1004, 1003, 1002, 1004, 1005, 1003, 1006, 1005, 1004, 1006, 1007, 1005, 1008, 1007, 1006, 1008, 1009, 1007, 1010, 1009, 1008, 1010, 1011, 1009, 1012, 1011, 1010, 1012, 1013, 1011, 1014, 1013, 1012, 1014, 1015, 1013, 1016, 1015, 1014, 1016, 1017, 1015, 1018, 1017, 1016, 1018, 1019, 1017, 1020, 1019, 1018, 1020, 1021, 1019, 1022, 1021, 1020, 1022, 1023, 1021, 1024, 1023, 1022, 1024, 1025, 1023, 1026, 1025, 1024, 1026, 1027, 1025, 1028, 1027, 1026, 1028, 1029, 1027, 1030, 1029, 1028, 1030, 1031, 1029, 1032, 1031, 1030, 1032, 1033, 1031, 1034, 1033, 1032, 1034, 1035, 1033, 1036, 1035, 1034, 1036, 1037, 1035, 1038, 1037, 1036, 1038, 1039, 1037, 1040, 1039, 1038, 1040, 1041, 1039, 1042, 1041, 1040, 1042, 1043, 1041, 1044, 1043, 1042, 1044, 1045, 1043, 1046, 1045, 1044, 1046, 1047, 1045, 1048, 1047, 1046, 1048, 1049, 1047, 1050, 1049, 1048, 1050, 1051, 1049, 1052, 1051, 1050, 1052, 1053, 1051, 1054, 1053, 1052, 1054, 1055, 1053, 937, 1055, 1054, 937, 938, 1055, 1056, 1044, 1042, 1056, 1057, 1044, 1057, 1046, 1044, 1058, 1057, 1056, 1059, 1058, 1056, 1060, 1058, 1059, 1061, 1060, 1059, 1061, 1062, 1060, 1061, 1063, 1062, 1064, 1063, 1061, 1064, 1065, 1063, 1066, 1065, 1064, 1066, 1067, 1065, 1068, 1067, 1066, 1068, 1069, 1067, 1070, 1069, 1068, 1070, 1071, 1069, 1072, 1071, 1070, 1072, 1073, 1071, 1074, 1073, 1072, 1074, 1075, 1073, 1076, 1075, 1074, 1076, 1077, 1075, 1078, 1077, 1076, 1078, 1079, 1077, 1080, 1079, 1078, 1080, 1081, 1079, 1082, 1081, 1080, 1082, 1083, 1081, 1084, 1083, 1082, 1084, 1085, 1083, 1086, 1085, 1084, 1086, 1087, 1085, 1088, 1087, 1086, 1088, 1089, 1087, 1090, 1089, 1088, 1090, 1091, 1089, 1092, 1091, 1090, 1092, 1093, 1091, 1094, 1093, 1092, 1094, 1095, 1093, 1096, 1095, 1094, 1096, 1097, 1095, 1098, 1097, 1096, 1098, 1099, 1097, 1100, 1099, 1098, 1100, 1101, 1099, 1102, 1101, 1100, 1102, 1103, 1101, 1104, 1103, 1102, 1104, 1105, 1103, 1106, 1105, 1104, 1106, 1107, 1105, 1106, 1104, 1108, 1106, 1108, 1109, 1109, 1108, 1110, 1109, 1110, 1111, 1111, 1110, 996, 1111, 996, 994, 1104, 1112, 1108, 1104, 1102, 1112, 1110, 998, 996, 1110, 1113, 998, 1108, 1113, 1110, 1108, 1112, 1113, 1102, 1114, 1112, 1102, 1100, 1114, 1113, 1000, 998, 1113, 1115, 1000, 1112, 1115, 1113, 1112, 1114, 1115, 1100, 1116, 1114, 1100, 1098, 1116, 1115, 1002, 1000, 1115, 1117, 1002, 1114, 1117, 1115, 1114, 1116, 1117, 1098, 1118, 1116, 1098, 1096, 1118, 1117, 1004, 1002, 1117, 1119, 1004, 1116, 1119, 1117, 1116, 1118, 1119, 1096, 1120, 1118, 1096, 1094, 1120, 1119, 1006, 1004, 1119, 1121, 1006, 1118, 1121, 1119, 1118, 1120, 1121, 1094, 1122, 1120, 1094, 1092, 1122, 1121, 1008, 1006, 1121, 1123, 1008, 1120, 1123, 1121, 1120, 1122, 1123, 1092, 1124, 1122, 1092, 1090, 1124, 1123, 1010, 1008, 1123, 1125, 1010, 1122, 1125, 1123, 1122, 1124, 1125, 1090, 1126, 1124, 1090, 1088, 1126, 1125, 1012, 1010, 1125, 1127, 1012, 1124, 1127, 1125, 1124, 1126, 1127, 1088, 1128, 1126, 1088, 1086, 1128, 1127, 1014, 1012, 1127, 1129, 1014, 1126, 1129, 1127, 1126, 1128, 1129, 1086, 1130, 1128, 1086, 1084, 1130, 1129, 1016, 1014, 1129, 1131, 1016, 1128, 1131, 1129, 1128, 1130, 1131, 1084, 1132, 1130, 1084, 1082, 1132, 1131, 1018, 1016, 1131, 1133, 1018, 1130, 1133, 1131, 1130, 1132, 1133, 1082, 1134, 1132, 1082, 1080, 1134, 1133, 1020, 1018, 1133, 1135, 1020, 1132, 1135, 1133, 1132, 1134, 1135, 1080, 1136, 1134, 1080, 1078, 1136, 1135, 1022, 1020, 1135, 1137, 1022, 1134, 1137, 1135, 1134, 1136, 1137, 1078, 1138, 1136, 1078, 1076, 1138, 1137, 1024, 1022, 1137, 1139, 1024, 1136, 1139, 1137, 1136, 1138, 1139, 1076, 1140, 1138, 1076, 1074, 1140, 1139, 1026, 1024, 1139, 1141, 1026, 1138, 1141, 1139, 1138, 1140, 1141, 1074, 1142, 1140, 1074, 1072, 1142, 1141, 1028, 1026, 1141, 1143, 1028, 1140, 1143, 1141, 1140, 1142, 1143, 1072, 1144, 1142, 1072, 1070, 1144, 1143, 1030, 1028, 1143, 1145, 1030, 1142, 1145, 1143, 1142, 1144, 1145, 1070, 1146, 1144, 1070, 1068, 1146, 1145, 1032, 1030, 1145, 1147, 1032, 1144, 1147, 1145, 1144, 1146, 1147, 1068, 1148, 1146, 1068, 1066, 1148, 1147, 1034, 1032, 1147, 1149, 1034, 1146, 1149, 1147, 1146, 1148, 1149, 1066, 1150, 1148, 1066, 1064, 1150, 1149, 1036, 1034, 1149, 1151, 1036, 1148, 1151, 1149, 1148, 1150, 1151, 1064, 1152, 1150, 1064, 1061, 1152, 1151, 1038, 1036, 1151, 1153, 1038, 1150, 1153, 1151, 1150, 1152, 1153, 1061, 1059, 1152, 1153, 1040, 1038, 1153, 1154, 1040, 1152, 1154, 1153, 1152, 1059, 1154, 1154, 1042, 1040, 1154, 1056, 1042, 1059, 1056, 1154, 1060, 1156, 1155, 1060, 1062, 1156, 1155, 1156, 1157, 1155, 1157, 1158, 1158, 1157, 1159, 1158, 1159, 1160, 1160, 1159, 1161, 1160, 1161, 1162, 1162, 1161, 1163, 1162, 1163, 1164, 1164, 1163, 1165, 1164, 1165, 1166, 1166, 1165, 1167, 1166, 1167, 1168, 1168, 1167, 964, 1168, 964, 962, 1158, 1160, 1169, 1158, 1169, 1170, 1155, 1158, 1170, 1155, 1170, 1058, 1060, 1155, 1058, 1058, 1170, 1057, 1170, 1171, 1057, 1170, 1169, 1171, 1057, 1171, 1046, 1171, 1048, 1046, 1171, 1172, 1048, 1169, 1172, 1171, 1169, 1173, 1172, 1160, 1173, 1169, 1160, 1162, 1173, 1162, 1174, 1173, 1162, 1164, 1174, 1172, 1050, 1048, 1172, 1175, 1050, 1173, 1175, 1172, 1173, 1174, 1175, 1164, 1176, 1174, 1164, 1166, 1176, 1175, 1052, 1050, 1175, 1177, 1052, 1174, 1177, 1175, 1174, 1176, 1177, 1166, 1178, 1176, 1166, 1168, 1178, 1177, 1054, 1052, 1177, 1179, 1054, 1176, 1179, 1177, 1176, 1178, 1179, 1180, 1178, 1168, 1180, 1168, 962, 962, 960, 1180, 1180, 960, 1181, 1180, 1181, 1182, 1182, 1178, 1180, 1182, 1179, 1178, 1182, 1181, 939, 1182, 939, 937, 937, 1179, 1182, 937, 1054, 1179, 1181, 941, 939, 1181, 957, 941, 960, 957, 1181, 1185, 1184, 1183, 1185, 1186, 1184, 1183, 1184, 1187, 1183, 1187, 1188, 1188, 1187, 1189, 1188, 1189, 1190, 1190, 1189, 1191, 1190, 1191, 1192, 1192, 1191, 1193, 1192, 1193, 1194, 1194, 1193, 1195, 1194, 1195, 1196, 1196, 1195, 1197, 1196, 1197, 1198, 1198, 1197, 1199, 1198, 1199, 1200, 1200, 1199, 1201, 1200, 1201, 1202, 1188, 1190, 1203, 1188, 1203, 1204, 1183, 1188, 1204, 1183, 1204, 1205, 1185, 1183, 1205, 1185, 1205, 1206, 1206, 1205, 1207, 1206, 1207, 1208, 1208, 1207, 963, 1208, 963, 964, 1207, 965, 963, 1207, 1209, 965, 1205, 1209, 1207, 1205, 1204, 1209, 1209, 967, 965, 1209, 1210, 967, 1204, 1210, 1209, 1204, 1203, 1210, 1210, 969, 967, 1210, 1211, 969, 1203, 1211, 1210, 1203, 1212, 1211, 1190, 1212, 1203, 1190, 1192, 1212, 1192, 1213, 1212, 1192, 1194, 1213, 1211, 971, 969, 1211, 1214, 971, 1212, 1214, 1211, 1212, 1213, 1214, 1194, 1215, 1213, 1194, 1196, 1215, 1214, 973, 971, 1214, 1216, 973, 1213, 1216, 1214, 1213, 1215, 1216, 1196, 1217, 1215, 1196, 1198, 1217, 1216, 975, 973, 1216, 1218, 975, 1215, 1218, 1216, 1215, 1217, 1218, 1198, 1219, 1217, 1198, 1200, 1219, 1218, 977, 975, 1218, 1220, 977, 1217, 1220, 1218, 1217, 1219, 1220, 1200, 1221, 1219, 1200, 1202, 1221, 1220, 979, 977, 1220, 1222, 979, 1219, 1222, 1220, 1219, 1221, 1222, 1225, 1224, 1223, 1225, 1226, 1224, 1223, 1224, 1227, 1223, 1227, 1228, 1228, 1227, 1229, 1228, 1229, 1230, 1230, 1229, 1231, 1230, 1231, 1232, 1232, 1231, 1233, 1232, 1233, 1234, 1234, 1233, 1235, 1234, 1235, 1236, 1236, 1235, 1237, 1236, 1237, 1238, 1238, 1237, 1239, 1238, 1239, 1240, 1240, 1239, 1241, 1240, 1241, 1242, 1242, 1241, 1243, 1242, 1243, 1244, 1244, 1243, 1245, 1244, 1245, 1246, 1246, 1245, 1247, 1246, 1247, 1248, 1248, 1247, 1249, 1248, 1249, 1250, 1250, 1249, 1251, 1250, 1251, 1252, 1252, 1251, 1253, 1252, 1253, 1254, 1254, 1253, 1255, 1254, 1255, 1256, 1256, 1255, 1257, 1256, 1257, 1258, 1258, 1257, 1259, 1258, 1259, 1260, 1260, 1259, 1261, 1260, 1261, 1262, 1262, 1261, 1263, 1262, 1263, 1264, 1264, 1263, 1265, 1264, 1265, 1266, 1266, 1265, 1267, 1266, 1267, 1268, 1268, 1267, 1269, 1268, 1269, 1270, 1270, 1269, 1271, 1270, 1271, 1272, 1272, 1271, 1273, 1272, 1273, 1274, 1274, 1273, 1275, 1274, 1275, 1276, 1276, 1275, 1277, 1276, 1277, 1278, 1278, 1277, 1279, 1278, 1279, 1280, 1280, 1279, 1281, 1280, 1281, 1282, 1282, 1281, 1283, 1282, 1283, 1284, 1284, 1283, 1186, 1284, 1186, 1185, 1272, 1274, 1285, 1272, 1285, 1286, 1270, 1272, 1286, 1270, 1286, 1287, 1268, 1270, 1287, 1268, 1287, 1288, 1266, 1268, 1288, 1266, 1288, 1289, 1264, 1266, 1289, 1264, 1289, 1290, 1262, 1264, 1290, 1262, 1290, 1291, 1260, 1262, 1291, 1260, 1291, 1292, 1258, 1260, 1292, 1258, 1292, 1293, 1256, 1258, 1293, 1256, 1293, 1294, 1254, 1256, 1294, 1254, 1294, 1295, 1252, 1254, 1295, 1252, 1295, 1296, 1250, 1252, 1296, 1250, 1296, 1297, 1248, 1250, 1297, 1248, 1297, 1298, 1246, 1248, 1298, 1246, 1298, 1299, 1244, 1246, 1299, 1244, 1299, 1300, 1242, 1244, 1300, 1242, 1300, 1301, 1240, 1242, 1301, 1240, 1301, 1302, 1238, 1240, 1302, 1238, 1302, 1303, 1236, 1238, 1303, 1236, 1303, 1304, 1234, 1236, 1304, 1234, 1304, 1305, 1232, 1234, 1305, 1232, 1305, 1306, 1230, 1232, 1306, 1230, 1306, 1307, 1228, 1230, 1307, 1228, 1307, 1308, 1223, 1228, 1308, 1223, 1308, 1309, 1225, 1223, 1309, 1225, 1309, 1310, 1310, 1309, 1311, 1310, 1311, 1312, 1312, 1311, 1105, 1312, 1105, 1107, 1311, 1103, 1105, 1311, 1313, 1103, 1309, 1313, 1311, 1309, 1308, 1313, 1313, 1101, 1103, 1313, 1314, 1101, 1308, 1314, 1313, 1308, 1307, 1314, 1314, 1099, 1101, 1314, 1315, 1099, 1307, 1315, 1314, 1307, 1306, 1315, 1315, 1097, 1099, 1315, 1316, 1097, 1306, 1316, 1315, 1306, 1305, 1316, 1316, 1095, 1097, 1316, 1317, 1095, 1305, 1317, 1316, 1305, 1304, 1317, 1317, 1093, 1095, 1317, 1318, 1093, 1304, 1318, 1317, 1304, 1303, 1318, 1318, 1091, 1093, 1318, 1319, 1091, 1303, 1319, 1318, 1303, 1302, 1319, 1319, 1089, 1091, 1319, 1320, 1089, 1302, 1320, 1319, 1302, 1301, 1320, 1320, 1087, 1089, 1320, 1321, 1087, 1301, 1321, 1320, 1301, 1300, 1321, 1321, 1085, 1087, 1321, 1322, 1085, 1300, 1322, 1321, 1300, 1299, 1322, 1322, 1083, 1085, 1322, 1323, 1083, 1299, 1323, 1322, 1299, 1298, 1323, 1323, 1081, 1083, 1323, 1324, 1081, 1298, 1324, 1323, 1298, 1297, 1324, 1324, 1079, 1081, 1324, 1325, 1079, 1297, 1325, 1324, 1297, 1296, 1325, 1325, 1077, 1079, 1325, 1326, 1077, 1296, 1326, 1325, 1296, 1295, 1326, 1326, 1075, 1077, 1326, 1327, 1075, 1295, 1327, 1326, 1295, 1294, 1327, 1327, 1073, 1075, 1327, 1328, 1073, 1294, 1328, 1327, 1294, 1293, 1328, 1328, 1071, 1073, 1328, 1329, 1071, 1293, 1329, 1328, 1293, 1292, 1329, 1329, 1069, 1071, 1329, 1330, 1069, 1292, 1330, 1329, 1292, 1291, 1330, 1330, 1067, 1069, 1330, 1331, 1067, 1291, 1331, 1330, 1291, 1290, 1331, 1331, 1065, 1067, 1331, 1332, 1065, 1290, 1332, 1331, 1290, 1289, 1332, 1332, 1063, 1065, 1332, 1333, 1063, 1289, 1333, 1332, 1289, 1288, 1333, 1333, 1062, 1063, 1333, 1334, 1062, 1288, 1334, 1333, 1288, 1287, 1334, 1334, 1156, 1062, 1334, 1335, 1156, 1287, 1335, 1334, 1287, 1286, 1335, 1335, 1157, 1156, 1335, 1336, 1157, 1286, 1336, 1335, 1286, 1285, 1336, 1336, 1159, 1157, 1336, 1337, 1159, 1285, 1337, 1336, 1285, 1338, 1337, 1274, 1338, 1285, 1274, 1276, 1338, 1276, 1339, 1338, 1276, 1278, 1339, 1337, 1161, 1159, 1337, 1340, 1161, 1338, 1340, 1337, 1338, 1339, 1340, 1278, 1341, 1339, 1278, 1280, 1341, 1340, 1163, 1161, 1340, 1342, 1163, 1339, 1342, 1340, 1339, 1341, 1342, 1280, 1343, 1341, 1280, 1282, 1343, 1342, 1165, 1163, 1342, 1344, 1165, 1341, 1344, 1342, 1341, 1343, 1344, 1282, 1345, 1343, 1282, 1284, 1345, 1344, 1167, 1165, 1344, 1346, 1167, 1343, 1346, 1344, 1343, 1345, 1346, 1206, 1345, 1284, 1206, 1284, 1185, 1208, 1345, 1206, 1208, 1346, 1345, 964, 1346, 1208, 964, 1167, 1346, 1047, 1347, 1045, 1047, 1348, 1347, 1045, 1347, 1349, 1045, 1349, 1043, 1043, 1349, 1350, 1043, 1350, 1041, 1041, 1350, 1351, 1041, 1351, 1039, 1039, 1351, 1352, 1039, 1352, 1037, 1037, 1352, 1353, 1037, 1353, 1035, 1035, 1353, 1354, 1035, 1354, 1033, 1033, 1354, 1355, 1033, 1355, 1031, 1031, 1355, 1356, 1031, 1356, 1029, 1029, 1356, 1357, 1029, 1357, 1027, 1027, 1357, 1358, 1027, 1358, 1025, 1025, 1358, 1359, 1025, 1359, 1023, 1023, 1359, 1360, 1023, 1360, 1021, 1021, 1360, 1361, 1021, 1361, 1019, 1019, 1361, 1362, 1019, 1362, 1017, 1017, 1362, 1363, 1017, 1363, 1015, 1015, 1363, 1364, 1015, 1364, 1013, 1013, 1364, 1365, 1013, 1365, 1011, 1011, 1365, 1366, 1011, 1366, 1009, 1009, 1366, 1367, 1009, 1367, 1007, 1007, 1367, 1368, 1007, 1368, 1005, 1005, 1368, 1369, 1005, 1369, 1003, 1003, 1369, 1370, 1003, 1370, 1001, 1001, 1370, 1371, 1001, 1371, 999, 999, 1371, 1372, 999, 1372, 997, 997, 1372, 1373, 997, 1373, 995, 956, 1374, 954, 956, 1375, 1374, 954, 1374, 1376, 954, 1376, 952, 952, 1376, 1377, 952, 1377, 950, 950, 1377, 1378, 950, 1378, 948, 948, 1378, 1379, 948, 1379, 946, 946, 1379, 1380, 946, 1380, 944, 944, 1380, 1381, 944, 1381, 942, 942, 1381, 1382, 942, 1382, 940, 940, 1382, 1383, 940, 1383, 938, 938, 1383, 1384, 938, 1384, 1055, 1055, 1384, 1385, 1055, 1385, 1053, 1053, 1385, 1386, 1053, 1386, 1051, 1051, 1386, 1387, 1051, 1387, 1049, 1049, 1387, 1348, 1049, 1348, 1047, 1390, 1389, 1388, 1390, 1391, 1389, 1392, 1391, 1390, 1392, 1393, 1391, 1394, 1393, 1392, 1395, 1393, 1394, 1396, 1393, 1395, 1397, 1393, 1396, 1397, 1398, 1393, 1399, 1398, 1397, 1400, 1398, 1399, 1398, 1400, 1401, 1398, 1401, 1402, 1403, 1398, 1402, 1393, 1403, 1391, 1393, 1398, 1403, 1403, 1402, 1404, 1405, 1403, 1404, 1391, 1403, 1405, 1405, 1404, 1406, 1407, 1405, 1406, 1407, 1406, 1408, 1409, 1407, 1408, 1409, 1408, 1410, 1411, 1409, 1410, 1411, 1410, 1412, 1413, 1411, 1412, 1413, 1412, 1414, 1415, 1413, 1414, 1415, 1414, 1416, 1417, 1415, 1416, 1417, 1416, 1418, 1419, 1417, 1418, 1419, 1418, 1420, 1421, 1419, 1420, 1421, 1420, 1422, 1423, 1421, 1422, 1423, 1422, 1424, 1425, 1423, 1424, 1425, 1424, 1426, 1427, 1425, 1426, 1427, 1426, 1428, 1429, 1427, 1428, 1429, 1428, 1430, 1431, 1429, 1430, 1431, 1430, 1432, 1433, 1431, 1432, 1433, 1432, 1434, 1435, 1433, 1434, 1435, 1434, 1436, 1437, 1435, 1436, 1437, 1436, 1438, 1439, 1437, 1438, 1439, 1438, 1440, 1441, 1439, 1440, 1441, 1440, 1442, 1443, 1441, 1442, 1443, 1442, 1444, 1445, 1443, 1444, 1445, 1444, 1446, 1447, 1445, 1446, 1447, 1446, 1448, 1449, 1447, 1448, 1449, 1448, 1450, 1451, 1449, 1450, 1451, 1450, 1452, 1453, 1451, 1452, 1453, 1452, 1454, 1441, 1455, 1439, 1455, 1441, 1456, 1456, 1441, 1457, 1457, 1441, 1443, 1458, 1456, 1457, 1458, 1457, 1459, 1459, 1457, 1460, 1461, 1456, 1458, 1460, 1457, 1462, 1460, 1462, 1463, 1463, 1462, 1464, 1463, 1464, 1465, 1457, 1443, 1462, 1462, 1445, 1464, 1462, 1443, 1445, 1466, 1463, 1465, 1466, 1465, 1467, 1468, 1467, 1465, 1464, 1468, 1465, 1468, 1469, 1467, 1467, 1469, 1470, 1471, 1463, 1466, 1471, 1460, 1463, 1471, 1459, 1460, 1472, 1459, 1471, 1472, 1471, 1473, 1470, 1469, 1474, 1474, 1469, 1475, 1474, 1475, 1476, 1474, 1476, 1477, 1478, 1477, 1476, 1478, 1479, 1477, 1479, 1480, 1477, 1479, 1481, 1480, 1479, 1482, 1481, 1479, 1483, 1482, 1478, 1483, 1479, 1482, 1483, 1484, 1482, 1484, 1485, 1483, 1486, 1484, 1483, 1487, 1486, 1478, 1487, 1483, 1488, 1477, 1480, 1474, 1477, 1488, 1488, 1480, 1489, 1490, 1488, 1489, 1490, 1491, 1488, 1492, 1491, 1490, 1492, 1493, 1491, 1494, 1493, 1492, 1494, 1495, 1493, 1495, 1496, 1493, 1495, 1497, 1496, 1491, 1474, 1488, 1491, 1498, 1474, 1493, 1498, 1491, 1493, 1496, 1498, 1497, 1499, 1496, 1497, 1500, 1499, 1498, 1470, 1474, 1498, 1501, 1470, 1496, 1501, 1498, 1496, 1499, 1501, 1500, 1502, 1499, 1500, 1503, 1502, 1501, 1467, 1470, 1501, 1504, 1467, 1499, 1504, 1501, 1499, 1502, 1504, 1503, 1505, 1502, 1503, 1506, 1505, 1504, 1466, 1467, 1504, 1507, 1466, 1502, 1507, 1504, 1502, 1505, 1507, 1506, 1508, 1505, 1506, 1509, 1508, 1507, 1471, 1466, 1507, 1510, 1471, 1505, 1510, 1507, 1505, 1508, 1510, 1509, 1511, 1508, 1509, 1512, 1511, 1510, 1473, 1471, 1510, 1513, 1473, 1508, 1513, 1510, 1508, 1511, 1513, 1512, 1514, 1511, 1512, 1515, 1514, 1513, 1516, 1473, 1516, 1472, 1473, 1472, 1516, 1517, 1517, 1516, 1518, 1519, 1518, 1516, 1519, 1520, 1518, 1521, 1518, 1520, 1522, 1521, 1520, 1522, 1520, 1523, 1524, 1522, 1523, 1524, 1523, 1525, 1526, 1524, 1525, 1526, 1525, 1527, 1521, 1528, 1518, 1521, 1529, 1528, 1521, 1530, 1529, 1522, 1530, 1521, 1529, 1530, 1531, 1529, 1531, 1532, 1530, 1533, 1531, 1530, 1534, 1533, 1522, 1534, 1530, 1524, 1534, 1522, 1534, 1535, 1533, 1534, 1536, 1535, 1524, 1536, 1534, 1526, 1536, 1524, 1536, 1537, 1535, 1536, 1538, 1537, 1526, 1538, 1536, 1539, 1525, 1523, 1540, 1525, 1539, 1540, 1527, 1525, 1540, 1541, 1527, 1540, 1542, 1541, 1543, 1542, 1540, 1544, 1542, 1543, 1545, 1542, 1544, 1545, 1544, 1546, 1547, 1546, 1544, 1547, 1548, 1546, 1548, 1549, 1546, 1549, 1545, 1546, 1548, 1550, 1549, 1551, 1550, 1548, 1551, 1552, 1550, 1553, 1552, 1551, 1554, 1552, 1553, 1554, 1555, 1552, 1556, 1555, 1554, 1555, 1421, 1552, 1557, 1421, 1555, 1419, 1421, 1557, 1552, 1423, 1550, 1552, 1421, 1423, 1550, 1425, 1549, 1550, 1423, 1425, 1558, 1548, 1547, 1558, 1551, 1548, 1558, 1553, 1551, 1559, 1553, 1558, 1559, 1558, 1560, 1561, 1559, 1560, 1559, 1561, 1562, 1562, 1561, 1563, 1564, 1563, 1561, 1564, 1565, 1563, 1566, 1563, 1565, 1567, 1566, 1565, 1567, 1565, 1568, 1569, 1567, 1568, 1569, 1568, 1570, 1571, 1569, 1570, 1571, 1570, 1572, 1566, 1573, 1563, 1566, 1574, 1573, 1566, 1575, 1574, 1567, 1575, 1566, 1574, 1575, 1576, 1574, 1576, 1577, 1575, 1578, 1576, 1575, 1579, 1578, 1567, 1579, 1575, 1569, 1579, 1567, 1579, 1580, 1578, 1579, 1581, 1580, 1569, 1581, 1579, 1571, 1581, 1569, 1581, 1582, 1580, 1581, 1583, 1582, 1571, 1583, 1581, 1584, 1570, 1568, 1585, 1570, 1584, 1585, 1572, 1570, 1585, 1586, 1572, 1585, 1587, 1586, 1588, 1587, 1585, 1589, 1587, 1588, 1590, 1587, 1589, 1590, 1589, 1388, 1591, 1388, 1589, 1591, 1390, 1388, 1592, 1390, 1591, 1592, 1392, 1390, 1592, 1394, 1392, 1593, 1394, 1592, 1593, 1592, 1594, 1595, 1593, 1594, 1593, 1595, 1596, 1596, 1595, 1597, 1598, 1597, 1595, 1598, 1599, 1597, 1600, 1597, 1599, 1601, 1600, 1599, 1601, 1599, 1602, 1603, 1601, 1602, 1603, 1602, 1604, 1605, 1603, 1604, 1605, 1604, 1606, 1600, 1607, 1597, 1600, 1608, 1607, 1600, 1609, 1608, 1601, 1609, 1600, 1608, 1609, 1610, 1608, 1610, 1611, 1609, 1612, 1610, 1609, 1613, 1612, 1601, 1613, 1609, 1603, 1613, 1601, 1613, 1614, 1612, 1613, 1615, 1614, 1603, 1615, 1613, 1605, 1615, 1603, 1615, 1616, 1614, 1615, 1617, 1616, 1605, 1617, 1615, 1618, 1606, 1604, 1618, 1604, 1619, 1618, 1620, 1606, 1618, 1621, 1620, 1622, 1621, 1618, 1623, 1621, 1622, 1624, 1621, 1623, 1624, 1623, 1625, 1626, 1625, 1623, 1626, 1627, 1625, 1627, 1628, 1625, 1628, 1624, 1625, 1627, 1629, 1628, 1630, 1629, 1627, 1630, 1631, 1629, 1632, 1631, 1630, 1633, 1631, 1632, 1633, 1634, 1631, 1635, 1634, 1633, 1634, 1636, 1631, 1637, 1636, 1634, 1638, 1636, 1637, 1636, 1638, 1639, 1636, 1639, 1640, 1641, 1636, 1640, 1631, 1641, 1629, 1631, 1636, 1641, 1641, 1640, 1642, 1643, 1641, 1642, 1629, 1643, 1628, 1629, 1641, 1643, 1643, 1642, 1644, 1645, 1643, 1644, 1645, 1644, 1646, 1647, 1645, 1646, 1647, 1646, 1648, 1649, 1647, 1648, 1649, 1648, 1650, 1650, 1651, 1649, 1650, 1652, 1651, 1638, 1653, 1639, 1638, 1654, 1653, 1654, 1655, 1653, 1654, 1656, 1655, 1656, 1657, 1655, 1656, 1658, 1657, 1659, 1651, 1652, 1659, 1652, 1660, 1661, 1659, 1660, 1661, 1660, 1662, 1400, 1661, 1662, 1400, 1662, 1401, 1663, 1658, 1656, 1663, 1656, 1664, 1664, 1656, 1654, 1663, 1664, 1665, 1663, 1665, 1666, 1664, 1667, 1665, 1664, 1668, 1667, 1664, 1654, 1668, 1669, 1659, 1661, 1670, 1659, 1669, 1670, 1669, 1671, 1670, 1671, 1672, 1673, 1670, 1672, 1673, 1672, 1674, 1675, 1673, 1674, 1675, 1674, 1676, 1669, 1677, 1671, 1669, 1678, 1677, 1675, 1649, 1673, 1675, 1647, 1649, 1679, 1647, 1675, 1680, 1647, 1679, 1645, 1647, 1680, 1673, 1651, 1670, 1673, 1649, 1651, 1670, 1651, 1659, 1674, 1681, 1676, 1674, 1682, 1681, 1672, 1682, 1674, 1683, 1681, 1682, 1684, 1683, 1682, 1684, 1682, 1685, 1686, 1684, 1685, 1686, 1685, 1687, 1688, 1686, 1687, 1688, 1687, 1689, 1683, 1690, 1681, 1672, 1685, 1682, 1671, 1685, 1672, 1671, 1687, 1685, 1677, 1687, 1671, 1677, 1689, 1687, 1688, 1689, 1691, 1688, 1691, 1692, 1693, 1692, 1691, 1693, 1694, 1692, 1695, 1694, 1693, 1695, 1693, 1696, 1697, 1695, 1696, 1697, 1696, 1698, 1699, 1697, 1698, 1700, 1699, 1698, 1701, 1699, 1700, 1701, 1702, 1699, 1703, 1702, 1701, 1703, 1704, 1702, 1705, 1704, 1703, 1705, 1706, 1704, 1700, 1698, 1707, 1700, 1707, 1396, 1700, 1396, 1395, 1395, 1701, 1700, 1699, 1708, 1697, 1702, 1708, 1699, 1608, 1706, 1705, 1706, 1608, 1611, 1706, 1611, 1709, 1709, 1704, 1706, 1608, 1705, 1607, 1705, 1597, 1607, 1705, 1596, 1597, 1703, 1596, 1705, 1395, 1710, 1701, 1703, 1711, 1596, 1701, 1711, 1703, 1701, 1710, 1711, 1709, 1712, 1704, 1713, 1396, 1707, 1713, 1714, 1396, 1715, 1714, 1713, 1715, 1716, 1714, 1717, 1716, 1715, 1717, 1715, 1718, 1718, 1678, 1717, 1661, 1717, 1678, 1669, 1661, 1678, 1661, 1399, 1717, 1661, 1400, 1399, 1718, 1677, 1678, 1718, 1689, 1677, 1718, 1691, 1689, 1693, 1718, 1715, 1693, 1691, 1718, 1696, 1715, 1713, 1696, 1693, 1715, 1698, 1696, 1713, 1719, 1717, 1399, 1719, 1716, 1717, 1719, 1399, 1397, 1719, 1397, 1720, 1714, 1720, 1397, 1719, 1720, 1714, 1714, 1397, 1396, 1719, 1714, 1716, 1698, 1713, 1707, 1723, 1722, 1721, 1723, 1724, 1722, 1721, 1725, 1723, 1721, 1726, 1725, 1726, 1727, 1725, 1726, 1728, 1727, 1728, 1729, 1727, 1728, 1730, 1729, 1730, 1731, 1729, 1730, 1732, 1731, 1732, 1733, 1731, 1732, 1734, 1733, 1734, 1735, 1733, 1734, 1736, 1735, 1736, 1737, 1735, 1736, 1738, 1737, 1738, 1739, 1737, 1738, 1740, 1739, 1740, 1741, 1739, 1740, 1742, 1741, 1740, 1743, 1742, 1740, 1744, 1743, 1738, 1744, 1740, 1738, 1745, 1744, 1736, 1745, 1738, 1736, 1746, 1745, 1734, 1746, 1736, 1734, 1747, 1746, 1732, 1747, 1734, 1732, 1748, 1747, 1730, 1748, 1732, 1730, 1749, 1748, 1728, 1749, 1730, 1728, 1750, 1749, 1726, 1750, 1728, 1726, 1751, 1750, 1721, 1751, 1726, 1721, 1752, 1751, 1722, 1752, 1721, 1722, 1753, 1752, 1754, 1753, 1722, 1754, 1722, 1724, 1754, 1724, 1755, 1756, 1754, 1755, 1756, 1755, 1757, 1758, 1756, 1757, 1758, 1757, 1759, 1760, 1758, 1759, 1760, 1759, 1761, 1762, 1760, 1761, 1762, 1761, 1763, 1764, 1762, 1763, 1764, 1763, 1765, 1766, 1764, 1765, 1766, 1765, 1767, 1768, 1766, 1767, 1768, 1767, 1769, 1770, 1768, 1769, 1770, 1769, 1771, 1772, 1770, 1771, 1772, 1771, 1773, 1774, 1772, 1773, 1774, 1773, 1775, 1776, 1774, 1775, 1776, 1775, 1777, 1778, 1776, 1777, 1778, 1777, 1779, 1780, 1778, 1779, 1780, 1779, 1781, 1782, 1780, 1781, 1782, 1781, 1783, 1784, 1782, 1783, 1784, 1783, 1785, 1786, 1784, 1785, 1786, 1785, 1787, 1788, 1786, 1787, 1788, 1787, 1789, 1790, 1788, 1789, 1790, 1789, 1791, 1792, 1790, 1791, 1792, 1791, 1793, 1794, 1792, 1793, 1794, 1793, 1795, 1796, 1794, 1795, 1796, 1795, 1797, 1798, 1796, 1797, 1798, 1797, 1799, 1800, 1798, 1799, 1800, 1799, 1801, 1802, 1800, 1801, 1802, 1801, 1803, 1804, 1802, 1803, 1804, 1803, 1805, 1806, 1804, 1805, 1806, 1805, 1807, 1808, 1806, 1807, 1808, 1807, 1809, 1810, 1808, 1809, 1810, 1809, 1811, 1812, 1810, 1811, 1812, 1811, 1813, 1800, 1814, 1798, 1800, 1815, 1814, 1802, 1815, 1800, 1802, 1816, 1815, 1804, 1816, 1802, 1804, 1817, 1816, 1806, 1817, 1804, 1806, 1818, 1817, 1808, 1818, 1806, 1808, 1819, 1818, 1810, 1819, 1808, 1810, 1820, 1819, 1812, 1820, 1810, 1812, 1821, 1820, 1798, 1814, 1822, 1798, 1822, 1796, 1796, 1822, 1823, 1796, 1823, 1794, 1794, 1823, 1824, 1794, 1824, 1792, 1792, 1824, 1825, 1792, 1825, 1790, 1790, 1825, 1826, 1790, 1826, 1788, 1788, 1826, 1827, 1788, 1827, 1786, 1786, 1827, 1828, 1786, 1828, 1784, 1784, 1828, 1829, 1784, 1829, 1782, 1782, 1829, 1830, 1782, 1830, 1780, 1780, 1830, 1831, 1780, 1831, 1778, 1778, 1831, 1832, 1778, 1832, 1776, 1776, 1832, 1833, 1776, 1833, 1774, 1774, 1833, 1834, 1774, 1834, 1772, 1772, 1834, 1835, 1772, 1835, 1770, 1770, 1835, 1836, 1770, 1836, 1768, 1768, 1836, 1837, 1768, 1837, 1766, 1766, 1837, 1838, 1766, 1838, 1764, 1764, 1838, 1839, 1764, 1839, 1762, 1762, 1839, 1840, 1762, 1840, 1760, 1760, 1840, 1841, 1760, 1841, 1758, 1758, 1841, 1842, 1758, 1842, 1756, 1756, 1842, 1843, 1756, 1843, 1754, 1754, 1843, 1753, 1846, 1845, 1844, 1846, 1847, 1845, 1847, 1848, 1845, 1847, 1849, 1848, 1847, 1850, 1849, 1847, 1851, 1850, 1846, 1851, 1847, 1850, 1851, 1852, 1853, 1852, 1851, 1853, 1851, 1854, 1846, 1854, 1851, 1850, 1852, 1855, 1856, 1845, 1848, 1856, 1848, 1857, 1858, 1857, 1848, 1859, 1857, 1858, 1857, 1859, 1860, 1859, 1861, 1860, 1859, 1632, 1861, 1861, 1632, 1630, 1861, 1630, 1627, 1861, 1627, 1626, 1862, 1861, 1626, 1863, 1862, 1626, 1863, 1626, 1623, 1864, 1863, 1623, 1864, 1623, 1622, 1865, 1864, 1622, 1865, 1622, 1618, 1866, 1865, 1618, 1866, 1618, 1619, 1867, 1865, 1866, 1867, 1868, 1865, 1868, 1864, 1865, 1869, 1868, 1867, 1869, 1870, 1868, 1870, 1871, 1868, 1868, 1871, 1864, 1871, 1863, 1864, 1870, 1872, 1871, 1872, 1873, 1871, 1871, 1873, 1863, 1873, 1862, 1863, 1872, 1874, 1873, 1874, 1875, 1873, 1874, 1876, 1875, 1873, 1875, 1862, 1876, 1877, 1875, 1876, 1878, 1877, 1875, 1879, 1862, 1875, 1877, 1879, 1862, 1879, 1861, 1878, 1880, 1877, 1878, 1881, 1880, 1879, 1860, 1861, 1879, 1882, 1860, 1877, 1882, 1879, 1877, 1880, 1882, 1881, 1883, 1880, 1881, 1884, 1883, 1882, 1857, 1860, 1882, 1885, 1857, 1880, 1885, 1882, 1880, 1883, 1885, 1884, 1886, 1883, 1884, 1887, 1886, 1885, 1856, 1857, 1885, 1888, 1856, 1883, 1888, 1885, 1883, 1886, 1888, 1887, 1889, 1886, 1887, 1890, 1889, 1888, 1891, 1856, 1891, 1845, 1856, 1891, 1844, 1845, 1888, 1892, 1891, 1886, 1892, 1888, 1886, 1889, 1892, 1895, 1894, 1893, 1895, 1896, 1894, 1896, 1897, 1894, 1896, 1898, 1897, 1898, 1899, 1897, 1898, 1900, 1899, 1900, 1901, 1899, 1900, 1902, 1901, 1895, 1411, 1896, 1895, 1409, 1411, 1896, 1413, 1898, 1896, 1411, 1413, 1898, 1415, 1900, 1898, 1413, 1415, 1900, 1417, 1902, 1900, 1415, 1417, 1903, 1409, 1895, 1904, 1409, 1903, 1407, 1409, 1904, 1899, 1905, 1897, 1897, 1905, 1906, 1907, 1906, 1905, 1908, 1907, 1905, 1908, 1905, 1909, 1910, 1908, 1909, 1910, 1909, 1911, 1907, 1912, 1906, 1912, 1913, 1906, 1912, 1914, 1913, 1894, 1906, 1913, 1894, 1913, 1893, 1897, 1906, 1894, 1899, 1909, 1905, 1901, 1909, 1899, 1901, 1911, 1909, 1910, 1911, 1915, 1910, 1915, 1916, 1917, 1916, 1915, 1917, 1918, 1916, 1919, 1918, 1917, 1919, 1917, 1920, 1921, 1919, 1920, 1921, 1920, 1922, 1922, 1923, 1921, 1922, 1924, 1923, 1925, 1924, 1922, 1926, 1924, 1925, 1926, 1927, 1924, 1927, 1923, 1924, 1928, 1927, 1926, 1928, 1929, 1927, 1930, 1929, 1928, 1930, 1931, 1929, 1925, 1922, 1932, 1925, 1932, 1556, 1925, 1556, 1554, 1554, 1926, 1925, 1574, 1931, 1930, 1931, 1574, 1577, 1931, 1577, 1933, 1933, 1929, 1931, 1574, 1930, 1573, 1930, 1563, 1573, 1930, 1562, 1563, 1928, 1562, 1930, 1554, 1934, 1926, 1928, 1935, 1562, 1926, 1935, 1928, 1926, 1934, 1935, 1933, 1936, 1929, 1929, 1936, 1937, 1929, 1937, 1927, 1927, 1937, 1923, 1938, 1562, 1935, 1938, 1559, 1562, 1939, 1559, 1938, 1939, 1935, 1934, 1939, 1938, 1935, 1939, 1553, 1559, 1939, 1554, 1553, 1939, 1934, 1554, 1942, 1941, 1940, 1942, 1943, 1941, 1943, 1944, 1941, 1943, 1945, 1944, 1945, 1946, 1944, 1945, 1947, 1946, 1947, 1948, 1946, 1947, 1949, 1948, 1942, 1431, 1943, 1942, 1429, 1431, 1950, 1429, 1942, 1951, 1429, 1950, 1427, 1429, 1951, 1943, 1433, 1945, 1943, 1431, 1433, 1945, 1435, 1947, 1945, 1433, 1435, 1947, 1437, 1949, 1947, 1435, 1437, 1946, 1952, 1944, 1944, 1952, 1953, 1954, 1953, 1952, 1955, 1954, 1952, 1955, 1952, 1956, 1957, 1955, 1956, 1957, 1956, 1958, 1954, 1959, 1953, 1959, 1960, 1953, 1959, 1961, 1960, 1941, 1953, 1960, 1941, 1960, 1940, 1944, 1953, 1941, 1946, 1956, 1952, 1948, 1956, 1946, 1948, 1958, 1956, 1957, 1958, 1962, 1957, 1962, 1963, 1964, 1963, 1962, 1964, 1965, 1963, 1966, 1965, 1964, 1966, 1964, 1967, 1968, 1966, 1967, 1968, 1967, 1969, 1969, 1970, 1968, 1969, 1971, 1970, 1971, 1969, 1972, 1971, 1972, 1973, 1974, 1971, 1973, 1974, 1975, 1971, 1975, 1970, 1971, 1976, 1975, 1974, 1976, 1977, 1975, 1978, 1977, 1976, 1978, 1979, 1977, 1973, 1972, 1461, 1973, 1461, 1458, 1458, 1974, 1973, 1529, 1979, 1978, 1979, 1529, 1532, 1979, 1532, 1980, 1980, 1977, 1979, 1529, 1978, 1528, 1978, 1518, 1528, 1978, 1517, 1518, 1976, 1517, 1978, 1458, 1981, 1974, 1976, 1982, 1517, 1974, 1982, 1976, 1974, 1981, 1982, 1980, 1983, 1977, 1977, 1984, 1975, 1977, 1983, 1984, 1985, 1517, 1982, 1985, 1982, 1981, 1985, 1472, 1517, 1985, 1459, 1472, 1985, 1986, 1459, 1986, 1458, 1459, 1986, 1981, 1458, 1985, 1981, 1986, 1975, 1984, 1970, 1989, 1988, 1987, 1989, 1990, 1988, 1990, 1991, 1988, 1990, 1992, 1991, 1989, 1451, 1990, 1989, 1449, 1451, 1993, 1449, 1989, 1994, 1449, 1993, 1447, 1449, 1994, 1990, 1453, 1992, 1990, 1451, 1453, 1988, 1995, 1987, 1988, 1996, 1995, 1997, 1988, 1991, 1997, 1996, 1988, 1997, 1998, 1996, 1997, 1999, 1998, 1996, 2000, 1995, 1996, 1998, 2000, 1445, 1447, 1994, 1445, 1994, 2001, 1445, 2001, 1464, 2001, 2002, 1464, 1464, 2002, 1468, 2003, 2002, 2001, 2002, 2003, 2004, 2003, 2005, 2004, 2003, 2006, 2005, 2005, 2006, 2007, 2005, 2007, 2008, 2008, 2007, 1993, 2008, 1993, 2009, 2002, 2004, 2010, 2011, 2010, 2004, 2005, 2011, 2004, 2011, 2012, 2010, 2012, 2013, 2010, 2013, 2002, 2010, 2012, 2014, 2013, 2014, 2015, 2013, 2014, 2016, 2015, 2016, 2017, 2015, 2016, 2018, 2017, 1989, 2009, 1993, 1989, 1987, 2009, 2019, 2012, 2011, 2020, 2019, 2011, 2020, 2021, 2019, 2022, 2021, 2020, 2022, 2023, 2021, 2024, 2023, 2022, 2024, 2022, 2025, 2019, 2026, 2012, 2017, 2018, 1487, 2018, 1486, 1487, 2018, 2027, 1486, 2016, 2027, 2018, 2017, 1487, 1478, 2017, 1478, 1476, 2017, 1476, 1475, 2000, 2024, 2025, 2000, 2025, 1995, 1995, 2025, 2009, 2009, 2025, 2022, 1995, 2009, 1987, 1475, 2015, 2017, 1475, 2028, 2015, 2028, 2013, 2015, 2028, 2029, 2013, 2013, 2029, 2002, 2030, 2002, 2029, 2030, 1468, 2002, 2031, 1468, 2030, 2031, 2028, 1475, 2031, 2029, 2028, 2031, 2030, 2029, 2031, 1469, 1468, 2031, 1475, 1469, 2009, 2022, 2008, 2008, 2022, 2020, 2008, 2020, 2005, 2005, 2020, 2011, 1391, 1405, 1389, 1405, 2032, 1389, 1405, 1904, 2032, 1405, 1407, 1904, 2032, 2033, 1389, 1389, 2033, 1590, 1389, 1590, 1388, 2034, 2033, 2032, 2033, 2034, 2035, 2034, 2036, 2035, 2034, 2037, 2036, 2036, 2037, 2038, 2036, 2038, 2039, 2039, 2038, 1903, 2039, 1903, 2040, 2033, 2035, 2041, 2035, 2042, 2041, 2035, 2043, 2042, 2036, 2043, 2035, 1895, 2040, 1903, 1895, 1893, 2040, 2044, 2042, 2043, 2044, 2045, 2042, 2045, 2046, 2042, 2045, 2047, 2046, 2047, 2048, 2046, 2047, 2049, 2048, 2048, 2049, 2050, 2048, 2050, 2051, 2051, 2050, 1582, 2051, 1582, 1583, 1913, 2040, 1893, 2052, 2051, 1583, 2048, 2051, 2052, 2052, 1583, 1571, 2052, 1571, 1572, 2052, 1572, 1586, 1586, 2053, 2052, 2048, 2052, 2053, 2046, 2048, 2053, 1586, 2054, 2053, 2054, 2055, 2053, 2046, 2053, 2055, 2054, 2056, 2055, 2055, 2056, 2033, 2055, 2033, 2041, 2042, 2055, 2041, 2042, 2046, 2055, 2057, 2033, 2056, 2057, 1590, 2033, 2058, 1590, 2057, 2058, 2054, 1586, 2058, 2056, 2054, 2058, 2057, 2056, 2058, 1587, 1590, 2058, 1586, 1587, 1665, 2059, 1666, 1665, 2060, 2059, 1667, 2060, 1665, 1667, 2061, 2060, 2061, 2062, 2060, 2062, 2059, 2060, 2061, 2063, 2062, 2062, 2064, 2059, 2065, 2061, 1667, 2065, 2063, 2061, 2065, 1667, 2066, 2067, 2065, 2066, 2067, 2066, 2068, 2069, 2067, 2068, 2069, 2068, 2070, 2071, 2069, 2070, 2071, 2070, 2072, 2073, 2071, 2072, 2073, 2074, 2071, 2075, 2074, 2073, 2075, 2076, 2074, 2077, 2076, 2075, 2077, 2078, 2076, 2079, 2078, 2077, 2079, 2080, 2078, 2073, 2072, 1635, 2070, 1635, 2072, 2073, 1635, 1633, 1633, 2075, 2073, 2071, 2074, 2081, 2076, 2081, 2074, 2071, 2081, 2082, 2082, 2069, 2071, 1849, 2080, 2079, 2079, 1848, 1849, 2079, 1858, 1848, 2077, 1858, 2079, 1849, 1850, 2080, 2080, 1850, 1855, 2080, 1855, 2083, 2083, 2078, 2080, 1633, 2084, 2075, 2077, 2085, 1858, 2075, 2085, 2077, 2075, 2084, 2085, 2083, 2086, 2078, 2087, 1858, 2085, 2087, 1859, 1858, 2088, 1859, 2087, 2088, 2084, 1633, 2088, 2085, 2084, 2088, 2087, 2085, 2088, 1632, 1859, 2088, 1633, 1632, 2078, 2086, 2089, 2078, 2089, 2076, 2076, 2089, 2081, 2092, 2091, 2090, 2092, 2093, 2091, 2090, 2091, 2094, 2090, 2094, 2095, 2095, 2094, 2096, 2095, 2096, 2097, 2097, 2096, 2098, 2097, 2098, 2099, 2099, 2098, 2100, 2099, 2100, 2101, 2101, 2100, 2102, 2101, 2102, 2103, 2103, 2102, 2104, 2103, 2104, 2105, 2105, 2104, 2106, 2105, 2106, 2107, 2107, 2106, 2108, 2107, 2108, 2109, 2109, 2108, 2110, 2109, 2110, 2111, 2111, 2110, 2112, 2111, 2112, 2113, 2113, 2112, 2114, 2113, 2114, 2115, 2115, 2114, 2116, 2115, 2116, 2117, 2117, 2116, 2118, 2117, 2118, 2119, 2119, 2118, 2120, 2119, 2120, 2121, 2121, 2120, 2122, 2121, 2122, 2123, 2123, 2122, 2124, 2123, 2124, 2125, 2125, 2124, 2126, 2125, 2126, 2127, 2127, 2126, 2128, 2127, 2128, 2129, 2129, 2128, 2130, 2129, 2130, 2131, 2131, 2130, 2132, 2131, 2132, 2133, 2133, 2132, 2134, 2133, 2134, 2135, 2135, 2134, 2136, 2135, 2136, 2137, 2137, 2136, 2138, 2137, 2138, 2139, 2139, 2138, 2140, 2139, 2140, 2141, 2141, 2140, 2142, 2141, 2142, 2143, 2143, 2142, 2144, 2143, 2144, 2145, 2145, 2144, 2146, 2145, 2146, 2147, 2147, 2146, 2148, 2147, 2148, 2149, 2149, 2148, 2150, 2149, 2150, 2151, 2151, 2150, 2152, 2151, 2152, 2153, 2153, 2152, 2154, 2153, 2154, 2155, 2155, 2154, 2156, 2155, 2156, 2157, 2157, 2156, 2158, 2157, 2158, 2159, 2159, 2158, 2160, 2159, 2160, 2161, 2161, 2160, 2162, 2161, 2162, 2163, 2163, 2162, 2164, 2163, 2164, 2165, 2165, 2164, 2166, 2165, 2166, 2167, 2167, 2166, 2168, 2167, 2168, 2169, 2169, 2168, 2093, 2169, 2093, 2092, 2156, 2170, 2158, 2156, 2171, 2170, 2154, 2171, 2156, 2154, 2172, 2171, 2152, 2172, 2154, 2152, 2173, 2172, 2150, 2173, 2152, 2150, 2174, 2173, 2148, 2174, 2150, 2148, 2175, 2174, 2146, 2175, 2148, 2146, 2176, 2175, 2144, 2176, 2146, 2144, 2177, 2176, 2142, 2177, 2144, 2142, 2178, 2177, 2140, 2178, 2142, 2140, 2179, 2178, 2138, 2179, 2140, 2138, 2180, 2179, 2136, 2180, 2138, 2136, 2181, 2180, 2134, 2181, 2136, 2134, 2182, 2181, 2132, 2182, 2134, 2132, 2183, 2182, 2130, 2183, 2132, 2130, 2184, 2183, 2128, 2184, 2130, 2128, 2185, 2184, 2126, 2185, 2128, 2126, 2186, 2185, 2124, 2186, 2126, 2124, 2187, 2186, 2122, 2187, 2124, 2122, 2188, 2187, 2120, 2188, 2122, 2120, 2189, 2188, 2118, 2189, 2120, 2118, 2190, 2189, 2116, 2190, 2118, 2116, 2191, 2190, 2114, 2191, 2116, 2114, 2192, 2191, 2112, 2192, 2114, 2112, 2193, 2192, 2110, 2193, 2112, 2110, 2194, 2193, 2108, 2194, 2110, 2108, 2195, 2194, 2106, 2195, 2108, 2106, 2196, 2195, 2104, 2196, 2106, 2104, 2197, 2196, 2102, 2197, 2104, 2102, 2198, 2197, 2100, 2198, 2102, 2100, 2199, 2198, 2098, 2199, 2100, 2098, 2200, 2199, 2096, 2200, 2098, 2096, 2201, 2200, 2094, 2201, 2096, 2094, 2202, 2201, 2091, 2202, 2094, 2091, 2203, 2202, 2093, 2203, 2091, 2093, 2204, 2203, 2168, 2204, 2093, 2168, 2205, 2204, 2166, 2205, 2168, 2166, 2206, 2205, 2164, 2206, 2166, 2164, 2207, 2206, 2162, 2207, 2164, 2162, 2208, 2207, 2160, 2208, 2162, 2160, 2209, 2208, 2158, 2209, 2160, 2158, 2170, 2209, 2204, 2210, 2203, 2204, 2211, 2210, 2205, 2211, 2204, 2170, 2212, 2209, 2170, 2213, 2212, 2171, 2213, 2170, 2171, 2214, 2213, 2172, 2214, 2171, 2172, 2215, 2214, 2173, 2215, 2172, 2173, 2216, 2215, 2174, 2216, 2173, 2174, 2217, 2216, 2175, 2217, 2174, 2175, 2218, 2217, 2176, 2218, 2175, 2176, 2219, 2218, 2177, 2219, 2176, 2177, 2220, 2219, 2178, 2220, 2177, 2178, 2221, 2220, 2179, 2221, 2178, 2179, 2222, 2221, 2180, 2222, 2179, 2180, 2223, 2222, 2181, 2223, 2180, 2181, 2224, 2223, 2182, 2224, 2181, 2182, 2225, 2224, 2183, 2225, 2182, 2183, 2226, 2225, 2184, 2226, 2183, 2184, 2227, 2226, 2185, 2227, 2184, 2185, 2228, 2227, 2186, 2228, 2185, 2186, 2229, 2228, 2187, 2229, 2186, 2187, 2230, 2229, 2188, 2230, 2187, 2188, 2231, 2230, 2189, 2231, 2188, 2189, 2232, 2231, 2190, 2232, 2189, 2190, 2233, 2232, 2191, 2233, 2190, 2191, 2234, 2233, 2192, 2234, 2191, 2192, 2235, 2234, 2193, 2235, 2192, 2193, 2236, 2235, 2194, 2236, 2193, 2194, 2237, 2236, 2195, 2237, 2194, 2195, 2238, 2237, 2196, 2238, 2195, 2196, 2239, 2238, 2197, 2239, 2196, 2197, 2240, 2239, 2198, 2240, 2197, 2198, 2241, 2240, 2199, 2241, 2198, 2199, 2242, 2241, 2200, 2242, 2199, 2200, 2243, 2242, 2201, 2243, 2200, 2201, 2244, 2243, 2202, 2244, 2201, 2202, 2245, 2244, 2203, 2245, 2202, 2203, 2210, 2245, 2210, 2246, 2245, 2210, 2247, 2246, 2211, 2247, 2210, 2211, 2248, 2247, 2245, 2249, 2244, 2245, 2246, 2249, 2244, 2250, 2243, 2244, 2249, 2250, 2243, 2251, 2242, 2243, 2250, 2251, 2242, 2251, 2252, 2242, 2252, 2241, 2241, 2252, 2253, 2241, 2253, 2240, 2240, 2253, 2254, 2240, 2254, 2239, 2239, 2254, 2255, 2239, 2255, 2238, 2238, 2255, 2256, 2253, 2256, 2254, 2254, 2256, 2255, 2238, 2256, 2237, 2237, 2256, 2257, 2253, 2257, 2256, 2252, 2257, 2253, 2237, 2257, 2236, 2236, 2257, 2258, 2252, 2258, 2257, 2251, 2258, 2252, 2236, 2258, 2235, 2235, 2258, 2259, 2235, 2259, 2234, 2234, 2259, 2260, 2234, 2260, 2233, 2233, 2260, 2261, 2233, 2261, 2232, 2232, 2261, 2262, 2232, 2262, 2231, 2231, 2262, 2263, 2231, 2263, 2230, 2230, 2263, 2264, 2230, 2264, 2229, 2229, 2264, 2265, 2229, 2265, 2228, 2228, 2265, 2266, 2228, 2266, 2227, 2227, 2266, 2267, 2227, 2267, 2226, 2226, 2267, 2268, 2226, 2268, 2225, 2225, 2268, 2269, 2225, 2269, 2224, 2224, 2269, 2270, 2224, 2270, 2223, 2223, 2270, 2271, 2223, 2271, 2222, 2222, 2271, 2272, 2222, 2272, 2221, 2221, 2272, 2273, 2221, 2273, 2220, 2220, 2273, 2274, 2220, 2274, 2219, 2219, 2274, 2275, 2219, 2275, 2218, 2218, 2275, 2276, 2276, 2274, 2273, 2274, 2276, 2275, 2218, 2276, 2217, 2217, 2276, 2277, 2277, 2273, 2272, 2276, 2273, 2277, 2217, 2277, 2216, 2216, 2277, 2278, 2278, 2272, 2271, 2277, 2272, 2278, 2216, 2278, 2215, 2215, 2278, 2279, 2215, 2279, 2214, 2214, 2279, 2280, 2214, 2280, 2213, 2213, 2280, 2281, 2213, 2281, 2212, 2212, 2281, 2282, 2212, 2282, 2283, 2209, 2212, 2283, 2209, 2283, 2208, 2208, 2283, 2284, 2208, 2284, 2207, 2207, 2284, 2285, 2207, 2285, 2206, 2206, 2285, 2286, 2206, 2286, 2205, 2205, 2286, 2211, 2283, 2287, 2284, 2283, 2282, 2287, 2284, 2288, 2285, 2284, 2287, 2288, 2285, 2289, 2286, 2285, 2288, 2289, 2286, 2248, 2211, 2286, 2289, 2248, 2289, 2264, 2248, 2248, 2264, 2263, 2248, 2263, 2247, 2247, 2263, 2262, 2247, 2262, 2246, 2246, 2262, 2261, 2246, 2261, 2249, 2249, 2261, 2260, 2249, 2260, 2250, 2250, 2260, 2259, 2250, 2259, 2251, 2251, 2259, 2258, 2289, 2265, 2264, 2288, 2265, 2289, 2288, 2266, 2265, 2287, 2266, 2288, 2287, 2267, 2266, 2282, 2267, 2287, 2282, 2268, 2267, 2281, 2268, 2282, 2281, 2269, 2268, 2280, 2269, 2281, 2280, 2270, 2269, 2279, 2270, 2280, 2279, 2271, 2270, 2278, 2271, 2279, 2290, 1520, 1519, 2290, 1523, 1520, 1539, 1523, 2290, 2291, 2290, 1519, 2292, 2291, 1519, 2292, 1519, 1516, 1513, 2292, 1516, 1511, 2292, 1513, 1511, 1514, 2292, 1514, 2291, 2292, 1514, 2293, 2291, 1515, 2293, 1514, 1515, 2294, 2293, 2294, 2295, 2293, 2294, 2296, 2295, 2291, 2297, 2290, 2293, 2297, 2291, 2293, 2295, 2297, 2297, 1539, 2290, 2296, 2298, 2295, 2296, 2299, 2298, 2297, 2300, 1539, 2295, 2300, 2297, 2295, 2298, 2300, 2299, 2301, 2298, 2299, 2302, 2301, 2298, 2303, 2300, 2298, 2301, 2303, 2300, 2303, 1540, 2300, 1540, 1539, 2302, 2304, 2301, 2302, 2305, 2304, 2303, 1543, 1540, 2303, 2306, 1543, 2301, 2306, 2303, 2301, 2304, 2306, 2305, 2307, 2304, 2305, 2308, 2307, 2306, 1544, 1543, 2306, 2309, 1544, 2304, 2309, 2306, 2304, 2307, 2309, 2308, 2310, 2307, 2308, 2311, 2310, 2309, 1547, 1544, 2309, 2312, 1547, 2307, 2312, 2309, 2307, 2310, 2312, 2311, 2313, 2310, 2311, 2314, 2313, 2312, 1558, 1547, 2312, 2315, 1558, 2310, 2315, 2312, 2310, 2313, 2315, 2314, 2316, 2313, 2314, 2317, 2316, 2315, 1560, 1558, 2315, 2318, 1560, 2313, 2318, 2315, 2313, 2316, 2318, 2317, 2319, 2316, 2317, 2320, 2319, 2318, 1561, 1560, 2318, 2321, 1561, 2316, 2321, 2318, 2316, 2319, 2321, 2320, 2322, 2319, 2320, 2323, 2322, 2321, 1564, 1561, 2321, 2324, 1564, 2319, 2324, 2321, 2319, 2322, 2324, 2323, 2325, 2322, 2323, 2326, 2325, 2324, 2327, 1564, 2327, 1565, 1564, 2327, 1568, 1565, 1584, 1568, 2327, 2324, 2328, 2327, 2322, 2328, 2324, 2322, 2325, 2328, 2328, 1584, 2327, 2326, 2329, 2325, 2326, 2330, 2329, 2328, 2331, 1584, 2325, 2331, 2328, 2325, 2329, 2331, 2330, 2332, 2329, 2330, 2333, 2332, 2331, 1585, 1584, 2331, 2334, 1585, 2329, 2334, 2331, 2329, 2332, 2334, 2333, 2335, 2332, 2333, 2336, 2335, 2334, 1588, 1585, 2334, 2337, 1588, 2332, 2337, 2334, 2332, 2335, 2337, 2336, 2338, 2335, 2336, 2339, 2338, 2337, 1589, 1588, 2337, 2340, 1589, 2335, 2340, 2337, 2335, 2338, 2340, 2339, 2341, 2338, 2339, 2342, 2341, 2340, 1591, 1589, 2340, 2343, 1591, 2338, 2343, 2340, 2338, 2341, 2343, 2342, 2344, 2341, 2342, 2345, 2344, 2343, 1592, 1591, 2343, 2346, 1592, 2341, 2346, 2343, 2341, 2344, 2346, 2345, 2347, 2344, 2345, 2348, 2347, 2346, 1594, 1592, 2346, 2349, 1594, 2344, 2349, 2346, 2344, 2347, 2349, 2348, 2350, 2347, 2348, 2351, 2350, 2349, 1595, 1594, 2349, 2352, 1595, 2347, 2352, 2349, 2347, 2350, 2352, 2351, 2353, 2350, 2351, 2354, 2353, 2352, 1598, 1595, 2352, 2355, 1598, 2350, 2355, 2352, 2350, 2353, 2355, 2354, 2356, 2353, 2354, 2357, 2356, 2355, 2358, 1598, 2358, 1599, 1598, 2358, 1602, 1599, 1619, 1602, 2358, 1619, 1604, 1602, 2355, 2359, 2358, 2353, 2359, 2355, 2353, 2356, 2359, 1619, 2358, 2359, 1867, 2356, 2357, 1867, 2357, 1869, 1866, 2356, 1867, 1866, 2359, 2356, 1619, 2359, 1866, 2361, 2090, 2360, 2361, 2092, 2090, 2360, 2090, 2095, 2360, 2095, 2362, 2362, 2095, 2097, 2362, 2097, 2363, 2363, 2097, 2099, 2363, 2099, 2364, 2364, 2099, 2101, 2364, 2101, 2365, 2365, 2101, 2103, 2365, 2103, 2366, 2366, 2103, 2105, 2366, 2105, 2367, 2367, 2105, 2107, 2367, 2107, 2368, 2368, 2107, 2109, 2368, 2109, 2369, 2369, 2109, 2111, 2369, 2111, 2370, 2370, 2111, 2113, 2370, 2113, 2371, 2371, 2113, 2115, 2371, 2115, 2372, 2372, 2115, 2117, 2372, 2117, 2373, 2373, 2117, 2119, 2373, 2119, 2374, 2374, 2119, 2121, 2374, 2121, 2375, 2375, 2121, 2123, 2375, 2123, 2376, 2376, 2123, 2125, 2376, 2125, 2377, 2377, 2125, 2127, 2377, 2127, 2378, 2378, 2127, 2129, 2378, 2129, 2379, 2379, 2129, 2131, 2379, 2131, 2380, 2380, 2131, 2133, 2380, 2133, 2381, 2381, 2133, 2135, 2381, 2135, 2382, 2382, 2135, 2137, 2382, 2137, 2383, 2383, 2137, 2139, 2383, 2139, 2384, 2384, 2139, 2141, 2384, 2141, 2385, 2385, 2141, 2143, 2385, 2143, 2386, 2386, 2143, 2145, 2386, 2145, 2387, 2387, 2145, 2147, 2387, 2147, 2388, 2388, 2147, 2149, 2388, 2149, 2389, 2389, 2149, 2151, 2389, 2151, 2390, 2390, 2151, 2153, 2390, 2153, 2391, 2391, 2153, 2155, 2391, 2155, 2392, 2392, 2155, 2157, 2392, 2157, 2393, 2393, 2157, 2159, 2393, 2159, 2394, 2394, 2159, 2161, 2394, 2161, 2395, 2395, 2161, 2163, 2395, 2163, 2396, 2396, 2163, 2165, 2396, 2165, 2397, 2397, 2165, 2167, 2397, 2167, 2398, 2398, 2167, 2169, 2398, 2169, 2399, 2399, 2169, 2092, 2399, 2092, 2361, 2393, 2394, 2400, 2393, 2400, 2401, 2392, 2393, 2401, 2392, 2401, 2402, 2391, 2392, 2402, 2391, 2402, 2403, 2390, 2391, 2403, 2390, 2403, 2404, 2389, 2390, 2404, 2389, 2404, 2405, 2388, 2389, 2405, 2388, 2405, 2406, 2387, 2388, 2406, 2387, 2406, 2407, 2386, 2387, 2407, 2386, 2407, 2408, 2385, 2386, 2408, 2385, 2408, 2409, 2384, 2385, 2409, 2384, 2409, 2410, 2383, 2384, 2410, 2383, 2410, 2411, 2382, 2383, 2411, 2382, 2411, 2412, 2381, 2382, 2412, 2381, 2412, 2413, 2380, 2381, 2413, 2380, 2413, 2414, 2379, 2380, 2414, 2379, 2414, 2415, 2378, 2379, 2415, 2378, 2415, 2416, 2377, 2378, 2416, 2377, 2416, 2417, 2376, 2377, 2417, 2376, 2417, 2418, 2375, 2376, 2418, 2375, 2418, 2419, 2374, 2375, 2419, 2374, 2419, 2420, 2373, 2374, 2420, 2373, 2420, 2421, 2372, 2373, 2421, 2372, 2421, 2422, 2371, 2372, 2422, 2371, 2422, 2423, 2370, 2371, 2423, 2370, 2423, 2424, 2369, 2370, 2424, 2369, 2424, 2425, 2368, 2369, 2425, 2368, 2425, 2426, 2367, 2368, 2426, 2367, 2426, 2427, 2366, 2367, 2427, 2366, 2427, 2428, 2365, 2366, 2428, 2365, 2428, 2429, 2364, 2365, 2429, 2364, 2429, 2430, 2363, 2364, 2430, 2363, 2430, 2431, 2362, 2363, 2431, 2362, 2431, 2432, 2360, 2362, 2432, 2360, 2432, 2433, 2361, 2360, 2433, 2361, 2433, 2434, 2434, 2399, 2361, 2434, 2435, 2399, 2398, 2399, 2435, 2398, 2435, 2436, 2397, 2398, 2436, 2397, 2436, 2437, 2396, 2397, 2437, 2396, 2437, 2438, 2395, 2396, 2438, 2395, 2438, 2439, 2394, 2395, 2439, 2394, 2439, 2400, 1417, 2440, 1902, 1417, 1557, 2440, 1417, 1419, 1557, 2441, 1902, 2440, 2441, 1901, 1902, 2441, 1911, 1901, 2441, 1915, 1911, 2440, 2442, 2441, 2440, 2443, 2442, 2443, 2444, 2442, 2443, 2445, 2444, 2444, 2445, 1556, 2444, 1556, 1932, 1917, 2441, 2442, 1917, 1915, 2441, 1920, 2442, 2444, 1920, 1917, 2442, 1922, 2444, 1932, 1922, 1920, 2444, 2446, 1556, 2445, 2446, 1555, 1556, 2447, 1555, 2446, 2447, 2445, 2443, 2447, 2446, 2445, 2447, 1557, 1555, 2447, 2440, 1557, 2447, 2443, 2440, 1951, 1425, 1427, 2448, 1425, 1951, 1425, 2448, 1549, 2448, 2449, 1549, 1549, 2449, 1545, 2450, 2449, 2448, 2449, 2450, 2451, 2450, 2452, 2451, 2450, 2453, 2452, 2452, 2453, 2454, 2452, 2454, 2455, 2455, 2454, 1950, 2455, 1950, 2456, 2449, 2451, 2457, 2451, 2458, 2457, 2451, 2459, 2458, 2452, 2459, 2451, 1942, 2456, 1950, 1942, 1940, 2456, 2460, 2458, 2459, 2460, 2461, 2458, 2461, 2462, 2458, 2461, 2463, 2462, 2463, 2464, 2462, 2463, 2465, 2464, 2464, 2465, 2466, 2464, 2466, 2467, 2467, 2466, 1537, 2467, 1537, 1538, 1960, 2456, 1940, 2468, 2467, 1538, 2464, 2467, 2468, 2468, 1538, 1526, 2468, 1526, 1527, 2468, 1527, 1541, 1541, 2469, 2468, 2464, 2468, 2469, 2462, 2464, 2469, 1541, 2470, 2469, 2470, 2471, 2469, 2462, 2469, 2471, 2470, 2472, 2471, 2471, 2472, 2449, 2471, 2449, 2457, 2458, 2471, 2457, 2458, 2462, 2471, 2473, 2449, 2472, 2473, 2472, 2470, 2473, 1545, 2449, 2473, 1542, 1545, 2473, 2474, 1542, 2474, 1541, 1542, 2474, 2470, 1541, 2473, 2470, 2474, 1437, 2475, 1949, 1437, 1455, 2475, 1437, 1439, 1455, 2476, 1949, 2475, 2476, 1948, 1949, 2476, 1958, 1948, 2476, 1962, 1958, 2475, 2477, 2476, 2475, 2478, 2477, 2478, 2479, 2477, 2478, 2480, 2479, 2479, 2480, 1461, 2479, 1461, 1972, 1964, 2476, 2477, 1964, 1962, 2476, 1967, 2477, 2479, 1967, 1964, 2477, 1969, 2479, 1972, 1969, 1967, 2479, 2481, 1461, 2480, 2481, 2480, 2478, 2481, 1456, 1461, 2481, 1455, 1456, 2481, 2482, 1455, 2481, 2478, 2482, 2482, 2475, 1455, 2482, 2478, 2475, 1654, 2483, 1668, 1654, 1637, 2483, 1654, 1638, 1637, 2066, 1668, 2483, 2066, 1667, 1668, 2483, 2068, 2066, 2483, 2484, 2068, 2484, 2070, 2068, 2484, 2485, 2070, 2070, 2485, 1635, 2486, 1635, 2485, 2486, 1634, 1635, 2487, 1634, 2486, 2487, 1637, 1634, 2487, 2483, 1637, 2487, 2484, 2483, 2487, 2485, 2484, 2487, 2486, 2485, 1643, 2488, 1628, 1643, 1680, 2488, 1643, 1645, 1680, 2488, 2489, 1628, 1628, 2489, 1624, 2490, 2489, 2488, 2489, 2490, 2491, 2490, 2492, 2491, 2490, 2493, 2492, 2492, 2493, 2494, 2492, 2494, 2495, 2495, 2494, 1679, 2495, 1679, 2496, 2489, 2491, 2497, 2491, 2498, 2497, 2491, 2499, 2498, 2492, 2499, 2491, 1675, 2496, 1679, 1675, 1676, 2496, 2500, 2498, 2499, 2500, 2501, 2498, 2501, 2502, 2498, 2501, 2503, 2502, 2502, 2503, 2504, 2502, 2504, 2505, 2505, 2504, 2506, 2505, 2506, 2507, 2507, 2506, 1616, 2507, 1616, 1617, 1681, 2496, 1676, 2508, 2507, 1617, 2505, 2507, 2508, 2508, 1617, 1605, 2508, 1605, 1606, 2508, 1606, 1620, 1620, 2509, 2508, 2505, 2508, 2509, 2502, 2505, 2509, 1620, 2510, 2509, 2510, 2511, 2509, 2502, 2509, 2511, 2510, 2512, 2511, 2511, 2512, 2489, 2511, 2489, 2497, 2498, 2511, 2497, 2498, 2502, 2511, 2513, 2489, 2512, 2513, 2512, 2510, 2513, 1624, 2489, 2513, 1621, 1624, 2513, 2514, 1621, 2514, 1620, 1621, 2514, 2510, 1620, 2513, 2510, 2514, 1961, 2515, 1960, 1961, 2516, 2515, 1960, 2515, 2456, 2456, 2515, 2517, 2516, 2517, 2515, 2456, 2517, 2455, 2455, 2517, 2518, 2455, 2518, 2452, 2452, 2518, 2459, 2516, 2519, 2517, 2518, 2460, 2459, 2518, 2520, 2460, 2517, 2520, 2518, 2517, 2519, 2520, 1914, 2521, 1913, 1914, 2522, 2521, 1913, 2521, 2040, 2040, 2521, 2523, 2522, 2523, 2521, 2040, 2523, 2039, 2039, 2523, 2524, 2039, 2524, 2036, 2036, 2524, 2043, 2522, 2525, 2523, 2524, 2044, 2043, 2524, 2526, 2044, 2523, 2526, 2524, 2523, 2525, 2526, 1690, 2527, 1681, 1690, 2528, 2527, 1681, 2527, 2496, 2496, 2527, 2529, 2528, 2529, 2527, 2496, 2529, 2495, 2495, 2529, 2530, 2495, 2530, 2492, 2492, 2530, 2499, 2528, 2531, 2529, 2530, 2500, 2499, 2530, 2532, 2500, 2529, 2532, 2530, 2529, 2531, 2532, 2065, 2533, 2063, 2067, 2533, 2065, 2067, 2534, 2533, 2535, 2534, 2067, 2535, 2067, 2069, 2082, 2535, 2069, 2026, 2014, 2012, 2026, 2536, 2014, 2536, 2016, 2014, 2536, 2537, 2016, 2016, 2537, 2027, 1702, 2538, 1708, 1712, 2538, 1702, 1712, 1702, 1704, 2539, 1903, 2038, 2539, 1904, 1903, 2539, 2032, 1904, 2539, 2540, 2032, 2540, 2034, 2032, 2540, 2037, 2034, 2539, 2037, 2540, 2539, 2038, 2037, 2541, 1950, 2454, 2541, 1951, 1950, 2542, 1951, 2541, 2542, 2541, 2454, 2542, 2448, 1951, 2542, 2450, 2448, 2542, 2453, 2450, 2542, 2454, 2453, 2543, 1993, 2007, 2543, 1994, 1993, 2543, 2001, 1994, 2543, 2544, 2001, 2544, 2003, 2001, 2544, 2006, 2003, 2543, 2006, 2544, 2543, 2007, 2006, 2545, 1679, 2494, 2545, 1680, 1679, 2545, 2488, 1680, 2545, 2546, 2488, 2546, 2490, 2488, 2546, 2493, 2490, 2545, 2493, 2546, 2545, 2494, 2493, 2547, 1596, 1711, 2547, 1593, 1596, 2548, 1593, 2547, 2548, 2547, 1711, 2548, 1394, 1593, 2548, 1395, 1394, 2548, 1710, 1395, 2548, 1711, 1710]
        rel material:binding = </root/mesh_0_0/Material>
        normal3f[] normals = [(-0.9876887, 0, 0.15643217), (-0.9876886, 0.0009445787, 0.1564299), (-0.9510566, 0, 0.30901682), (-0.9510568, 0.00094464043, 0.3090147), (-0.8910065, 0, 0.45399043), (-0.8910072, 0.00094467925, 0.45398825), (-0.8090172, 0, 0.587785), (-0.80901784, 0.0009447032, 0.58778334), (-0.7071068, 1.0062754e-7, 0.70710677), (-0.7071083, 0.00094468426, 0.70710456), (-0.5877852, 1.12814206e-7, 0.80901706), (-0.5877868, 0.0009447061, 0.80901533), (-0.45399106, 1.2760759e-7, 0.89100623), (-0.453992, 0.000944757, 0.8910053), (-0.3090174, 1.4497908e-7, 0.95105636), (-0.30901936, 0.00094476936, 0.9510553), (-0.15643418, 1.5998549e-7, 0.98768836), (-0.15643631, 0.00094476383, 0.9876876), (6.341655e-7, 1.7063518e-7, 1), (-0.0000022436082, 0.0009447699, 0.9999996), (-0.8063174, 0.08318815, 0.58560395), (-0.8880004, 0.08318829, 0.45225543), (-0.94781554, 0.08318774, 0.3077751), (-0.9842929, 0.08318944, 0.15571424), (-0.9999996, 0.0009445425, -0.0000044578305), (-1, 0, -0.0000021196774), (-0.98768765, 0.0009445018, -0.15643601), (-0.98768836, 0, -0.15643424), (-0.9510555, 0.00094449247, -0.30901855), (-0.95105654, -1.1341628e-7, -0.30901688), (-0.89100516, 0.0009444659, -0.45399222), (-0.89100665, -1.3728977e-7, -0.4539903), (-0.8090153, 0.00094444613, -0.58778685), (-0.8090172, -1.3610504e-7, -0.587785), (-0.7071053, 0.00094444765, -0.70710766), (-0.7071072, -1.5945565e-7, -0.70710635), (-0.5877837, 0.0009444482, -0.8090176), (-0.5877853, -1.7285747e-7, -0.80901694), (-0.45398805, 0.00094444794, -0.8910073), (-0.4539902, -1.7686367e-7, -0.8910067), (-0.30901426, 0.00094443257, -0.95105696), (-0.3090175, -1.7989909e-7, -0.95105636), (-0.15643153, 0.00094443385, -0.98768836), (-0.15643473, -1.7719415e-7, -0.9876883), (0.0000022274878, 0.00094443496, -0.9999996), (0, -1.707724e-7, -1), (0.15643638, 0.00094444887, -0.9876876), (0.15643366, -1.601608e-7, -0.9876885), (0.30901983, 0.0009444895, -0.9510551), (0.3090165, -1.4497832e-7, -0.95105666), (0.45399195, 0.00094449695, -0.8910053), (0.45399114, -1.2760664e-7, -0.8910062), (0.58778644, 0.00094452297, -0.8090156), (0.58778554, -1.13084134e-7, -0.8090168), (0.70710814, 0.00094452366, -0.70710474), (0.7071063, 0, -0.70710725), (0.80901796, 0.0009445238, -0.58778316), (0.8090168, 0, -0.58778554), (0.8910072, 0.00094456534, -0.45398816), (0.8910066, 0, -0.4539904), (0.95105666, 0.0009446018, -0.30901507), (0.9510565, 0, -0.30901706), (0.98768824, 0.0009446752, -0.15643232), (0.9876883, 0, -0.15643455), (0.9999996, 0.0009446119, 0.0000021198057), (1, 1.2535224e-7, 0), (0.9876876, 0.00094465475, 0.15643641), (0.98768836, 0, 0.1564345), (0.9510554, 0.0009447376, 0.3090189), (0.9510565, 0, 0.30901706), (0.8910052, 0.000944783, 0.45399213), (0.8910065, 1.2017925e-7, 0.4539905), (0.8090154, 0.0009448153, 0.58778673), (0.8090168, 1.3556298e-7, 0.5877855), (0.707105, 0.0009447958, 0.70710796), (0.70710623, 1.6909519e-7, 0.7071073), (0.5877837, 0.00094480667, 0.8090176), (0.58778465, 1.7258682e-7, 0.8090174), (0.45398873, 0.00094479695, 0.89100695), (0.4539902, 1.859613e-7, 0.8910067), (0.30901492, 0.0009448103, 0.9510567), (0.30901694, 1.7989962e-7, 0.95105654), (0.15643172, 0.0009447838, 0.9876883), (0.15643468, 1.7719482e-7, 0.9876883), (-0.0000022436082, 0.0009447699, 0.9999996), (6.341655e-7, 1.7063518e-7, 1), (0.15571623, 0.08318834, 0.98429275), (-0.00017871145, 0.08318733, 0.99653393), (0.15391932, 0.1658, 0.9740735), (-0.0003548494, 0.16579807, 0.9861597), (0.15105964, 0.24724357, 0.9571059), (-0.0005255785, 0.24724147, 0.9689537), (0.14716035, 0.32694522, 0.9335152), (-0.00068766845, 0.32694107, 0.94504446), (0.14224972, 0.4043477, 0.9034755), (-0.00083855714, 0.4043446, 0.91460633), (0.13636768, 0.4789196, 0.86720234), (-0.0009742128, 0.47891745, 0.8778594), (0.12955728, 0.5501578, 0.82494926), (-0.0010940431, 0.5501545, 0.8350622), (0.12186708, 0.617586, 0.7770044), (-0.0011931884, 0.6175808, 0.7865066), (0.11619377, 0.6754714, 0.72817403), (0.0008360032, 0.67546886, 0.737388), (0.22865303, 0.67547613, 0.7010348), (0.24190044, 0.6175861, 0.7483793), (0.2570011, 0.5501616, 0.7945267), (0.270342, 0.47892225, 0.8351938), (0.2818285, 0.40434873, 0.87010044), (0.2913783, 0.3269459, 0.89900225), (0.29892138, 0.24724491, 0.9216919), (0.30440202, 0.16580003, 0.93800306), (0.30777583, 0.0831884, 0.94781524), (0.33549216, 0.67547554, 0.65664136), (0.35598868, 0.617585, 0.70132786), (0.3781235, 0.55015683, 0.7445469), (0.3976613, 0.47891983, 0.7826246), (0.41446924, 0.40434843, 0.81530213), (0.42842495, 0.32694465, 0.8423534), (0.43942466, 0.24724287, 0.8635838), (0.44738814, 0.16579819, 0.87883717), (0.45225444, 0.083187394, 0.88800097), (0.43409723, 0.6754724, 0.5960676), (0.46132967, 0.6175837, 0.6369971), (0.4899495, 0.55015725, 0.67622226), (0.5152024, 0.47891814, 0.710777), (0.5369115, 0.40434426, 0.7404268), (0.5549242, 0.32694253, 0.76496255), (0.5691093, 0.24724208, 0.7842104), (0.5793627, 0.1657987, 0.79802865), (0.585604, 0.08318835, 0.8063173), (0.5220071, 0.67547226, 0.5208127), (0.5553016, 0.6175851, 0.55698174), (0.5897038, 0.5501589, 0.59124833), (0.62005115, 0.4789211, 0.6214267), (0.646133, 0.4043492, 0.6473128), (0.6677611, 0.32694533, 0.6687316), (0.6847818, 0.2472433, 0.68552506), (0.6970682, 0.16579926, 0.6975718), (0.7045284, 0.083188355, 0.7047832), (0.5970397, 0.67547584, 0.43275395), (0.635586, 0.617588, 0.46326613), (0.67492867, 0.55016154, 0.4917251), (0.7096247, 0.47892195, 0.5167848), (0.7394345, 0.40434918, 0.5382735), (0.76414925, 0.32694638, 0.5560413), (0.78358996, 0.24724483, 0.569962), (0.7976113, 0.16580011, 0.5799366), (0.80610806, 0.08318862, 0.585892), (0.65738547, 0.6754756, 0.33403152), (0.70023364, 0.617585, 0.35813624), (0.74354494, 0.5501575, 0.3800891), (0.78173244, 0.47892004, 0.3994121), (0.814536, 0.4043478, 0.4159736), (0.84172565, 0.32694438, 0.42965722), (0.8631041, 0.24724315, 0.44036597), (0.8785132, 0.16579898, 0.4480237), (0.8878366, 0.083188206, 0.45257697), (0.701549, 0.6754738, 0.2270774), (0.7476383, 0.6175849, 0.24418415), (0.793849, 0.55015874, 0.25909293), (0.8345898, 0.47892088, 0.27220336), (0.86958057, 0.4043485, 0.28342894), (0.89857596, 0.3269455, 0.2926908), (0.92136645, 0.24724317, 0.29992446), (0.9377833, 0.16579881, 0.305079), (0.94770426, 0.083188385, 0.3081175), (0.728433, 0.6754733, 0.11454772), (0.7766326, 0.6175828, 0.12423076), (0.82460576, 0.5501579, 0.13172545), (0.8668963, 0.47891983, 0.13829894), (0.90321314, 0.40434617, 0.14391059), (0.9333004, 0.32694343, 0.1485207), (0.95694137, 0.24724287, 0.15209919), (0.97396255, 0.16579883, 0.15462115), (0.9842369, 0.08318684, 0.15606965), (0.7373865, 0.6754705, -0.0008357091), (0.7865069, 0.61758035, 0.0011926796), (0.8350626, 0.5501538, 0.0010938878), (0.87786007, 0.47891623, 0.0009757502), (0.91460615, 0.40434507, 0.000838363), (0.94504404, 0.32694227, 0.000687626), (0.9689537, 0.24724153, 0.00052600005), (0.98615956, 0.1657987, 0.0003547984), (0.9965339, 0.083187625, 0.00017855469), (0.72817534, 0.675472, -0.1161815), (0.77700716, 0.6175841, -0.12185947), (0.82495004, 0.550158, -0.12955149), (0.8672028, 0.47891986, -0.1363634), (0.90347576, 0.40434736, -0.14224881), (0.93351614, 0.32694414, -0.14715701), (0.95710635, 0.24724317, -0.15105724), (0.97407365, 0.16579983, -0.15391868), (0.98429275, 0.083189376, -0.15571557), (0.70104194, 0.6754737, -0.22863835), (0.74838454, 0.6175827, -0.24189302), (0.79453176, 0.55015785, -0.2569934), (0.8351972, 0.47891954, -0.27033636), (0.8701024, 0.40434796, -0.28182366), (0.89900357, 0.32694426, -0.29137605), (0.9216925, 0.24724251, -0.2989215), (0.9380036, 0.165799, -0.30440104), (0.9478154, 0.08318754, -0.30777553), (0.6566457, 0.6754701, -0.33549458), (0.7013328, 0.61757934, -0.3559888), (0.7445489, 0.5501529, -0.37812516), (0.7826256, 0.4789152, -0.39766484), (0.8153037, 0.40434325, -0.4144713), (0.8423546, 0.3269406, -0.4284257), (0.863584, 0.2472408, -0.43942547), (0.8788367, 0.16579737, -0.44738936), (0.88800067, 0.083187275, -0.4522552), (0.59607327, 0.6754675, -0.43409708), (0.63700384, 0.61757684, -0.4613296), (0.6762272, 0.5501511, -0.48994943), (0.71078026, 0.4789146, -0.5152012), (0.74042755, 0.40434283, -0.5369114), (0.7649637, 0.32694015, -0.554924), (0.78421026, 0.24723944, -0.56911063), (0.7980297, 0.16579744, -0.57936156), (0.80631816, 0.08318699, -0.58560306), (0.5208167, 0.6754669, -0.52201), (0.5569853, 0.6175787, -0.5553052), (0.5912512, 0.5501533, -0.58970624), (0.6214291, 0.4789157, -0.620053), (0.64731646, 0.40434366, -0.6461328), (0.66873294, 0.32694033, -0.6677621), (0.685525, 0.24723962, -0.68478316), (0.69757205, 0.16579741, -0.6970685), (0.7047812, 0.08318658, -0.70453066), (0.43273535, 0.6754693, -0.59706056), (0.46325293, 0.6175832, -0.6356002), (0.49171516, 0.5501579, -0.67493886), (0.51677686, 0.47892007, -0.7096318), (0.53826696, 0.40434664, -0.7394406), (0.5560379, 0.3269445, -0.7641525), (0.56996137, 0.2472432, -0.78359103), (0.57993674, 0.16579874, -0.79761153), (0.585893, 0.083187796, -0.80610746), (0.33401915, 0.6754746, -0.65739286), (0.3581304, 0.61758673, -0.7002352), (0.3800848, 0.55016, -0.74354523), (0.39940822, 0.47892085, -0.7817339), (0.41596997, 0.40434855, -0.8145374), (0.42965338, 0.32694522, -0.84172726), (0.44036388, 0.24724331, -0.86310506), (0.4480241, 0.16579962, -0.8785129), (0.45257568, 0.08318803, -0.88783723), (0.22707625, 0.67547596, -0.70154727), (0.24418472, 0.6175864, -0.74763685), (0.25909287, 0.5501589, -0.7938489), (0.27220348, 0.47891995, -0.83459026), (0.28342918, 0.4043487, -0.8695804), (0.29269186, 0.32694596, -0.8985754), (0.29992473, 0.24724323, -0.92136633), (0.30507946, 0.16579959, -0.93778306), (0.3081179, 0.08318895, -0.9477041), (0.114545494, 0.6754752, -0.72843164), (0.12423105, 0.6175846, -0.7766312), (0.13172527, 0.5501567, -0.8246066), (0.13829924, 0.47891983, -0.8668963), (0.14391083, 0.40434968, -0.9032115), (0.14852104, 0.32694525, -0.9332997), (0.15209946, 0.247243, -0.9569413), (0.1546214, 0.16579926, -0.9739624), (0.15606895, 0.083187714, -0.9842369), (-0.00081541867, 0.6754721, -0.7373851), (0.0012082596, 0.61758083, -0.78650653), (0.0011056436, 0.5501546, -0.8350621), (0.0009827142, 0.47891572, -0.87786037), (0.0008440653, 0.40434358, -0.91460675), (0.00069099653, 0.32694033, -0.94504476), (0.00052789244, 0.24724069, -0.96895397), (0.00035647157, 0.1657981, -0.9861597), (0.00017914403, 0.08318735, -0.99653393), (-0.1161741, 0.67546827, -0.72818005), (-0.12185307, 0.617578, -0.777013), (-0.12954769, 0.5501525, -0.82495433), (-0.13636118, 0.47891557, -0.86720556), (-0.14224546, 0.40434477, -0.9034775), (-0.14715646, 0.32694077, -0.9335174), (-0.15105727, 0.24724025, -0.95710707), (-0.15391809, 0.16579731, -0.9740742), (-0.15571557, 0.08318719, -0.9842929), (-0.22866522, 0.6754687, -0.70103794), (-0.2419122, 0.6175802, -0.7483804), (-0.2570091, 0.55015266, -0.7945303), (-0.27034658, 0.47891533, -0.83519626), (-0.28183237, 0.4043449, -0.870101), (-0.2913818, 0.32694215, -0.8990025), (-0.29892433, 0.24724145, -0.9216919), (-0.30440256, 0.16579793, -0.93800324), (-0.30777505, 0.08318732, -0.9478156), (-0.335521, 0.67546964, -0.6566326), (-0.35600817, 0.61758274, -0.70132005), (-0.37813905, 0.5501589, -0.7445374), (-0.3976733, 0.47891954, -0.7826187), (-0.4144752, 0.40434498, -0.8153008), (-0.42842907, 0.3269436, -0.84235173), (-0.43942827, 0.24724346, -0.8635818), (-0.44739068, 0.16579892, -0.87883574), (-0.4522587, 0.08318805, -0.88799876), (-0.4340917, 0.6754734, -0.5960706), (-0.4613205, 0.6175836, -0.6370039), (-0.48994392, 0.55015796, -0.6762257), (-0.5151986, 0.47892088, -0.7107779), (-0.53691, 0.40434784, -0.7404259), (-0.554925, 0.3269457, -0.7649606), (-0.5691096, 0.24724345, -0.7842097), (-0.579361, 0.16579822, -0.79802996), (-0.5856008, 0.08318758, -0.8063197), (-0.52198994, 0.6754729, -0.520829), (-0.5552918, 0.61758035, -0.5569969), (-0.5896976, 0.5501551, -0.59125805), (-0.6200466, 0.47891793, -0.6214336), (-0.646128, 0.40434432, -0.64732087), (-0.66775924, 0.32694325, -0.6687344), (-0.68478036, 0.24724205, -0.68552697), (-0.6970681, 0.165798, -0.69757223), (-0.7045299, 0.083187744, -0.7047819), (-0.5970512, 0.67547023, -0.43274683), (-0.63559633, 0.61758024, -0.46326226), (-0.67493564, 0.55015546, -0.49172232), (-0.7096301, 0.47891757, -0.51678145), (-0.739439, 0.40434438, -0.5382709), (-0.7641519, 0.32694292, -0.55603975), (-0.78359085, 0.2472425, -0.5699619), (-0.7976117, 0.16579804, -0.5799367), (-0.8061079, 0.0831878, -0.5858924), (-0.6573957, 0.67547166, -0.3340193), (-0.7002392, 0.6175825, -0.3581299), (-0.74354744, 0.55015725, -0.38008446), (-0.7817354, 0.4789186, -0.39940798), (-0.81453836, 0.40434515, -0.4159715), (-0.841727, 0.3269439, -0.42965484), (-0.8631052, 0.24724334, -0.4403637), (-0.8785131, 0.1657986, -0.44802406), (-0.8878364, 0.08318779, -0.45257747), (-0.7015493, 0.6754726, -0.22708005), (-0.74763834, 0.6175824, -0.24419025), (-0.79384845, 0.55015737, -0.2590975), (-0.8345896, 0.47891948, -0.27220652), (-0.8695809, 0.4043464, -0.28343076), (-0.8985763, 0.32694367, -0.29269168), (-0.92136663, 0.24724206, -0.29992473), (-0.93778336, 0.16579872, -0.3050789), (-0.94770455, 0.08318752, -0.30811676), (-0.72843343, 0.6754705, -0.11456143), (-0.77663463, 0.6175778, -0.12424308), (-0.8246083, 0.550152, -0.13173436), (-0.8668976, 0.47891566, -0.13830547), (-0.9032131, 0.40434456, -0.14391522), (-0.93330044, 0.3269418, -0.14852403), (-0.9569419, 0.24723996, -0.15210074), (-0.97396284, 0.16579635, -0.15462197), (-0.9842369, 0.08318722, -0.15606922), (-0.737393, 0.6754634, 0.00085826975), (-0.78651136, 0.6175747, -0.0011700921), (-0.7281721, 0.6754714, 0.11620513), (-0.777001, 0.6175895, 0.12187164), (-0.8350659, 0.5501489, -0.0010777102), (-0.8249447, 0.55016404, 0.12956014), (-0.87786263, 0.4789116, -0.00096499827), (-0.86719894, 0.47892496, 0.13637032), (-0.9146084, 0.40433988, -0.0008307327), (-0.9034737, 0.40435138, 0.14225091), (-0.94504577, 0.32693744, -0.0006830854), (-0.93351436, 0.3269488, 0.14715801), (-0.96895456, 0.24723843, -0.0005236833), (-0.95710576, 0.24724512, 0.15105766), (-0.98616004, 0.16579588, -0.0003548747), (-0.97407365, 0.16580054, 0.1539179), (-0.99653393, 0.08318743, -0.00017994968), (-0.7483831, 0.6175855, 0.24189034), (-0.79453075, 0.55015963, 0.25699264), (-0.83519655, 0.47892144, 0.270335), (-0.87010175, 0.4043499, 0.2818229), (-0.89900374, 0.3269455, 0.29137427), (-0.9216932, 0.24724266, 0.2989193), (-0.93800354, 0.1657986, 0.30440134), (-0.7013235, 0.6175828, 0.3560011), (-0.65663594, 0.6754738, 0.33550602), (-0.70103955, 0.6754792, 0.22862941), (-0.7445424, 0.5501586, 0.3781298), (-0.7826207, 0.47892064, 0.397668), (-0.8153002, 0.40434736, 0.4144741), (-0.8423522, 0.3269439, 0.42842782), (-0.86358273, 0.24724273, 0.43942675), (-0.8788364, 0.16579892, 0.44738948), (-0.5960617, 0.6754745, 0.434102), (-0.6369945, 0.61758566, 0.4613307), (-0.6762186, 0.550159, 0.48995253), (-0.7107738, 0.47892112, 0.51520395), (-0.7404247, 0.4043489, 0.53691083), (-0.76496047, 0.3269464, 0.5549248), (-0.78420824, 0.24724376, 0.5691116), (-0.7980282, 0.16579854, 0.57936335), (-0.520824, 0.675476, 0.52199095), (-0.5569915, 0.6175854, 0.5552916), (-0.5912551, 0.5501612, 0.5896948), (-0.6214317, 0.4789213, 0.620046), (-0.6473184, 0.40434796, 0.6461282), (-0.66873413, 0.32694513, 0.66775864), (-0.6855264, 0.2472439, 0.6847803), (-0.6975714, 0.1657998, 0.6970686), (-0.70478165, 0.083188534, 0.70452994), (-0.43276152, 0.6754739, 0.59703636), (-0.46327364, 0.61758363, 0.6355847), (-0.49173033, 0.55015737, 0.67492825), (-0.51678693, 0.4789186, 0.7096254), (-0.5382755, 0.40434694, 0.73943424), (-0.55604255, 0.3269441, 0.7641493), (-0.56996435, 0.24724351, 0.78358877), (-0.5799396, 0.16579932, 0.7976093), (-0.58589333, 0.08318773, 0.8061072), (-0.33401823, 0.6754711, 0.65739685), (-0.35812715, 0.6175815, 0.7002414), (-0.3800837, 0.55015683, 0.7435481), (-0.39940768, 0.47891867, 0.7817355), (-0.41596866, 0.40434483, 0.81453997), (-0.42965254, 0.32694292, 0.8417286), (-0.44036356, 0.24724229, 0.86310554), (-0.4480237, 0.1657981, 0.8785134), (-0.45257735, 0.08318756, 0.88783646), (-0.22706522, 0.6754732, 0.7015535), (-0.24417745, 0.6175834, 0.7476417), (-0.25908938, 0.5501616, 0.79384816), (-0.27220127, 0.47892183, 0.83458996), (-0.28342706, 0.40434805, 0.86958134), (-0.29268914, 0.32694536, 0.89857656), (-0.29992303, 0.24724439, 0.9213666), (-0.30507818, 0.16579948, 0.9377835), (-0.3081175, 0.08318835, 0.94770426), (-0.114550255, 0.6754745, 0.72843146), (-0.124234006, 0.6175832, 0.7766317), (-0.13172795, 0.55015755, 0.8246056), (-0.1383007, 0.4789183, 0.86689687), (-0.14391184, 0.40434706, 0.9032125), (-0.14852247, 0.3269441, 0.93329984), (-0.15210038, 0.24724345, 0.95694107), (-0.15462215, 0.16579935, 0.9739623), (-0.15607005, 0.0831876, 0.9842367), (0.0008360032, 0.67546886, 0.737388), (-0.0011931884, 0.6175808, 0.7865066), (-0.0010940431, 0.5501545, 0.8350622), (-0.0009742128, 0.47891745, 0.8778594), (-0.00083855714, 0.4043446, 0.91460633), (-0.00068766845, 0.32694107, 0.94504446), (-0.0005255785, 0.24724147, 0.9689537), (-0.0003548494, 0.16579807, 0.9861597), (-0.00017871145, 0.08318733, 0.99653393), (-0.11405298, 0.67117685, 0.73247087), (-0.22717115, 0.67118096, 0.7056269), (-0.33475658, 0.671182, 0.6614021), (-0.43414453, 0.67117757, 0.6008654), (-0.52278006, 0.6711803, 0.5255645), (-0.5985399, 0.6711821, 0.43733805), (-0.6595943, 0.6711811, 0.33830652), (-0.70441175, 0.6711803, 0.23091343), (-0.73184, 0.67118204, 0.11800342), (-0.741289, 0.6711828, 0.002053416), (-0.7324749, 0.6711689, -0.11407383), (-0.7056199, 0.6711763, -0.22720678), (-0.66140103, 0.6711792, -0.33476427), (-0.600891, 0.6711788, -0.4341072), (-0.52555627, 0.671177, -0.5227925), (-0.43731543, 0.6711786, -0.59856033), (-0.33833343, 0.67118067, -0.6595809), (-0.23097432, 0.6711776, -0.70439434), (-0.11791995, 0.67117506, -0.73185986), (-0.0019444125, 0.6711754, -0.74129605), (0.11404016, 0.6711761, -0.7324736), (0.22719412, 0.6711814, -0.7056191), (0.33476335, 0.6711814, -0.66139936), (0.4340787, 0.6711828, -0.6009071), (0.5227579, 0.67117625, -0.5255917), (0.59856284, 0.67117184, -0.43732247), (0.65961426, 0.67117476, -0.33828005), (0.7044135, 0.6711758, -0.23092146), (0.731852, 0.6711792, -0.11794532), (0.74129194, 0.67117983, -0.0019913982), (0.7324732, 0.67117655, 0.114039525), (0.7056216, 0.67118, 0.22719043), (0.66138625, 0.6711815, 0.33478895), (0.60087645, 0.6711811, 0.43412372), (0.5255943, 0.6711829, 0.5227468), (0.43732333, 0.67118007, 0.5985529), (0.33827457, 0.6711774, 0.65961444), (0.23095205, 0.6711811, 0.7043984), (0.11796453, 0.67118376, 0.7318448), (0.0019897998, 0.6711803, 0.74129146), (0.13594261, 0.48450217, 0.86416274), (-0.00096224295, 0.48450276, 0.8747892), (0.15095921, 0.25043216, 0.95629233), (-0.0005526553, 0.25043306, 0.96813375), (0.15648311, 0.009197061, 0.9876378), (-0.0000027183012, 0.009197204, 0.9999577), (0.000019830557, 0, 1), (0.15651251, 0, 0.98767596), (0.3089761, 0.009197121, 0.9510253), (0.30901027, 0, 0.9510587), (0.45390153, 0.009197132, 0.8910044), (0.4539398, 0, 0.89103234), (0.5877456, 0.009197185, 0.8089935), (0.58778816, 0, 0.80901486), (0.70710015, 0.009197078, 0.70705354), (0.70714563, 0, 0.70706797), (0.8089584, 0.009197089, 0.58779395), (0.8090056, 0, 0.58780086), (0.89094555, 0.009197111, 0.45401692), (0.8909933, 0, 0.4540164), (0.95100725, 0.00919704, 0.3090318), (0.95105433, 0, 0.3090238), (0.987634, 0.009197017, 0.15650725), (0.9876792, 0, 0.15649219), (0.9999577, 0.009197184, 0.0000025069771), (1, 0, -0.000019555098), (0.9876441, 0.009197008, -0.15644342), (0.9876824, 0, -0.15647207), (0.9510432, 0.009197098, -0.3089211), (0.95107657, 0, -0.30895534), (0.89097446, 0.009198031, -0.45396018), (0.89099854, 0, -0.45400622), (0.8089652, 0.009196045, -0.58778465), (0.80898136, 0, -0.5878343), (0.70710456, 0.009196132, -0.7070492), (0.7071237, 0, -0.7070899), (0.5877654, 0.009197938, -0.8089791), (0.5877784, 0, -0.809022), (0.45397267, 0.009197096, -0.89096814), (0.45397273, 0, -0.8910156), (0.30903527, 0.00919716, -0.9510061), (0.30902788, 0, -0.95105296), (0.15650858, 0.009197113, -0.98763376), (0.1564932, 0, -0.98767906), (0.000080714184, 0.009197138, -0.9999577), (0.000058698097, 0, -1), (-0.15640575, 0.009197047, -0.9876501), (-0.15643463, 0, -0.9876883), (-0.30901507, 0.009197017, -0.9510127), (-0.30904973, 0, -0.9510459), (-0.45400256, 0.009197077, -0.8909529), (-0.45404142, 0, -0.8909806), (-0.5877277, 0.009197047, -0.8090065), (-0.5877696, 0, -0.8090284), (-0.70703256, 0.00919718, -0.70712113), (-0.7070774, 0, -0.70713615), (-0.8089843, 0.009196999, -0.58775836), (-0.80903125, 0, -0.58776563), (-0.89096826, 0.009197099, -0.45397246), (-0.89101607, 0, -0.4539718), (-0.9509984, 0.00919709, -0.30905896), (-0.9510455, 0, -0.30905092), (-0.98762447, 0.009196917, -0.15656728), (-0.9876697, 0, -0.15655217), (-0.9999577, 0.009197224, 0.00011083273), (-1, 0, 0.00013283623), (-0.98763, 0.00919675, 0.15653256), (-0.9876683, 0, 0.15656129), (-0.95104706, 0.009197249, 0.30890918), (-0.9510805, 0, 0.30894315), (-0.8909772, 0.009197094, 0.45395482), (-0.89100474, 0, 0.45399404), (-0.80897534, 0.009197112, 0.58777064), (-0.80899626, 0, 0.58781374), (-0.7071077, 0.009197052, 0.70704603), (-0.7071221, 0, 0.7070915), (-0.5878196, 0.009197073, 0.80893975), (-0.58782667, 0, 0.8089869), (-0.4539576, 0.009197138, 0.89097583), (-0.4539572, 0, 0.89102346), (-0.30899945, 0.0091970395, 0.95101774), (-0.30899155, 0, 0.95106477), (-0.15652822, 0.009197071, 0.98763067), (-0.15651307, 0, 0.9876759), (-0.0000027183012, 0.009197204, 0.9999577), (0.000019830557, 0, 1), (-0.8628709, 0.25043243, 0.4390187), (-0.7835534, 0.2504324, 0.56861913), (-0.7798837, 0.48450285, 0.39628068), (-0.83229345, 0.4845048, 0.26933753), (-0.86416113, 0.48449486, 0.13597876), (-0.9209487, 0.25043532, 0.2985559), (-0.956287, 0.25042608, 0.15100297), (-0.70828056, 0.484504, 0.5134145), (-0.6192741, 0.48450127, 0.6178658), (-0.68499255, 0.2504322, 0.6841556), (-0.51501316, 0.4845016, 0.70712066), (-0.56955683, 0.25043243, 0.782872), (-0.39799085, 0.48450443, 0.77901137), (-0.43999964, 0.2504328, 0.86237097), (-0.2712385, 0.48450288, 0.831677), (-0.29969206, 0.2504322, 0.92058045), (-0.1378764, 0.48450094, 0.86385703), (-0.1520878, 0.2504314, 0.9561137), (-0.00096224295, 0.48450276, 0.8747892), (0.0019897998, 0.6711803, 0.74129146), (-0.0005526553, 0.25043306, 0.96813375), (0.2693873, 0.48450127, 0.8322794), (0.29861966, 0.25043234, 0.92092884), (0.3962334, 0.48450035, 0.7799093), (0.43896484, 0.25043187, 0.86289847), (0.51339865, 0.48450464, 0.70829165), (0.56859356, 0.2504327, 0.78357184), (0.61791027, 0.48450363, 0.6192279), (0.68420815, 0.25043273, 0.68493986), (0.7071352, 0.48450035, 0.51499444), (0.7828891, 0.25043193, 0.5695336), (0.77898806, 0.48450366, 0.3980375), (0.8623416, 0.2504324, 0.44005758), (0.83167005, 0.48450178, 0.27126175), (0.92057115, 0.25043195, 0.29972082), (0.86386013, 0.48450032, 0.13785918), (0.9561169, 0.25043127, 0.15206784), (0.874789, 0.48450312, 0.0009625951), (0.9681335, 0.25043398, 0.00055298605), (0.8641694, 0.4844992, -0.13591075), (0.9562989, 0.25043082, -0.15092002), (0.8322933, 0.4844998, -0.26934698), (0.9209455, 0.25043088, -0.2985694), (0.7798956, 0.48450804, -0.396251), (0.8628745, 0.25043967, -0.43900752), (0.7082922, 0.48448765, -0.51341397), (0.7835534, 0.25042003, -0.5686245), (0.6192524, 0.48448992, -0.61789644), (0.6849813, 0.25042298, -0.6841703), (0.51494366, 0.4845057, -0.70716846), (0.56949276, 0.25043824, -0.7829168), (0.39800408, 0.4845011, -0.77900666), (0.4400164, 0.25043267, -0.8623625), (0.2712657, 0.48450643, -0.83166605), (0.29972544, 0.25043562, -0.92056865), (0.13786007, 0.48449585, -0.86386245), (0.15207025, 0.2504318, -0.9561164), (0.0010256222, 0.4845045, -0.87478817), (0.00062634575, 0.25043333, -0.9681336), (-0.13588004, 0.4844977, -0.8641751), (-0.15088344, 0.2504286, -0.95630527), (-0.26942098, 0.4844994, -0.8322696), (-0.2986571, 0.25043002, -0.92091733), (-0.3963162, 0.48450056, -0.7798671), (-0.43906263, 0.25043002, -0.86284924), (-0.5133856, 0.48450112, -0.7083036), (-0.56857675, 0.25043038, -0.7835848), (-0.61785364, 0.4845018, -0.6192858), (-0.6841413, 0.25043255, -0.6850068), (-0.707157, 0.4845003, -0.51496446), (-0.7829147, 0.2504306, -0.56949896), (-0.7790073, 0.4844998, -0.39800447), (-0.86236316, 0.2504308, -0.44001615), (-0.8316645, 0.4844992, -0.27128348), (-0.9205634, 0.2504309, -0.2997456), (-0.8638555, 0.4844943, -0.1379091), (-0.95610887, 0.25042683, -0.15212576), (-0.87478703, 0.4845069, -0.0008690123), (-0.96813345, 0.25043443, -0.00044380318), (-0.06109461, 0.99808633, 0.009548789), (0, 1, 1.859519e-7), (-0.058848515, 0.9980863, 0.018990925), (-0.055153407, 0.9980863, 0.027962212), (-0.05010023, 0.99808633, 0.036243577), (-0.043813452, 0.9980863, 0.04363642), (-0.036447782, 0.9980862, 0.049954835), (-0.02818471, 0.9980864, 0.055037525), (-0.01922761, 0.9980863, 0.05877106), (-0.00979708, 0.99808633, 0.06105506), (-0.00012529238, 0.9980863, 0.06183688), (0.009549557, 0.9980863, 0.061094873), (0.018989304, 0.9980861, 0.05885187), (0.027961457, 0.9980863, 0.055154372), (0.03624506, 0.99808615, 0.05010257), (0.04363623, 0.9980861, 0.043818437), (0.049952954, 0.9980864, 0.03644604), (0.055039648, 0.99808645, 0.028179001), (-0.15757842, 0.98620754, 0.050633185), (-0.14771695, 0.98620754, 0.07466155), (-0.2808822, 0.9554788, 0.09036325), (-0.29156017, 0.95547867, 0.045311626), (-0.16355975, 0.98620737, 0.025361238), (-0.29505855, 0.9554788, -0.00085647666), (-0.16551353, 0.98620737, -0.00053716474), (-0.061836272, 0.9980863, -0.00013349314), (0.058771092, 0.9980863, 0.019228572), (0.061055385, 0.9980863, 0.0097971065), (0.061836287, 0.9980863, 0.00012487489), (0.06109459, 0.99808633, -0.009548648), (0.058848523, 0.9980862, -0.018992333), (0.05515343, 0.99808633, -0.027961133), (0.050100252, 0.99808615, -0.036248747), (0.043813456, 0.99808645, -0.04363282), (0.036447838, 0.99808633, -0.049951732), (0.028184714, 0.9980861, -0.055043), (0.019227587, 0.9980862, -0.05877245), (0.009797047, 0.9980863, -0.061055742), (0.00012526874, 0.99808633, -0.061835654), (-0.009549594, 0.9980862, -0.06109632), (-0.018989285, 0.99808633, -0.058848325), (-0.027961452, 0.9980863, -0.055153362), (0.15724738, 0.9862073, 0.051656764), (0.16339213, 0.9862073, 0.026423283), (0.28035256, 0.9554787, 0.09199355), (0.26251015, 0.9554787, 0.13471738), (0.14723065, 0.98620737, 0.0756184), (0.23820393, 0.9554787, 0.17412436), (0.13358858, 0.98620725, 0.09772058), (0.20803191, 0.95547867, 0.20924433), (0.11665711, 0.9862073, 0.117414854), (0.1727378, 0.9554789, 0.2392106), (0.09685321, 0.9862078, 0.1342149), (0.13319029, 0.95547825, 0.26329008), (0.07466442, 0.9862074, 0.14771633), (0.090363294, 0.95547974, 0.2808788), (0.050637193, 0.9862079, 0.15757482), (0.04531111, 0.955479, 0.2915591), (0.025363063, 0.9862081, 0.1635552), (-0.0008567227, 0.9554783, 0.29506007), (-0.0005355257, 0.986208, 0.16550979), (-0.04700364, 0.95547825, 0.29129365), (-0.026421059, 0.9862079, 0.16338879), (-0.0919929, 0.95547783, 0.28035587), (-0.051655922, 0.9862077, 0.15724483), (-0.1347172, 0.9554785, 0.26251116), (-0.075618885, 0.98620766, 0.14722863), (-0.17412426, 0.95547855, 0.23820484), (-0.09771979, 0.9862076, 0.13358669), (-0.20924388, 0.9554784, 0.20803368), (-0.11741464, 0.98620784, 0.1166531), (-0.2392109, 0.95547837, 0.17274031), (-0.13421817, 0.98620754, 0.096851446), (-0.26328796, 0.95547855, 0.13319242), (-0.41380176, 0.90054095, 0.1333945), (-0.4295746, 0.900541, 0.06701877), (-0.43476984, 0.90054107, -0.0010054776), (-0.6236039, 0.7817399, -0.0009791079), (-0.61607957, 0.78174007, 0.09658366), (-0.7730206, 0.6343805, -0.0007110551), (-0.76374495, 0.6342198, 0.12024498), (-0.5933857, 0.78174007, 0.19177033), (-0.73545855, 0.63430125, 0.2382491), (-0.38783994, 0.9005414, 0.19648224), (-0.55608016, 0.78173935, 0.28223825), (-0.6891282, 0.63429964, 0.3503802), (-0.35232806, 0.90054125, 0.2547359), (-0.5050822, 0.781739, 0.36575422), (-0.62583816, 0.63429934, 0.45386222), (-0.30814043, 0.90054095, 0.30671722), (-0.4416477, 0.7817414, 0.44025862), (-0.5471315, 0.6343007, 0.5461773), (-0.25636563, 0.90054095, 0.35114488), (-0.36733845, 0.78174126, 0.5039277), (-0.45495778, 0.63430387, 0.62503755), (-0.19827765, 0.90053916, 0.38693053), (-0.2839828, 0.78173816, 0.5551929), (-0.35157624, 0.634302, 0.68851656), (-0.1353081, 0.90053946, 0.4131832), (-0.1936366, 0.7817414, 0.5927776), (-0.23953906, 0.6343009, 0.7350397), (-0.06900716, 0.9005421, 0.42925745), (-0.098520674, 0.78173774, 0.61577576), (-0.121602096, 0.63429207, 0.76347005), (-0.0010061349, 0.90054125, 0.43476948), (-0.0009799775, 0.7817415, 0.6236018), (-0.0006753527, 0.63431215, 0.7730768), (0.067018874, 0.90054065, 0.42957532), (0.09658485, 0.7817394, 0.6160803), (0.12026886, 0.63429296, 0.76368046), (0.13339448, 0.9005428, 0.41379774), (0.19177313, 0.7817413, 0.59338313), (0.23825353, 0.63429564, 0.73546195), (0.1964851, 0.9005411, 0.38783926), (0.28223717, 0.78173906, 0.5560812), (0.35037336, 0.6343032, 0.6891284), (0.25473696, 0.90054077, 0.35232854), (0.36575246, 0.7817409, 0.50508046), (0.45386314, 0.63430136, 0.6258355), (0.3067173, 0.9005413, 0.3081394), (0.4402626, 0.78174067, 0.44164503), (0.54617774, 0.6343004, 0.5471314), (0.35114497, 0.9005409, 0.25636554), (0.50393033, 0.78174025, 0.3673369), (0.6250421, 0.63429964, 0.45495754), (0.3869259, 0.90054125, 0.19827704), (0.55519015, 0.78174025, 0.2839825), (0.6885208, 0.6343009, 0.35156998), (0.41317984, 0.9005411, 0.1353073), (0.59277993, 0.7817401, 0.19363455), (0.73504, 0.6343001, 0.23954017), (0.2912919, 0.95547855, 0.047007848), (0.42925993, 0.9005406, 0.06901124), (0.61577374, 0.78173935, 0.098520465), (0.76346344, 0.63430005, 0.12160185), (0.16551353, 0.98620737, 0.00053600315), (0.29505852, 0.9554788, 0.0008585224), (0.43477023, 0.9005408, 0.0010065682), (0.62360376, 0.78174, 0.0009778852), (0.77308625, 0.6343006, 0.0006739842), (0.16355963, 0.9862073, -0.025365816), (0.2915599, 0.95547867, -0.045313723), (0.42957482, 0.900541, -0.0670179), (0.61608, 0.7817397, -0.09658414), (0.7636744, 0.6343, -0.12027029), (0.15757835, 0.98620737, -0.050636698), (0.28088215, 0.95547885, -0.09036252), (0.413802, 0.9005411, -0.13339263), (0.5933851, 0.7817397, -0.19177379), (0.7354571, 0.63429993, -0.23825699), (0.14771694, 0.98620784, -0.074657895), (0.26328817, 0.95547926, -0.13318682), (0.38784024, 0.90054154, -0.19648118), (0.5560798, 0.7817384, -0.28224158), (0.6891285, 0.6342991, -0.35038063), (0.13421807, 0.9862072, -0.09685524), (0.23921072, 0.95547825, -0.17274141), (0.35232753, 0.90054035, -0.25473994), (0.505081, 0.7817382, -0.3657575), (0.6258365, 0.6342997, -0.453864), (0.11741452, 0.9862077, -0.11665412), (0.20924377, 0.9554789, -0.20803155), (0.30814034, 0.90054095, -0.3067173), (0.44164777, 0.7817408, -0.44025964), (0.54713535, 0.6343032, -0.54617065), (0.09771989, 0.9862079, -0.13358456), (0.17412412, 0.95547795, -0.23820728), (0.25636515, 0.9005402, -0.3511471), (0.36733857, 0.7817419, -0.5039265), (0.45495385, 0.63429815, -0.6250463), (0.07561899, 0.98620844, -0.14722311), (0.13471727, 0.9554781, -0.26251262), (0.19827831, 0.90054023, -0.38692763), (0.2839833, 0.78173816, -0.55519265), (0.35157636, 0.6343017, -0.6885168), (0.051655922, 0.9862081, -0.15724285), (0.091992885, 0.95547795, -0.28035554), (0.13530834, 0.9005404, -0.41318107), (0.19363603, 0.7817393, -0.5927806), (0.23954013, 0.6343037, -0.73503697), (0.026421042, 0.98620725, -0.16339259), (0.047003496, 0.9554784, -0.291293), (0.069006756, 0.90054023, -0.42926148), (0.098520905, 0.78173906, -0.61577404), (0.12160484, 0.63430303, -0.76346046), (0.0005355614, 0.98620737, -0.16551355), (0.0008567209, 0.9554786, -0.29505923), (0.0010061163, 0.9005403, -0.4347714), (0.0009797795, 0.781738, -0.6236062), (0.00067479495, 0.6343005, -0.77308637), (-0.02536306, 0.9862078, -0.16355725), (-0.04531114, 0.95547885, -0.29155973), (-0.06701915, 0.9005413, -0.4295739), (-0.09658495, 0.78173846, -0.6160815), (-0.12027029, 0.63429904, -0.76367515), (-0.050637152, 0.98620754, -0.15757701), (-0.090363055, 0.95547837, -0.28088364), (-0.13339432, 0.9005419, -0.41379976), (-0.19177286, 0.78174186, -0.59338254), (-0.23825674, 0.6343023, -0.73545516), (-0.07466443, 0.9862076, -0.14771526), (-0.13319018, 0.95547813, -0.26329055), (-0.19648461, 0.9005396, -0.38784316), (-0.2822375, 0.78174114, -0.556078), (-0.35037205, 0.6343016, -0.68913054), (-0.036245123, 0.99808633, -0.050099272), (-0.043636303, 0.99808645, -0.043810263), (-0.04995298, 0.9980862, -0.036450177), (-0.055039715, 0.99808633, -0.028182399), (-0.05877113, 0.99808645, -0.019219797), (-0.06105542, 0.99808633, -0.009794887), (-0.09685324, 0.9862075, -0.13421704), (-0.17273782, 0.955478, -0.23921427), (-0.25473708, 0.90054, -0.3523304), (-0.36575234, 0.7817398, -0.5050823), (-0.45386225, 0.6343013, -0.6258362), (-0.11665724, 0.98620784, -0.11741012), (-0.20803206, 0.9554789, -0.2092433), (-0.30671722, 0.9005408, -0.3081408), (-0.44026166, 0.78174025, -0.44164678), (-0.5461791, 0.6343016, -0.5471288), (-0.13358863, 0.9862073, -0.0977203), (-0.23820367, 0.95547837, -0.1741265), (-0.35114485, 0.90054065, -0.2563666), (-0.5039306, 0.78174, -0.3673371), (-0.62497026, 0.6343797, -0.45494458), (-0.1472306, 0.9862073, -0.075619765), (-0.26251, 0.9554787, -0.13471784), (-0.38692635, 0.90054125, -0.19827628), (-0.55519074, 0.78173965, -0.283983), (-0.6885642, 0.6342209, -0.3516293), (-0.15724728, 0.9862071, -0.051660802), (-0.28035238, 0.9554785, -0.09199694), (-0.41318002, 0.9005412, -0.1353064), (-0.59278, 0.78173995, -0.19363499), (-0.7350409, 0.6343008, -0.23953573), (-0.16339214, 0.9862073, -0.026422368), (-0.2912918, 0.9554787, -0.047005102), (-0.4292595, 0.9005411, -0.0690071), (-0.61577344, 0.78173965, -0.098519966), (-0.7634643, 0.6342993, -0.12160098), (-0.9424222, 0.29933748, -0.14912222), (-0.9074896, 0.29934084, -0.29471633), (-0.85013, 0.29952464, -0.43308648), (-0.7719966, 0.29914787, -0.56083137), (-0.9542063, 0.29914945, 0.000060607996), (-0.9423328, 0.29952678, 0.14930695), (-0.90740705, 0.29933846, 0.29497275), (-0.85008246, 0.29933843, 0.43330857), (-0.77184206, 0.29934382, 0.56093943), (-0.674576, 0.29933736, 0.67479205), (-0.5607412, 0.2993465, 0.7719851), (-0.43305305, 0.29934588, 0.85021), (-0.29471287, 0.29933095, 0.90749395), (-0.14912155, 0.2993376, 0.9424223), (0.00013866111, 0.29935172, 0.9541428), (0.14939587, 0.299329, 0.94238156), (0.29497498, 0.29933253, 0.9074083), (0.4333176, 0.29935005, 0.85007375), (0.560938, 0.29933602, 0.7718462), (0.67477846, 0.29933685, 0.6745899), (0.7719904, 0.29933605, 0.5607394), (0.85022247, 0.29933736, 0.43303457), (0.9074882, 0.2993366, 0.2947248), (0.94242096, 0.2993415, 0.14912196), (0.9541486, 0.2993334, -0.00014000216), (0.94237924, 0.29933536, -0.14939786), (0.90740186, 0.2993408, -0.29498628), (0.85008776, 0.29933774, -0.4332986), (0.77184176, 0.29934436, -0.56093967), (0.67458826, 0.2993401, -0.67477864), (0.56071144, 0.29933053, -0.7720129), (0.43305346, 0.29934582, -0.85020983), (0.29471517, 0.29933923, -0.9074905), (0.14912933, 0.29935297, -0.9424162), (-0.00013856067, 0.299337, -0.95414746), (-0.14939533, 0.2993267, -0.9423824), (-0.29498434, 0.29934636, -0.90740067), (-0.4332805, 0.299324, -0.8501018), (-0.5609476, 0.2993396, -0.77183783), (-0.6747823, 0.2993376, -0.6745857), (-0.98768693, -0.0018380815, 0.15643255), (-0.98768556, 0.002414922, 0.15643334), (-0.9510549, -0.0018379719, 0.30901667), (-0.95105344, 0.0024148002, 0.30901706), (-0.8910049, -0.0018379559, 0.45398998), (-0.89100343, 0.002414748, 0.45399016), (-0.8090156, -0.0018379425, 0.58778435), (-0.8090139, 0.0024149406, 0.5877845), (-0.70710546, -0.0018380111, 0.7071057), (-0.70710367, 0.0024148356, 0.70710576), (-0.587784, -0.0018379668, 0.8090158), (-0.587783, 0.0024149083, 0.80901504), (-0.45398945, -0.0018379707, 0.89100516), (-0.4539884, 0.0024147427, 0.8910043), (-0.3090157, -0.0018379048, 0.95105517), (-0.30901486, 0.0024148074, 0.95105416), (-0.15643388, -0.001837947, 0.98768675), (-0.15643224, 0.0024147918, 0.98768574), (-0, -0.001837995, 0.99999833), (0.0000020121922, 0.0024147783, 0.9999971), (-0.774126, -0.4950181, 0.39457065), (-0.7028744, -0.49502409, 0.51080203), (-0.45379177, -0.86055255, 0.23134908), (-0.48439467, -0.86055064, 0.15752582), (-0.027580127, -0.9995793, 0.008971066), (-0.028643828, -0.99957937, 0.0045449086), (0.02180575, -0.9997371, -0.0070917304), (0.022646766, -0.9997371, -0.0035946397), (0.020427601, -0.9997371, -0.010412641), (-0.025837122, -0.99957937, 0.013173538), (0.018546587, -0.9997371, -0.013482636), (-0.023458017, -0.99957937, 0.017052123), (0.016208919, -0.9997371, -0.01621901), (-0.020501247, -0.99957925, 0.020517776), (0.013471878, -0.99973696, -0.018560877), (-0.01703993, -0.9995795, 0.023461312), (0.010403354, -0.99973726, -0.02042428), (-0.013158913, -0.99957913, 0.025853945), (0.0070785587, -0.9997372, -0.021804996), (-0.008953774, -0.9995793, 0.027586825), (0.0035795644, -0.999737, -0.02265224), (-0.004528154, -0.9995795, 0.028642343), (-0.000007611, -0.9997372, -0.022923455), (0.000008887901, -0.9995794, 0.028999006), (-0.41201454, -0.8605521, 0.29948977), (-0.61430275, -0.49502012, 0.6144812), (-0.3600798, -0.8605435, 0.36028796), (-0.29929343, -0.8605385, 0.41218555), (-0.5106012, -0.4950091, 0.7030308), (-0.2311401, -0.860559, 0.4538859), (-0.3943685, -0.49504167, 0.77421397), (-0.15728402, -0.8605591, 0.48445827), (-0.26837516, -0.49500546, 0.82640445), (-0.07956025, -0.86057645, 0.5030689), (-0.13580234, -0.4950185, 0.8582042), (0.00012417017, -0.86054605, 0.50937265), (0.00012107274, -0.49502733, 0.8688774), (-0, -0.001837995, 0.99999833), (0.0000020121922, 0.0024147783, 0.9999971), (0.15643439, -0.0018380219, 0.98768663), (0.15643564, 0.0024149048, 0.9876852), (0.30901682, -0.0018380288, 0.9510548), (0.30901742, 0.0024148456, 0.9510533), (0.45398998, -0.0018380457, 0.89100486), (0.45399046, 0.00241482, 0.89100325), (0.5877845, -0.0018379589, 0.8090154), (0.5877843, 0.0024147646, 0.8090141), (0.7071058, -0.0018379501, 0.70710534), (0.70710576, 0.0024148352, 0.70710367), (0.8090158, -0.0018379819, 0.587784), (0.80901533, 0.0024148002, 0.5877826), (0.8910053, -0.0018380261, 0.4539892), (0.8910045, 0.0024147676, 0.45398808), (0.95105505, -0.0018380337, 0.309016), (0.9510541, 0.0024147993, 0.30901504), (0.9876868, -0.0018381084, 0.1564333), (0.98768574, 0.002414923, 0.15643224), (0.99999833, -0.0018379298, -5.215551e-7), (0.9999971, 0.0024148407, -0.0000014558987), (0.98768663, -0.001837895, -0.15643433), (0.9876853, 0.0024147513, -0.15643504), (0.95105475, -0.0018380445, -0.30901703), (0.95105326, 0.0024149413, -0.30901754), (0.8910048, -0.0018378795, -0.45399013), (0.89100325, 0.0024146736, -0.45399046), (0.8090154, -0.0018379461, -0.5877845), (0.80901384, 0.0024149383, -0.5877846), (0.70710534, -0.0018379764, -0.7071059), (0.7071036, 0.0024147944, -0.7071058), (0.58778423, -0.0018380056, -0.80901563), (0.5877828, 0.002414847, -0.8090152), (0.45398945, -0.0018379313, -0.89100516), (0.4539881, 0.0024147418, -0.8910045), (0.30901635, -0.0018379213, -0.95105493), (0.30901444, 0.0024148203, -0.9510543), (0.15643387, -0.0018379495, -0.98768675), (0.15643243, 0.0024147911, -0.98768574), (0, -0.0018379947, -0.99999833), (-0.0000020131856, 0.002414797, -0.9999971), (-0.15643458, -0.001838024, -0.98768663), (-0.15643564, 0.0024148633, -0.9876852), (-0.30901688, -0.0018380083, -0.95105475), (-0.3090172, 0.0024148216, -0.9510534), (-0.45398998, -0.0018380269, -0.89100486), (-0.45399022, 0.0024148065, -0.89100343), (-0.5877851, -0.0018379769, -0.809015), (-0.5877852, 0.002414745, -0.8090134), (-0.7071062, -0.0018379106, -0.70710504), (-0.7071057, 0.0024148347, -0.7071037), (-0.809016, -0.0018380205, -0.58778375), (-0.80901533, 0.002414764, -0.58778256), (-0.89100546, -0.0018379879, -0.45398882), (-0.8910046, 0.0024148412, -0.45398775), (-0.95105505, -0.0018380327, -0.30901605), (-0.95105416, 0.0024148743, -0.30901477), (-0.98768675, -0.0018380289, -0.15643369), (-0.9876857, 0.0024148503, -0.15643258), (-0.99999833, -0.0018380053, -0.0000013425373), (-0.9999971, 0.0024147609, -3.8458666e-7), (-0.5108313, -0.4950386, -0.70284295), (-0.61447674, -0.49501723, -0.61430955), (-0.29949653, -0.8605516, -0.41201064), (-0.23135383, -0.8605398, -0.45381346), (-0.013174587, -0.99957955, -0.025828859), (-0.0089706145, -0.999579, -0.02759289), (0.010417005, -0.9997371, 0.02042525), (0.007093135, -0.99973726, 0.02179789), (-0.004545762, -0.9995795, -0.028638657), (0.00359464, -0.99973696, 0.022652563), (-0.000008888326, -0.9995792, -0.029008066), (0.0000076124347, -0.9997371, 0.022930082), (0.0045281094, -0.99957913, -0.028654281), (-0.0035795853, -0.9997373, 0.022637986), (0.00895377, -0.99957955, -0.027578646), (-0.007078544, -0.99973685, 0.021820387), (0.0131589025, -0.999579, -0.02585862), (-0.0104033835, -0.9997372, 0.020428149), (0.017039811, -0.9995795, -0.023463331), (-0.013471996, -0.99973696, 0.018559624), (0.020501329, -0.9995793, -0.020514444), (-0.0162089, -0.9997371, 0.016217329), (0.02345809, -0.9995793, -0.017055029), (-0.01854664, -0.999737, 0.0134853935), (0.025837066, -0.99957937, -0.013174299), (-0.020427596, -0.999737, 0.01041807), (0.027580129, -0.99957937, -0.008966778), (-0.021805694, -0.9997371, 0.0070926384), (0.02864374, -0.99957937, -0.0045448886), (-0.022646837, -0.9997371, 0.0035932052), (0.029002234, -0.99957937, -0.000008656693), (-0.022930348, -0.9997371, 0.00000881752), (0.028646654, -0.99957937, 0.0045274687), (-0.022649221, -0.9997371, -0.0035787537), (0.027585458, -0.99957937, 0.00895171), (-0.02181051, -0.9997371, -0.0070788073), (0.025845246, -0.99957937, 0.013157591), (-0.02043462, -0.9997371, -0.010403988), (0.023468552, -0.99957937, 0.01703939), (-0.018555405, -0.99973696, -0.013479468), (0.020513829, -0.9995795, 0.020495232), (-0.016219534, -0.9997371, -0.016207216), (0.01705437, -0.99957925, 0.023463298), (-0.0134843225, -0.99973714, -0.018541254), (0.013174596, -0.9995795, 0.025831806), (-0.0104170535, -0.9997371, -0.020425936), (0.008970615, -0.99957913, 0.027587239), (-0.007093142, -0.9997372, -0.021798804), (0.0045457417, -0.9995794, 0.028641542), (-0.0035946395, -0.99973696, -0.022652216), (0.000008887901, -0.9995794, 0.028999006), (-0.000007611, -0.9997372, -0.022923455), (0.07980436, -0.8605409, 0.50309104), (0.00012417017, -0.86054605, 0.50937265), (0.13603692, -0.4949943, 0.85818094), (0.00012107274, -0.49502733, 0.8688774), (0.1575197, -0.8605468, 0.48440346), (0.26862276, -0.4950426, 0.8263018), (0.2313594, -0.86055833, 0.45377553), (0.39456, -0.49500147, 0.7741421), (0.29949278, -0.860542, 0.4120335), (0.5108163, -0.4950348, 0.70285654), (0.36026844, -0.86055994, 0.36006013), (0.6144844, -0.4950267, 0.61429423), (0.41215312, -0.8605433, 0.2993242), (0.7030001, -0.49500865, 0.510644), (0.45390823, -0.86055404, 0.23111495), (0.77424586, -0.49502036, 0.39433265), (0.48446926, -0.860554, 0.15727814), (0.8263862, -0.4950301, 0.26838607), (0.5031156, -0.8605491, 0.07956112), (0.8581988, -0.49502483, 0.13581315), (0.50936466, -0.86055076, -0.0001300482), (0.86888003, -0.4950227, -0.00012185651), (0.5030741, -0.8605514, -0.07979792), (0.8581689, -0.49501356, -0.13604304), (0.48439857, -0.8605505, -0.15751447), (0.82631284, -0.49502736, -0.26861677), (0.45379028, -0.8605507, -0.23135886), (0.77412796, -0.4950141, -0.3945719), (0.4120172, -0.86055017, -0.29949173), (0.7028754, -0.4950217, -0.510803), (0.36008322, -0.86055005, -0.3602689), (0.61430496, -0.49501413, -0.61448383), (0.2992996, -0.8605551, -0.41214645), (0.51062906, -0.49503434, -0.70299286), (0.23113579, -0.8605413, -0.4539217), (0.3943413, -0.4950047, -0.7742514), (0.15728334, -0.860559, -0.48445866), (0.26838478, -0.49503046, -0.8263864), (0.07955821, -0.86055034, -0.50311387), (0.13579689, -0.49499905, -0.8582162), (-0.00012419246, -0.8605475, -0.5093702), (-0.00012109533, -0.4950262, -0.86887807), (-0.079805374, -0.8605573, -0.5030628), (-0.13604428, -0.49503314, -0.8581574), (-0.15751998, -0.86054516, -0.48440632), (-0.26862416, -0.49504107, -0.82630223), (-0.39456135, -0.49500173, -0.77414125), (-0.017054338, -0.99957925, -0.023462445), (0.01348425, -0.9997371, 0.01854521), (0.016219627, -0.999737, 0.016211143), (-0.020514008, -0.9995795, -0.020493113), (0.018555418, -0.99973696, 0.013479486), (-0.023468625, -0.99957937, -0.017039154), (0.020434607, -0.9997371, 0.010403991), (-0.025845172, -0.99957937, -0.013155092), (0.021810299, -0.999737, 0.007080613), (-0.027585447, -0.99957937, -0.008951399), (0.02264919, -0.9997371, 0.003578743), (-0.028646652, -0.99957937, -0.0045274706), (0.022930393, -0.9997371, -0.0000075514527), (-0.029002141, -0.99957937, 0.000009233768), (-0.41215292, -0.860544, -0.29932243), (-0.36026713, -0.860561, -0.36005872), (-0.7029978, -0.4950137, -0.5106423), (-0.7742379, -0.49501753, -0.39435184), (-0.45390546, -0.86055243, -0.23112619), (-0.4844732, -0.8605541, -0.15726542), (-0.82639295, -0.495023, -0.26837823), (-0.5031134, -0.8605504, -0.07956079), (-0.8582012, -0.49502057, -0.13581361), (-0.50936675, -0.86054957, 0.00012716476), (-0.86888206, -0.4950192, 0.00012105387), (-0.50307435, -0.8605511, 0.07979942), (-0.8263157, -0.49502203, 0.26861784), (-0.85816115, -0.4950274, 0.13604172), (0.9510169, -0.0090628145, -0.30900598), (0.9510565, -1.2090798e-7, -0.30901712), (0.9876477, -0.009062958, -0.15642832), (0.98768866, -1.1359415e-7, -0.15643233), (0.8910059, -2.534937e-7, -0.45399183), (0.8909688, -0.009063321, -0.45397413), (0.80901694, -0.0000015755179, -0.58778536), (0.8089838, -0.009064306, -0.58776104), (0.7071082, -0.0000016192907, -0.7071054), (0.70707774, -0.009062426, -0.70707774), (0.5877864, 7.932922e-7, -0.80901617), (0.58775955, -0.00906042, -0.80898494), (0.45398748, 0.0000016633022, -0.8910081), (0.45396948, -0.009061796, -0.8909712), (0.30901465, -7.261827e-7, -0.95105726), (0.30900332, -0.009064018, -0.9510178), (0.15643492, -0.0000018476949, -0.98768824), (0.15642633, -0.009063932, -0.987648), (0.0000013516361, -0.0000015668114, -1), (-0.0000029381379, -0.009063109, -0.99995893), (0.69717956, -0.5072111, -0.50663364), (0.76783675, -0.50720084, -0.39137453), (0.8196076, -0.5071993, -0.26644376), (0.8511931, -0.5072042, -0.13496044), (0.46438852, -0.87265986, -0.15102355), (0.48229572, -0.87265927, -0.07652873), (0.4350446, -0.872661, -0.22180857), (0.39497122, -0.8726859, -0.2870837), (0.34520337, -0.8726452, -0.34543458), (0.6093049, -0.5071886, -0.60951394), (0.506451, -0.50717914, -0.6973355), (0.2869232, -0.87265545, -0.39515504), (0.39113367, -0.5071854, -0.76796967), (0.22157566, -0.87264395, -0.4351974), (0.2662023, -0.5072111, -0.8196788), (0.15077843, -0.8726605, -0.46446684), (0.13469698, -0.50723433, -0.8512168), (0.076257944, -0.872685, -0.482292), (-0.00013597113, -0.5071582, -0.86185294), (-0.00013156005, -0.8726383, -0.48836702), (-0.15643135, -0.009060986, -0.9876473), (-0.15643023, -6.858551e-7, -0.987689), (-0.0000029381379, -0.009063109, -0.99995893), (0.0000013516361, -0.0000015668114, -1), (-0.30901387, 0.0000022309755, -0.95105755), (-0.30900657, -0.009058373, -0.9510168), (-0.4539922, 0.0000031327515, -0.8910057), (-0.45397735, -0.009059567, -0.89096713), (-0.58778715, 0.0000015564814, -0.80901563), (-0.5877641, -0.009061748, -0.8089816), (-0.7071074, -6.252066e-7, -0.7071062), (-0.70708007, -0.009063675, -0.70707536), (-0.8090163, -0.0000019514334, -0.58778626), (-0.80898553, -0.009063554, -0.58775866), (-0.89100564, -6.9625423e-7, -0.4539922), (-0.8909719, -0.009062379, -0.45396796), (-0.95105654, 2.57979e-7, -0.30901688), (-0.95101875, -0.009061583, -0.3090003), (-0.98768836, -4.056965e-7, -0.1564342), (-0.9876483, -0.009062856, -0.15642482), (-1, -2.9158133e-7, 1.6006251e-7), (-0.99995893, -0.009062408, 0.0000032165049), (-0.98768836, -5.6057326e-7, 0.1564343), (-0.9876475, -0.009061933, 0.15643018), (-0.95105624, -5.5828036e-7, 0.30901787), (-0.95101684, -0.009062416, 0.30900615), (-0.89100564, -6.9086644e-7, 0.45399225), (-0.8909687, -0.009063066, 0.45397428), (-0.8090168, -0.0000018671, 0.58778554), (-0.80898356, -0.00906432, 0.58776134), (-0.7071072, -0.000001619294, 0.70710635), (-0.70707595, -0.009063682, 0.7070795), (-0.5877851, -0.0000015174442, 0.8090171), (-0.58776045, -0.009063752, 0.8089843), (-0.4539922, -0.0000016462831, 0.8910057), (-0.45396963, -0.009063524, 0.89097106), (-0.3090187, -8.202404e-7, 0.95105594), (-0.3090027, -0.009062565, 0.951018), (-0.15643375, -1.3842535e-7, 0.9876885), (-0.15642536, -0.00906263, 0.9876482), (0.0000034324503, -7.2928907e-7, 1), (0.000003872735, -0.009064055, 0.99995893), (0.15643273, -0.0000030636797, 0.9876886), (0.15643105, -0.009064864, 0.9876473), (0.30901265, -0.0000014059635, 0.9510579), (0.30900693, -0.009061435, 0.9510166), (0.45399112, 6.047127e-7, 0.89100623), (0.45397505, -0.00906218, 0.8909683), (0.5877868, -0.000001649927, 0.80901587), (0.5877656, -0.009064873, 0.80898046), (0.7071073, -0.0000024800302, 0.70710623), (0.7070816, -0.009064381, 0.7070738), (0.80901605, -0.0000025442039, 0.5877866), (0.8089853, -0.009063735, 0.587759), (0.8910056, -9.1974385e-7, 0.45399234), (0.890972, -0.009061746, 0.45396775), (0.95105636, 0, 0.30901742), (0.9510187, -0.009061681, 0.30900064), (0.9876884, 0, 0.15643406), (0.9876485, -0.009061992, 0.15642373), (1, 0, 0.0000016361951), (0.99995893, -0.0090620415, -0.0000010326747), (0.6095004, -0.50719434, 0.6093137), (0.50668424, -0.50719756, 0.69715255), (0.39136493, -0.5071774, 0.76785713), (0.26644656, -0.50718755, 0.81961393), (0.13494802, -0.50716287, 0.85121965), (0.00013706255, -0.5072022, 0.8618271), (-0.13469236, -0.50721246, 0.85123056), (-0.26620135, -0.50721, 0.81967974), (-0.3911413, -0.5071919, 0.7679615), (-0.5064817, -0.507209, 0.69729143), (-0.6092947, -0.50718325, 0.60952854), (-0.69716823, -0.5072096, 0.5066506), (-0.76783276, -0.50718975, 0.3913967), (-0.81961066, -0.5071973, 0.26643807), (-0.8512032, -0.5071863, 0.13496348), (-0.86183155, -0.5071946, 0.0001327958), (-0.85123885, -0.5071973, -0.134697), (-0.8196975, -0.50719094, -0.26618296), (-0.7679592, -0.5072007, -0.39113438), (-0.69732, -0.5071982, -0.50645316), (-0.6095008, -0.5071935, -0.609314), (-0.5066936, -0.5072074, -0.69713867), (-0.3913754, -0.50718284, -0.7678482), (-0.26642993, -0.5071586, -0.8196373), (-0.13495575, -0.5072021, -0.85119504), (-0.00013597113, -0.5071582, -0.86185294), (-0.07652061, -0.8726449, -0.482323), (-0.00013156005, -0.8726383, -0.48836702), (-0.15103061, -0.8726761, -0.46435565), (-0.22181098, -0.8726483, -0.4350687), (-0.28714734, -0.8726794, -0.39493936), (-0.34539446, -0.8726591, -0.34520826), (-0.3951161, -0.8726716, -0.2869278), (-0.43516293, -0.87265724, -0.2215911), (-0.46446818, -0.8726595, -0.15078022), (-0.48233458, -0.8726607, -0.076267324), (-0.4883312, -0.8726584, 0.00012625514), (-0.48229715, -0.87265944, 0.07651787), (-0.46438512, -0.8726642, 0.15100874), (-0.43504137, -0.8726571, 0.2218301), (-0.394968, -0.8726798, 0.28710654), (-0.34520674, -0.8726522, 0.34541357), (-0.2869309, -0.87267065, 0.39511588), (-0.22157662, -0.8726478, 0.43518916), (-0.15077084, -0.8726219, 0.46454197), (-0.07626351, -0.8726711, 0.48231626), (0.00013226156, -0.8726562, 0.48833504), (0.076514766, -0.8726355, 0.482341), (0.15102355, -0.8726509, 0.46440524), (0.2218103, -0.87264144, 0.43508294), (0.2871246, -0.87267613, 0.39496303), (0.34537035, -0.87267214, 0.34519944), (0.39511964, -0.872669, 0.2869309), (0.6973193, -0.50719786, 0.5064544), (0.7679601, -0.5071988, 0.39113507), (0.43515947, -0.87265927, 0.22158986), (0.8196896, -0.507192, 0.2662054), (0.46446815, -0.87265533, 0.15080433), (0.85124326, -0.5071964, 0.13467278), (0.48233807, -0.8726597, 0.07625649), (0.86183685, -0.5071856, -0.00013193484), (0.48833385, -0.8726569, -0.00013083365), (-0.6747823, 0.2993376, -0.6745857), (-0.7719966, 0.29914787, -0.56083137), (-0.5609476, 0.2993396, -0.77183783), (-0.4332805, 0.299324, -0.8501018), (-0.29498434, 0.29934636, -0.90740067), (-0.14939533, 0.2993267, -0.9423824), (-0.00013856067, 0.299337, -0.95414746), (0.14912933, 0.29935297, -0.9424162), (0.29471517, 0.29933923, -0.9074905), (0.43305346, 0.29934582, -0.85020983), (0.56071144, 0.29933053, -0.7720129), (0.67458826, 0.2993401, -0.67477864), (0.77184176, 0.29934436, -0.56093967), (0.85008776, 0.29933774, -0.4332986), (0.90740186, 0.2993408, -0.29498628), (0.94237924, 0.29933536, -0.14939786), (0.9541486, 0.2993334, -0.00014000216), (0.94242096, 0.2993415, 0.14912196), (0.9074882, 0.2993366, 0.2947248), (0.85022247, 0.29933736, 0.43303457), (0.7719904, 0.29933605, 0.5607394), (0.67477846, 0.29933685, 0.6745899), (0.560938, 0.29933602, 0.7718462), (0.4333176, 0.29935005, 0.85007375), (0.29497498, 0.29933253, 0.9074083), (0.14939587, 0.299329, 0.94238156), (0.00013866111, 0.29935172, 0.9541428), (-0.14912155, 0.2993376, 0.9424223), (0.00013866111, 0.29935172, 0.9541428), (-0.29471287, 0.29933095, 0.90749395), (-0.43305305, 0.29934588, 0.85021), (-0.5607412, 0.2993465, 0.7719851), (-0.674576, 0.29933736, 0.67479205), (-0.77184206, 0.29934382, 0.56093943), (-0.85008246, 0.29933843, 0.43330857), (-0.90740705, 0.29933846, 0.29497275), (-0.9423328, 0.29952678, 0.14930695), (-0.9542063, 0.29914945, 0.000060607996), (-0.9424222, 0.29933748, -0.14912222), (-0.9074896, 0.29934084, -0.29471633), (-0.85013, 0.29952464, -0.43308648), (-0.60099876, 0, -0.79924995), (-0.60217655, 0, -0.798363), (-0.707107, 0, -0.70710653), (-0.7071068, 0, -0.70710677), (-0.79924405, 0, -0.6010066), (-0.8000496, 0, -0.59993386), (-0.8525451, 0.0000067657597, -0.52265364), (-0.91179603, 0.00032420052, -0.41064325), (-0.8846268, -0.0005517474, -0.46629936), (-0.85265005, -0.000046934572, -0.52248245), (-0.8028331, 0.054616746, -0.59369695), (-0.890229, -0.0012619904, -0.45551157), (-0.8903317, 0.053142138, -0.45220062), (-0.2282045, 0.966623, -0.116458744), (-0.20717607, 0.96662307, -0.15072455), (-0.7062232, 0.049366854, -0.706266), (-0.18104723, 0.9666233, -0.1812767), (-0.59383804, 0.054773275, -0.80271804), (-0.1504596, 0.9666229, -0.20736942), (-0.4510129, 0.050761238, -0.89107275), (-0.11616832, 0.9666228, -0.2283532), (-0.3036646, 0.051099066, -0.95140773), (-0.07901482, 0.9666235, -0.24371222), (-0.15621327, 0.049360428, -0.98648924), (-0.039917387, 0.96662277, -0.25307524), (0.00003053336, 0.049360365, -0.998781), (0.00016362942, 0.9666234, -0.2562014), (0.15627404, 0.04936039, -0.9864796), (0.040240414, 0.96662325, -0.25302213), (0.30372524, 0.051103465, -0.9513882), (0.07932634, 0.96662354, -0.24361095), (0.45107797, 0.050768528, -0.8910394), (0.11645966, 0.9666229, -0.22820455), (0.5938932, 0.054772846, -0.8026773), (0.15072453, 0.9666231, -0.20717587), (0.70626706, 0.04936704, -0.7062221), (0.18127812, 0.9666231, -0.181047), (0.80271834, 0.05477326, -0.5938377), (0.20736812, 0.966623, -0.15046056), (0.8910729, 0.050761137, -0.45101252), (0.22835237, 0.96662307, -0.11616821), (0.95140785, 0.051098857, -0.30366436), (0.24371235, 0.9666234, -0.07901559), (0.9864893, 0.049360298, -0.15621284), (0.2530737, 0.9666232, -0.03991714), (0.998781, 0.049359996, 0.000031042433), (0.25620252, 0.9666231, 0.00016288599), (0.9864795, 0.049360566, 0.15627433), (0.25302136, 0.9666234, 0.040240537), (0.9513879, 0.051103808, 0.303726), (0.24361148, 0.9666234, 0.079325825), (0.89103895, 0.050769053, 0.45107877), (0.22820416, 0.9666229, 0.11646027), (0.80267787, 0.054772615, 0.5938924), (0.20717594, 0.9666233, 0.15072323), (0.70622283, 0.049366895, 0.70626634), (0.18104702, 0.9666229, 0.18127924), (0.5938377, 0.054773435, 0.8027183), (0.15045951, 0.96662325, 0.20736775), (0.45101207, 0.05076169, 0.89107317), (0.116167955, 0.96662277, 0.22835365), (0.3036641, 0.05109927, 0.9514079), (0.07901491, 0.9666241, 0.24370998), (0.15621272, 0.049360074, 0.9864893), (0.03991699, 0.96662277, 0.25307512), (-0.000031971816, 0.049360007, 0.998781), (-0.00016363559, 0.96662325, 0.25620204), (0.8897434, -0.0023197583, 0.4564551), (0.8525474, -0.000006037246, 0.5226499), (0.7983684, 0, 0.6021694), (0.91599154, 0.0013299304, 0.40119538), (0.8525801, 0.000055662353, 0.5225966), (0.7992441, 0, 0.60100657), (0.9254802, -0.0017372827, 0.37879205), (0.70710665, 0, 0.70710695), (0.7071067, 0, 0.7071069), (0.6021767, 0, 0.79836285), (0.6009986, 0, 0.79925007), (0.70697874, -0.0200859, 0.70694953), (0.5954897, -0.022564903, 0.803046), (0.52259624, 0.000055588225, 0.8525803), (0.456718, 0.0032602118, 0.8896056), (0.45122063, -0.017811779, 0.8922346), (0.803073, -0.022565713, 0.5954532), (0.8896034, 0.0032648477, 0.45672217), (0.8922583, -0.017804317, 0.45117423), (0.3036991, -0.019254293, 0.9525734), (0.39307225, 0.04264134, 0.91851836), (0.3084153, 0.056554984, 0.94956917), (0.15611547, 0.0599792, 0.9859161), (0.076479, 0.9663415, 0.24563201), (0.039916977, 0.9666237, 0.25307155), (-0.00003806588, 0.05997906, 0.99819964), (-0.00016362964, 0.9666238, 0.25619993), (0.000146743, 0.97616553, -0.21702716), (-0.033805437, 0.97616553, -0.21437821), (-0.10996716, 0.7082024, -0.69739264), (0.00048246773, 0.70820165, -0.70601004), (-0.21048762, 0.70929146, -0.67275596), (-0.064753816, 0.9759482, -0.20816335), (0.15642369, -0.020082964, 0.9874858), (0.000021203376, -0.020082345, 0.99979836), (0.0003540962, -0.37925678, 0.9252914), (0.14509697, -0.37925762, 0.9138438), (0.0005122997, -0.70191914, 0.71225643), (0.1119274, -0.70191664, 0.70340973), (0.00037829738, -0.91982067, 0.39233884), (0.061749, -0.9198205, 0.38744977), (0.22058654, -0.70191944, 0.6772376), (0.12159892, -0.9198207, 0.37301955), (0.28626707, -0.37925857, 0.8798944), (0.3238144, -0.70191735, 0.6343944), (0.17845485, -0.91982055, 0.3494052), (0.4203896, -0.37925327, 0.8242812), (0.41906983, -0.7019158, 0.57592946), (0.23091717, -0.9198205, 0.31718683), (0.54415923, -0.37925565, 0.7483688), (0.5040058, -0.7019158, 0.50328165), (0.27769306, -0.9198205, 0.27715844), (0.6545303, -0.37925568, 0.65402997), (0.5765301, -0.70191693, 0.41824108), (0.3176311, -0.9198206, 0.23030521), (0.74878436, -0.3792567, 0.5435865), (0.63486004, -0.70191634, 0.32290274), (0.3497488, -0.91982037, 0.1777814), (0.8246029, -0.37925127, 0.41976005), (0.67755467, -0.70191896, 0.219612), (0.37325308, -0.9198208, 0.12087971), (0.95258623, -0.01925018, 0.3036591), (0.91851175, 0.04256662, 0.39309567), (0.9495808, 0.0560534, 0.3084709), (0.98749244, -0.020082943, 0.15638205), (0.9859042, 0.05997947, 0.15619014), (0.2530196, 0.96662396, 0.040239975), (0.25620008, 0.9666238, 0.00016361299), (0.99819964, 0.059978817, 0.00003770982), (0.25307232, 0.96662354, -0.03991707), (0.98591614, 0.059978765, -0.15611525), (0.24563195, 0.9663415, -0.076479), (0.949569, 0.05655499, -0.3084158), (0.23976825, 0.9679444, 0.07479839), (-0.20266229, 0.9772076, -0.06319289), (-0.21433194, 0.9761656, -0.034095645), (-0.69724184, 0.7082021, -0.11092134), (-0.66665035, 0.7149856, -0.21064855), (-0.7060105, 0.70820117, -0.000482516), (-0.2170273, 0.97616553, -0.00014674965), (-0.69739443, 0.70820063, 0.10996766), (-0.21437848, 0.9761655, 0.033805516), (-0.6723915, 0.709642, 0.2104708), (-0.2081522, 0.97595096, 0.06474825), (0.9874859, -0.020083064, -0.15642345), (0.95257336, -0.019253973, -0.30369928), (0.91851825, 0.042641304, -0.39307243), (0.88960665, 0.0031183928, -0.4567168), (0.8922346, -0.017811814, -0.4512207), (0.80304587, -0.022565037, -0.59548986), (0.85254544, 0.000006056711, -0.5226531), (0.79925007, 0, -0.6009986), (0.70694923, -0.020085724, -0.706979), (0.70710665, 0, -0.7071069), (0.7983627, 0, -0.60217696), (0.7071069, 0, -0.7071067), (0.6010064, 0, -0.7992442), (0.6021696, 0, -0.7983682), (0.52265316, 0.0000061109554, -0.85254544), (0.401411, 0.0014240771, -0.91589695), (0.52259535, -0.000054037988, -0.85258085), (0.37851018, -0.0016221388, -0.9255957), (0.45645705, -0.002444684, -0.8897421), (0.59545344, -0.022565654, -0.80307287), (0.456721, 0.0031230443, -0.8896045), (0.45117447, -0.017804567, -0.89225817), (0.30365893, -0.01925035, -0.9525863), (0.39309514, 0.04256615, -0.91851205), (0.3084703, 0.056053374, -0.949581), (0.15638223, -0.020083033, -0.98749244), (0.15619022, 0.059979238, -0.9859042), (0.040240053, 0.96662366, -0.25302052), (0.00016362891, 0.9666238, -0.25619993), (0.000038062288, 0.05997904, -0.99819964), (-0.039917007, 0.9666237, -0.25307146), (-0.1561155, 0.0599791, -0.9859161), (-0.07647905, 0.96634144, -0.2456322), (-0.30841535, 0.056554615, -0.94956917), (0.074798085, 0.96794456, -0.23976769), (-0.06312997, 0.9772373, 0.20253867), (-0.034095537, 0.9761656, 0.21433195), (-0.11092098, 0.708202, 0.697242), (-0.2102042, 0.70857644, 0.6735975), (-0.0004828126, 0.7082016, 0.7060101), (-0.00014678952, 0.97616553, 0.21702728), (0.10996675, 0.7082024, 0.69739276), (0.033805456, 0.9761655, 0.21437845), (0.21001989, 0.7062682, 0.67607456), (0.06475326, 0.97594863, 0.20816167), (-0.1564237, -0.020082949, -0.9874858), (-0.30369917, -0.019254401, -0.9525734), (-0.39307207, 0.042641208, -0.9185184), (-0.4567176, 0.0032605752, -0.88960576), (-0.45122102, -0.01781189, -0.89223444), (-0.5954903, -0.02256503, -0.8030456), (-0.52259636, 0.000055696295, -0.85258025), (-0.7069791, -0.020085556, -0.7069492), (-0.80307317, -0.022565788, -0.595453), (-0.88961047, 0.0031221246, -0.45670944), (-0.89225835, -0.017804885, -0.451174), (-0.95258904, -0.019251717, -0.30365032), (-0.9185166, 0.042572323, -0.3930839), (-0.94958824, 0.056066535, -0.30844557), (-0.98749244, -0.02008362, -0.15638207), (-0.9859042, 0.05997945, -0.15619008), (-0.25301996, 0.96662384, -0.04024008), (-0.25620034, 0.96662366, -0.00016402987), (-0.99819964, 0.059979178, -0.00004001884), (-0.25307107, 0.9666239, 0.039916176), (-0.9859164, 0.059979085, 0.1561133), (-0.24563277, 0.9663413, 0.07647916), (-0.9495693, 0.05655384, 0.308415), (-0.2397682, 0.96794444, -0.074798286), (0.20257127, 0.9772295, 0.06314637), (0.2143322, 0.97616553, 0.034095664), (0.69724286, 0.7082011, 0.110921495), (0.67438334, 0.7079012, 0.20995975), (0.7060133, 0.70819837, 0.0004837277), (0.21702826, 0.9761653, 0.00014708292), (0.69739217, 0.70820326, -0.1099652), (0.21437733, 0.9761658, -0.033804838), (0.67757505, 0.70479405, -0.21013677), (0.2081658, 0.9759476, -0.064755104), (-0.9525734, -0.019254658, 0.30369908), (-0.9874862, -0.02008288, 0.15642172), (-0.91851807, 0.042640857, 0.3930729), (-0.88960683, 0.0031180836, 0.45671654), (-0.8922348, -0.017812086, 0.4512203), (-0.8030459, -0.022565044, 0.5954898), (-0.8525456, 0.000006029266, 0.5226528), (-0.79925036, 0, 0.60099816), (-0.70694923, -0.020086186, 0.706979), (-0.70710695, 0, 0.70710665), (-0.7983632, 0, 0.60217625), (-0.7071069, 0, 0.70710665), (-0.6010069, 0, 0.7992438), (-0.6021687, 0, 0.7983689), (-0.5226541, 0.000006049515, 0.85254484), (-0.40141034, 0.0014244755, 0.9158972), (-0.52259403, -0.000054027856, 0.8525817), (-0.37850964, -0.001622054, 0.92559594), (-0.5938924, 0.054772653, 0.80267787), (-0.45645645, -0.0024449243, 0.8897424), (-0.4510779, 0.050768346, 0.89103943), (-0.11645945, 0.96662337, 0.22820257), (-0.15072386, 0.9666231, 0.20717637), (-0.70626694, 0.04936711, 0.70622224), (-0.18127841, 0.96662307, 0.18104677), (-0.80271834, 0.054773606, 0.5938376), (-0.20736773, 0.9666233, 0.15045935), (-0.89107317, 0.05076199, 0.45101202), (-0.22835256, 0.9666232, 0.116167046), (-0.95140785, 0.051099155, 0.30366427), (-0.243713, 0.9666232, 0.07901601), (-0.9864896, 0.04936023, 0.15621106), (-0.2530735, 0.96662325, 0.03991681), (-0.998781, 0.049360078, -0.000033357028), (-0.25620198, 0.96662325, -0.00016399083), (-0.07932632, 0.9666234, 0.24361144), (-0.30372605, 0.05110345, 0.9513879), (-0.040240474, 0.96662366, 0.25302047), (-0.15627502, 0.04936028, 0.98647946), (-0.00016363559, 0.96662325, 0.25620204), (-0.000031971816, 0.049360007, 0.998781), (-0.9864795, 0.049360517, -0.15627442), (-0.2530219, 0.96662337, -0.040239904), (-0.9517243, 0.05266551, -0.30240238), (-0.24361192, 0.9666232, -0.07932721), (0.00003193484, -0.04936038, 0.998781), (-0.15621318, -0.049360327, 0.98648924), (-0.039896462, -0.9666586, 0.2529415), (0.00016104158, -0.9676289, 0.25237724), (-0.07784663, -0.965105, 0.25002447), (-0.30868477, -0.0465123, 0.9500265), (-0.98648924, -0.049360827, -0.15621306), (-0.998781, -0.049360093, 0.000028906981), (-0.2530683, -0.96662456, -0.039917234), (-0.2561978, -0.9666244, 0.00016290045), (-0.9864798, -0.04935999, 0.15627256), (-0.2530183, -0.9666243, 0.04023883), (-0.95003235, -0.04609201, 0.30872983), (-0.23976609, -0.96794516, 0.07479575), (-0.24564944, -0.9663396, -0.07644668), (-0.95146966, -0.047286008, -0.30408797), (-0.9184135, -0.034490224, 0.39411548), (-0.88974136, -0.0024478654, 0.45645848), (0.20258209, -0.9772269, -0.0631508), (0.21432982, -0.9761661, -0.034094956), (0.69723946, -0.7082048, -0.110919364), (0.70600843, -0.70820326, -0.00048009335), (0.21702579, -0.9761659, -0.00014594414), (0.6973901, -0.70820534, 0.109964706), (0.21437593, -0.97616607, 0.033804514), (0.67256814, -0.7096702, 0.20981036), (0.20820378, -0.9759406, 0.06473918), (0.67708784, -0.7051197, -0.21061376), (0.2339343, -0.96204317, 0.14052662), (0.6226021, -0.71382284, 0.32066107), (0.04379292, -0.8404819, 0.540067), (0.5345331, -0.5523275, 0.63969415), (0.39312118, -0.37015814, 0.84168804), (-0.16570514, -0.4836634, 0.8594251), (0.1323553, -0.009011537, 0.99116135), (-0.2767684, -0.004930509, 0.960924), (-0.15322901, 0.002363859, 0.98818785), (-0.7073718, 0.0018621861, 0.70683926), (-0.686998, 0.4486566, 0.5716126), (-0.062578864, 0.48065, 0.87467676), (-0.5313025, 0.8014566, 0.2745633), (0.09405976, 0.8367537, 0.5394404), (-0.32843676, 0.939089, -0.10119834), (0.2483893, 0.95830965, 0.141228), (-0.5924692, -0.004717994, 0.80557925), (0.42215398, 0.0017376158, 0.90652245), (0.6615013, 0.6754924, 0.32577002), (-0.97121114, 0.13528575, -0.19607827), (-0.939677, 0.22541259, -0.25728652), (0.64470744, 0.4844548, 0.591317), (-0.5928261, -0.46106708, 0.66028357), (-0.9588794, -0.11306153, -0.26032156), (-0.48703703, -0.81260526, 0.32010567), (-0.94683975, -0.23268245, -0.22215612), (-0.92113304, -0.03946606, -0.38724202), (-0.31143165, -0.9460578, -0.08935899), (-0.8909004, -0.0032631443, -0.45418707), (-0.84790313, -0.01915161, -0.5298051), (0.21437919, 0.97616535, -0.033804756), (0.21702997, 0.97616494, 0.00014714518), (0.6973952, 0.70820045, -0.109963946), (0.70601654, 0.70819515, 0.00048341535), (0.6716117, 0.708194, -0.21771285), (0.2064528, 0.97616494, -0.06692717), (0.6292842, 0.7081951, -0.32009554), (0.19344063, 0.97616524, -0.098397836), (0.571465, 0.7081942, -0.4145946), (0.17566654, 0.9761651, -0.12744759), (0.49956754, 0.7081964, -0.49888888), (0.15356623, 0.9761652, -0.153359), (0.41537696, 0.7081955, -0.57089496), (0.12768535, 0.9761652, -0.1754935), (0.32095516, 0.70819986, -0.6288408), (0.09865979, 0.97616524, -0.19330713), (0.2186313, 0.70819336, -0.671314), (0.06720547, 0.9761651, -0.20636143), (0.1109214, 0.7081972, -0.69724685), (0.034095805, 0.97616446, -0.21433711), (0.0004824756, 0.7082019, -0.70600986), (0.00014674588, 0.97616565, -0.21702683), (-0.00016363559, 0.96662325, 0.25620204), (-0.040240474, 0.96662366, 0.25302047), (-0.07932632, 0.9666234, 0.24361144), (-0.11645945, 0.96662337, 0.22820257), (-0.15072386, 0.9666231, 0.20717637), (-0.18127841, 0.96662307, 0.18104677), (-0.20736773, 0.9666233, 0.15045935), (-0.22835256, 0.9666232, 0.116167046), (-0.243713, 0.9666232, 0.07901601), (-0.2530735, 0.96662325, 0.03991681), (-0.25620198, 0.96662325, -0.00016399083), (0.214334, 0.9761651, 0.034096785), (0.6972459, 0.708198, 0.11092202), (0.20636243, 0.976165, 0.067204215), (0.67131597, 0.70819205, 0.21862964), (0.19330731, 0.97616524, 0.09865961), (0.62884456, 0.70819765, 0.32095262), (0.17549427, 0.97616494, 0.12768616), (0.57089627, 0.7081934, 0.41537875), (0.15335904, 0.9761653, 0.15356544), (0.49888775, 0.7081991, 0.49956483), (0.12744784, 0.9761651, 0.1756665), (0.4145964, 0.7081949, 0.57146287), (0.09839785, 0.9761653, 0.1934404), (0.32009262, 0.70819765, 0.6292828), (0.06692669, 0.97616494, 0.20645294), (0.21771398, 0.7081913, 0.6716143), (0.03380577, 0.97616524, 0.21437961), (0.10996715, 0.7081985, 0.6973967), (-0.00014677591, 0.97616506, 0.2170295), (-0.00048284495, 0.708198, 0.70601374), (-0.03409578, 0.9761655, 0.21433258), (-0.11092165, 0.7082006, 0.6972434), (-0.067205496, 0.97616524, 0.20636097), (-0.21863136, 0.7081931, 0.67131424), (-0.098659895, 0.97616506, 0.19330807), (-0.3209544, 0.7081989, 0.6288423), (-0.12768549, 0.97616506, 0.17549418), (-0.415377, 0.70819414, 0.5708966), (-0.15356658, 0.97616506, 0.15335935), (-0.49956816, 0.70819557, 0.49888948), (-0.17566636, 0.97616524, 0.12744702), (-0.57146144, 0.70819604, 0.41459635), (-0.19344008, 0.97616535, 0.09839763), (-0.6292817, 0.7081978, 0.32009447), (-0.206452, 0.9761651, 0.066926785), (-0.6716116, 0.7081941, 0.21771307), (-0.21438038, 0.97616506, 0.03380557), (-0.6973976, 0.70819765, 0.10996701), (-0.21702932, 0.97616506, -0.00014695716), (-0.70601356, 0.70819813, -0.0004822223), (-0.21433383, 0.9761652, -0.034095436), (-0.6972447, 0.7081992, -0.11092181), (-0.2063625, 0.97616494, -0.06720528), (-0.6713175, 0.7081904, -0.21863015), (-0.1933069, 0.97616535, -0.09865931), (-0.62884295, 0.70820004, -0.32095045), (-0.17549427, 0.9761649, -0.12768653), (-0.57089657, 0.7081926, -0.4153798), (-0.15335892, 0.97616565, -0.15356314), (-0.49888662, 0.7082003, -0.4995643), (-0.12744772, 0.9761648, -0.17566831), (-0.4145951, 0.70819324, -0.5714659), (-0.098397925, 0.9761656, -0.19343892), (-0.3200942, 0.7081981, -0.6292815), (-0.06692643, 0.9761646, -0.20645478), (-0.2177137, 0.7081917, -0.67161393), (-0.03380566, 0.9761647, -0.21438217), (-0.10996729, 0.7081977, -0.6973975), (0.00014674588, 0.97616565, -0.21702683), (0.0004824756, 0.7082019, -0.70600986), (0.22820416, 0.9666229, 0.11646027), (0.20717594, 0.9666233, 0.15072323), (0.18104702, 0.9666229, 0.18127924), (0.15045951, 0.96662325, 0.20736775), (0.116167955, 0.96662277, 0.22835365), (0.07901491, 0.9666241, 0.24370998), (0.03991699, 0.96662277, 0.25307512), (-0.00016363559, 0.96662325, 0.25620204), (0.24361148, 0.9666234, 0.079325825), (0.25302136, 0.9666234, 0.040240537), (0.25620252, 0.9666231, 0.00016288599), (0.2530737, 0.9666232, -0.03991714), (0.24371235, 0.9666234, -0.07901559), (0.22835237, 0.96662307, -0.11616821), (0.20736812, 0.966623, -0.15046056), (0.18127812, 0.9666231, -0.181047), (0.15072453, 0.9666231, -0.20717587), (0.11645966, 0.9666229, -0.22820455), (0.07932634, 0.96662354, -0.24361095), (0.040240414, 0.96662325, -0.25302213), (0.00016362942, 0.9666234, -0.2562014), (-0.039917387, 0.96662277, -0.25307524), (-0.07901482, 0.9666235, -0.24371222), (-0.11616832, 0.9666228, -0.2283532), (-0.1504596, 0.9666229, -0.20736942), (-0.18104723, 0.9666233, -0.1812767), (-0.20717607, 0.96662307, -0.15072455), (-0.2282045, 0.966623, -0.116458744), (-0.24361192, 0.9666232, -0.07932721), (-0.2530219, 0.96662337, -0.040239904), (-0.00003806588, 0.05997906, 0.99819964), (-0.15619047, 0.059979208, 0.98590416), (-0.00016362964, 0.9666238, 0.25619993), (-0.04024002, 0.9666238, 0.25302014), (-0.3084709, 0.056053575, 0.9495808), (-0.07604063, 0.96685266, 0.24374925), (0.0642348, 0.97639483, -0.20622073), (0.034095656, 0.97616565, -0.21433179), (0.11092137, 0.70820194, -0.697242), (0.00048246773, 0.70820165, -0.70601004), (0.000146743, 0.97616553, -0.21702716), (0.20980802, 0.7144398, -0.6675001), (-0.15638228, -0.020082928, 0.9874924), (-0.30365932, -0.019250078, 0.9525862), (-0.39309493, 0.042566687, 0.9185121), (-0.4567203, 0.0031228366, 0.88960487), (-0.4511744, -0.01780464, 0.89225817), (-0.5954531, -0.022565573, 0.8030731), (-0.6540296, -0.37925705, 0.65452987), (-0.7483693, -0.3792544, 0.54415953), (-0.8242811, -0.3792542, 0.42038897), (-0.87989473, -0.3792575, 0.2862673), (-0.9138439, -0.37925798, 0.14509521), (-0.7034094, -0.70191723, 0.11192578), (-0.6772379, -0.7019191, 0.22058661), (-0.38745064, -0.9198202, 0.06174824), (-0.37301946, -0.9198207, 0.12159888), (-0.6343932, -0.7019188, 0.32381356), (-0.34940442, -0.91982096, 0.17845449), (-0.57593, -0.701915, 0.41907027), (-0.31718728, -0.91982025, 0.2309176), (-0.5032812, -0.70191664, 0.50400513), (-0.2771583, -0.9198206, 0.2776929), (-0.41824147, -0.7019166, 0.5765303), (-0.23030537, -0.9198206, 0.31763098), (-0.543587, -0.37925455, 0.7487851), (-0.3229023, -0.70191723, 0.63485926), (-0.17778115, -0.91982055, 0.34974852), (-0.41976, -0.37925333, 0.824602), (-0.21961188, -0.70191944, 0.6775542), (-0.12087976, -0.91982067, 0.37325326), (-0.2855936, -0.37925908, 0.88011295), (-0.11091701, -0.7019163, 0.7035701), (-0.06100215, -0.91982055, 0.38756794), (-0.14439829, -0.37925768, 0.91395444), (0.0005122997, -0.70191914, 0.71225643), (0.00037829738, -0.91982067, 0.39233884), (0.000021203376, -0.020082345, 0.99979836), (0.0003540962, -0.37925678, 0.9252914), (-0.07479585, -0.9679452, -0.23976576), (-0.040239748, -0.9666246, -0.25301704), (-0.30873016, -0.046092384, -0.95003223), (-0.1562743, -0.049360283, -0.9864796), (-0.0001636473, -0.96662426, -0.25619814), (-0.00003085748, -0.04936025, -0.998781), (0.039916653, -0.9666244, -0.25306907), (0.15621382, -0.049360387, -0.9864891), (0.07647847, -0.96634203, -0.24563007), (0.30868432, -0.04651226, -0.95002663), (-0.39411643, -0.03448961, -0.91841316), (-0.4564579, -0.0024476228, -0.88974166), (0.00014679076, -0.9761661, 0.2170245), (0.0340951, -0.9761657, 0.21433154), (0.0004828259, -0.7082042, 0.70600754), (-0.10996632, -0.7082069, 0.6973883), (-0.03380512, -0.97616625, 0.21437512), (-0.2102048, -0.7062797, 0.6760052), (-0.06473281, -0.97595865, 0.20812097), (0.11092005, -0.7082047, 0.6972395), (0.06312535, -0.9772393, 0.20253019), (0.21070194, -0.70967025, 0.6722892), (-0.14692262, -0.95185244, 0.26905522), (-0.32722214, -0.6540013, 0.6820616), (-0.5474888, -0.830863, 0.099612884), (-0.60905796, -0.47514313, 0.63504916), (-0.7806434, -0.31120685, 0.54198354), (-0.8735998, -0.4782325, -0.09009482), (-0.9440022, -0.0069302344, 0.32986635), (-0.9808789, -0.004297884, -0.19457152), (-0.9621225, 0.008485282, 0.27248538), (-0.97461367, 0.004824716, -0.22384134), (-0.69894916, 0.004354214, -0.7151581), (-0.5684022, 0.4485216, -0.68974435), (-0.8679779, 0.48228064, -0.11840515), (-0.27378723, 0.8010884, -0.53225744), (-0.5406379, 0.8383034, 0.07041327), (0.10137165, 0.9389071, -0.3289031), (-0.14175911, 0.95911646, 0.24494903), (-0.7047099, -0.0044140834, -0.70948184), (-0.32407787, 0.6920873, 0.6449719), (0.19751218, 0.13707183, -0.97067), (0.25768393, 0.22651093, -0.9393039), (-0.62028474, 0.51512986, 0.59151334), (-0.80360794, 0.33687136, 0.4906444), (0.41241074, 0.014488921, -0.9108828), (0.51793456, 0.00048101635, -0.8554201), (0.23976593, -0.9679452, -0.0747957), (0.2530177, -0.96662444, -0.040239964), (0.9500323, -0.04609242, -0.30872992), (0.9864795, -0.049360488, -0.1562744), (0.2561981, -0.96662426, -0.00016345958), (0.9987811, -0.04935979, -0.00003106615), (0.2530691, -0.9666244, 0.039916966), (0.98648924, -0.04936052, 0.15621293), (0.24562965, -0.9663422, 0.076477796), (0.95002675, -0.046512708, 0.3086839), (0.9184133, -0.034489498, -0.39411607), (0.8897419, -0.0023223024, -0.45645812), (-0.21702491, -0.97616607, 0.00014659447), (-0.21433023, -0.976166, 0.034095086), (-0.70600575, -0.7082059, 0.0004817362), (-0.69739056, -0.70820487, -0.109964825), (-0.21437602, -0.97616607, -0.033804137), (-0.67046106, -0.71139115, -0.21072392), (-0.2081086, -0.97596174, -0.064726606), (-0.69723886, -0.7082051, 0.11092083), (-0.20256278, -0.97723156, 0.063140795), (-0.668111, -0.71368116, 0.21044458), (-0.24373311, -0.95877165, -0.14612027), (-0.60405606, -0.72895277, -0.3220933), (-0.06973983, -0.83533335, -0.5453022), (-0.5262932, -0.5584478, -0.641211), (-0.4019173, -0.36506665, -0.8397552), (0.12506157, -0.47959718, -0.86853105), (-0.15230866, -0.0047190627, -0.9883217), (0.23489343, -0.0031460624, -0.97201604), (0.010041961, 0.0091514215, -0.9999077), (0.30336684, 0.004685158, -0.9528623), (0.709661, -0.0044185673, -0.70452946), (0.7164242, 0.0044082706, -0.69765097), (0.69121087, 0.4479493, -0.56707054), (0.1953085, 0.47574198, -0.85762703), (0.53366756, 0.8001862, -0.27368036), (-0.011675985, 0.83965874, -0.54298884), (0.32828638, 0.93914676, 0.10115066), (-0.20602965, 0.96868193, -0.1385895), (-0.5416548, 0.7807841, -0.3114262), (0.9606178, 0.1196498, 0.25079367), (0.94073033, 0.22001427, 0.2581089), (-0.42287183, 0.6303839, -0.65099585), (-0.25908405, 0.41301417, -0.8730949), (0.8903278, 0.006044006, 0.45527998), (0.84871674, -0.0023139974, 0.5288426), (0.07486543, -0.9678848, 0.23998787), (0.040852234, -0.96558213, 0.25687), (0.30872995, -0.046092425, 0.9500323), (0.15627505, -0.049360424, 0.9864794), (0.00016104158, -0.9676289, 0.25237724), (0.00003193484, -0.04936038, 0.998781), (0.39411563, -0.03449002, 0.91841346), (0.4564595, -0.0024479027, 0.8897408), (-0.07078094, -0.9717757, -0.22503787), (-0.033996664, -0.9720907, -0.23212907), (0, -0.97434294, -0.22506852), (-0.103831924, -0.68682617, -0.7193669), (0, -0.6858022, -0.7277879), (-0.2339174, -0.6261389, -0.74379617), (0.52259433, -0.000054192475, 0.8525815), (0.40458834, 0.0013394409, 0.9144979), (0.37457302, -0.0016101955, 0.927196), (-0.6982194, -0.0044307048, 0.7158701), (-0.5677132, -0.44808927, 0.6905923), (0.2511016, -0.11933851, 0.960576), (0.25867155, -0.21908927, 0.94079167), (-0.27442566, -0.80030453, 0.5331071), (0.100760065, -0.9394106, 0.32765093), (-0.7047941, 0.004409752, 0.7093982), (-0.9561122, -0.004643947, 0.29296398), (-0.9828919, 0.0016953731, 0.18417549), (-0.5689708, 0.44863847, 0.6891994), (-0.8748943, 0.47754624, 0.08068154), (-0.2740047, 0.8013333, 0.53177655), (-0.54577976, 0.8325197, -0.09505444), (0.10126977, 0.93905425, 0.32851413), (-0.14686093, 0.95559275, -0.25548846), (-0.99993026, -0.009726692, -0.0067020413), (-0.86416036, -0.47001818, 0.17974927), (-0.87148625, -0.39785022, -0.2867524), (-0.5558045, -0.8306307, -0.03367456), (-0.6636131, -0.5964089, -0.45156854), (-0.3419228, -0.7401266, -0.57905215), (-0.15585686, -0.9600175, -0.2325404), (-0.9579182, 0.0009411757, -0.28703973), (-0.32567003, 0.699496, -0.6361167), (0.25778085, 0.22039773, 0.9407305), (0.25032613, 0.11988419, 0.96071047), (0.52884537, -0.0023123238, 0.84871507), (0.4552773, 0.006031917, 0.8903293), (-0.52259344, -0.000054190976, -0.85258204), (-0.404591, 0.0013394714, -0.9144968), (-0.3745753, -0.0016101301, -0.92719513), (0.69890153, -0.004356151, -0.71520466), (0.5683425, -0.44849592, -0.6898102), (-0.25109804, -0.11933682, -0.9605772), (-0.2586736, -0.21909016, -0.9407909), (0.27373832, -0.8010432, -0.5323506), (-0.10139029, -0.93887144, -0.32899907), (0.7048651, 0.004407543, -0.7093277), (0.98738104, 0.003067362, -0.1583329), (0.9742889, -0.0047662933, -0.22525203), (0.9736306, -0.008803875, 0.2279603), (0.9141989, 0.0036402047, 0.40524945), (0.87671745, 0.47710958, -0.061097685), (0.7548154, 0.29652178, 0.58508843), (0.54557055, 0.8308212, 0.109949306), (0.5934896, 0.4646033, 0.6572015), (0.32768878, 0.6493881, 0.6862326), (0.14606078, 0.9522192, 0.2682254), (-0.101272784, 0.93905044, -0.3285242), (0.27398634, 0.80132496, -0.5317986), (-0.2577804, 0.22039817, -0.9407305), (0.5689284, 0.44863465, -0.6892368), (-0.25032705, 0.11988563, -0.96071005), (-0.5288455, -0.002311733, -0.84871495), (-0.45527855, 0.0060307593, -0.89032865), (0, -0.97434294, -0.22506852), (0.036230087, -0.9727943, -0.22882017), (0.069666855, -0.9723084, -0.22307597), (0.113365695, -0.68695873, -0.71779937), (0.2171764, -0.68997097, -0.6904886), (0, -0.6858022, -0.7277879), (0.14244524, -0.9608392, -0.2376917), (-0.09834242, -0.9420325, 0.3207858), (0.5474024, -0.8361181, -0.03545673), (0.27385718, -0.8000022, 0.53385276), (0.85423577, -0.478294, 0.20375492), (0.56764275, -0.4484401, 0.6904225), (0.94754934, -0.0048762746, 0.31957227), (0.704288, -0.0044753267, 0.7099002), (0.6992682, 0.004341579, 0.71484625), (0.9479254, 0.004931803, 0.31845438), (0.5685101, 0.4487246, 0.68952334), (0.84416324, 0.49272525, 0.21121123), (0.27355522, 0.80107903, 0.5323908), (0.5232789, 0.8521549, 0.00334087), (-0.09879039, 0.9419416, 0.32091495), (0.12781192, 0.97392654, -0.18743318), (0.9996574, 0.00847263, 0.024766171), (0.99981177, -0.008776376, 0.017303327), (0.31029096, 0.78575075, -0.53508437), (-0.1975129, 0.13707139, 0.9706699), (-0.25768158, 0.2265088, 0.93930507), (0.65094644, 0.6341196, -0.4173261), (-0.41240752, 0.014489836, 0.9108842), (-0.517929, 0.00048103198, 0.85542345), (0.8732574, 0.41828072, -0.24992548), (0.06684637, -0.99753124, -0.021517025), (0.07512273, -0.9968842, -0.024051148), (0.06938932, -0.99753124, -0.0107948985), (0.07796037, -0.9968842, -0.012002986), (0.07043548, -0.9968842, -0.03550662), (0.062657356, -0.99753124, -0.031709086), (0.0640138, -0.9968842, -0.046088062), (0.056925528, -0.99753124, -0.04112054), (0.0560159, -0.9968842, -0.05553462), (0.049792044, -0.99753124, -0.049519435), (0.046638764, -0.9968842, -0.06361365), (0.041432478, -0.99753124, -0.056698885), (0.03611314, -0.9968842, -0.07012645), (0.032052636, -0.99753124, -0.062482335), (0.02469894, -0.9968842, -0.07491222), (0.021883741, -0.99753124, -0.06672735), (0.012676009, -0.99688417, -0.07785383), (0.01117585, -0.99753124, -0.06932931), (0.00034023548, -0.99688417, -0.07887842), (0.00019266788, -0.99753124, -0.07022404), (-0.012003194, -0.99688417, -0.077960484), (-0.010795142, -0.99753124, -0.0693896), (-0.024051484, -0.99688417, -0.07512282), (-0.021517118, -0.99753124, -0.066846505), (-0.035507057, -0.9968842, -0.0704354), (-0.031709123, -0.99753124, -0.062657356), (-0.046088073, -0.9968842, -0.06401382), (-0.041120544, -0.99753124, -0.056925513), (-0.055534627, -0.9968842, -0.056015942), (-0.049519416, -0.99753124, -0.049792018), (-0.063613646, -0.9968842, -0.04663883), (-0.05669889, -0.99753124, -0.041432478), (-0.07012645, -0.9968842, -0.036113165), (-0.06248235, -0.99753124, -0.032052625), (-0.07491244, -0.9968842, -0.024698334), (-0.06672725, -0.99753124, -0.02188364), (-0.077853814, -0.9968842, -0.012675451), (-0.06932908, -0.99753124, -0.011175814), (-0.07887819, -0.9968842, -0.00034033187), (-0.0702238, -0.99753124, -0.00019274694), (-0.07796027, -0.9968842, 0.012003153), (-0.06938937, -0.99753124, 0.01079505), (-0.07512275, -0.9968842, 0.024050973), (-0.0668464, -0.99753124, 0.02151701), (-0.0704355, -0.9968842, 0.03550667), (-0.062657334, -0.99753124, 0.031709112), (-0.0640138, -0.9968842, 0.046088118), (-0.056925476, -0.99753124, 0.04112055), (-0.056015912, -0.9968842, 0.055534635), (-0.049791973, -0.99753124, 0.04951943), (-0.046638828, -0.9968842, 0.06361367), (-0.041432444, -0.99753124, 0.056698877), (-0.036113206, -0.9968842, 0.07012645), (-0.032052644, -0.99753124, 0.062482305), (-0.02469833, -0.9968842, 0.07491244), (-0.021883618, -0.99753124, 0.06672724), (-0.012675525, -0.9968842, 0.077853784), (-0.011175816, -0.99753124, 0.06932908), (-0.00033988402, -0.9968842, 0.07887818), (-0.00019272894, -0.99753124, 0.070223674), (0.0120035745, -0.9968842, 0.077960104), (0.010794971, -0.99753124, 0.06938914), (0.02405055, -0.9968842, 0.075122714), (0.021516904, -0.99753124, 0.066846274), (0.03550634, -0.9968842, 0.07043557), (0.03170912, -0.99753124, 0.06265735), (0.04608814, -0.9968842, 0.064013794), (0.041120507, -0.99753124, 0.056925498), (0.055534612, -0.9968842, 0.056015927), (0.049519412, -0.99753124, 0.049792007), (0.0636137, -0.9968842, 0.04663876), (0.056698896, -0.99753124, 0.04143244), (0.0701264, -0.9968842, 0.036113173), (0.062482357, -0.99753124, 0.032052677), (0.07491242, -0.9968842, 0.02469833), (0.06672725, -0.99753124, 0.021883612), (0.07785379, -0.9968842, 0.012675313), (0.06932912, -0.99753124, 0.011175755), (0.07887811, -0.9968842, 0.00034066706), (0.07022387, -0.99753124, 0.00019295163), (0.044470005, -0.9980052, 0.044811014), (0.036912493, -0.9980052, 0.051215794), (0.028445436, -0.9980052, 0.05635995), (0.019278709, -0.9980052, 0.060116023), (0.009638599, -0.9980052, 0.062391683), (-0.00024035957, -0.9980052, 0.0631312), (-0.010114072, -0.9980052, 0.062316332), (-0.01973782, -0.9980052, 0.059966944), (-0.02887582, -0.9980052, 0.056141045), (-0.037302814, -0.9980052, 0.05093271), (-0.04481107, -0.9980052, 0.044470157), (-0.051215935, -0.9980052, 0.03691262), (-0.05635986, -0.9980052, 0.02844615), (-0.060115807, -0.9980052, 0.019279283), (-0.062391512, -0.9980052, 0.009637798), (-0.06313107, -0.9980052, -0.00024106583), (-0.06231624, -0.9980052, -0.010113958), (-0.059967034, -0.9980052, -0.019737896), (-0.056141105, -0.9980052, -0.028875848), (-0.050932568, -0.9980052, -0.037302766), (-0.044469997, -0.9980052, -0.04481095), (-0.036912486, -0.9980052, -0.051215768), (-0.02844686, -0.9980052, -0.056359474), (-0.01927999, -0.9980052, -0.06011562), (-0.00963781, -0.9980052, -0.0623917), (0.00024091509, -0.9980052, -0.06313133), (0.01011488, -0.9980052, -0.06231615), (0.01973866, -0.9980052, -0.05996662), (0.028875623, -0.9980052, -0.056140754), (0.03730257, -0.9980052, -0.050932378), (0.04481091, -0.9980052, -0.044470116), (0.051215973, -0.9980052, -0.036912594), (0.05635995, -0.9980052, -0.028446203), (0.060116027, -0.9980052, -0.019279711), (0.06239187, -0.9980052, -0.009637665), (0.06313144, -0.9980052, 0.0002414777), (0.062316343, -0.9980052, 0.010113816), (0.059967, -0.9980052, 0.019737933), (0.056141138, -0.9980052, 0.028875902), (0.050932627, -0.9980052, 0.03730272), (0.04717911, -0.998773, -0.015056284), (0.048954133, -0.998773, -0.0074888845), (0.039910283, -0.998773, 0.029320639), (0.034832377, -0.998773, 0.035202093), (0.028897643, -0.998773, 0.04021706), (0.022250356, -0.998773, 0.04424255), (0.015055715, -0.998773, 0.04717877), (0.007491103, -0.998773, 0.048953045), (-0.00025917648, -0.998773, 0.049522214), (-0.008004205, -0.998773, 0.04887174), (-0.015549853, -0.998773, 0.047018483), (-0.022713874, -0.998773, 0.044007517), (-0.029320017, -0.998773, 0.039910816), (-0.035202265, -0.998773, 0.034832656), (-0.040217202, -0.998773, 0.02889783), (-0.044242933, -0.998773, 0.022249663), (-0.047178578, -0.99877304, 0.015054405), (-0.048952606, -0.99877304, 0.007489849), (-0.049521625, -0.99877304, -0.00025924394), (-0.048871916, -0.998773, -0.008001808), (-0.047018323, -0.998773, -0.015549684), (-0.04400629, -0.998773, -0.022715433), (-0.039910097, -0.998773, -0.029320715), (-0.034832355, -0.99877304, -0.035201997), (-0.028898431, -0.998773, -0.040216506), (-0.022252496, -0.998773, -0.044241544), (-0.015056495, -0.99877304, -0.04717811), (-0.0074909865, -0.998773, -0.048953142), (0.00025996132, -0.998773, -0.049522474), (0.008007352, -0.998773, -0.04887123), (0.01555268, -0.99877304, -0.047016818), (0.02271416, -0.99877304, -0.04400597), (0.029318, -0.99877304, -0.039911453), (0.0352004, -0.998773, -0.03483409), (0.04021678, -0.998773, -0.028898641), (0.04424263, -0.998773, -0.022251729), (0.0049299784, -0.9999848, -0.0024639452), (0.0049553, -0.9999865, -0.0015631361), (0.004946333, -0.9999875, -0.0007365395), (0.004845204, -0.99998224, -0.0034677598), (0.004658512, -0.9999786, -0.004586778), (0.004308413, -0.9999737, -0.0058300886), (0.003716962, -0.9999676, -0.0071427715), (0.002818501, -0.9999607, -0.008401838), (0.0015842746, -0.99995464, -0.009393951), (0.000086114924, -0.99995244, -0.00975458), (-0.0013719564, -0.9999575, -0.009118799), (-0.002552349, -0.9999642, -0.008067809), (-0.0034123135, -0.9999708, -0.006836612), (-0.00399613, -0.9999764, -0.0055937786), (-0.004364632, -0.99998057, -0.004447678), (-0.00459098, -0.99998367, -0.003410644), (-0.004734135, -0.99998575, -0.0024650858), (-0.0048236987, -0.99998707, -0.0016039688), (-0.0048805857, -0.9999878, -0.0008073107), (-0.0049199406, -0.9999879, -0.000038956994), (-0.004946885, -0.9999875, 0.00074009923), (-0.004956121, -0.9999865, 0.0015602061), (-0.0049326047, -0.9999848, 0.0024531004), (-0.0048480527, -0.9999823, 0.003455215), (-0.0046622674, -0.99997866, 0.0045800013), (-0.004314048, -0.9999738, 0.005819456), (-0.0037156742, -0.99996763, 0.007138607), (-0.002804594, -0.9999607, 0.008410053), (-0.0015722647, -0.9999546, 0.009400959), (-0.00008060102, -0.99995244, 0.009754479), (0.0013698018, -0.99995744, 0.009124622), (0.002546897, -0.9999642, 0.008073723), (0.0034111522, -0.9999708, 0.006839307), (0.003994313, -0.99997634, 0.0055979695), (0.004364877, -0.99998057, 0.004445524), (0.0045916867, -0.99998367, 0.0034080679), (0.0047323704, -0.99998575, 0.002467732), (0.044006273, -0.998773, 0.022715453), (0.047018707, -0.998773, 0.0155499745), (0.048872482, -0.998773, 0.008002721), (0.049522106, -0.998773, 0.00026188802), (0.004821529, -0.99998707, 0.001609288), (0.0048789405, -0.9999878, 0.00081297325), (0.0049186675, -0.9999879, 0.00004532798), (0.99979836, -0.020082064, -0.000020978512), (0.91395456, -0.37925768, 0.14439783), (0.88011307, -0.37925878, 0.28559366), (0.7035705, -0.701916, 0.11091674), (0.38756695, -0.91982096, 0.061001766), (0.7122557, -0.7019199, -0.0005123965), (0.39233875, -0.9198207, -0.00037821548), (0.92529106, -0.37925765, -0.00035377056), (0.7034096, -0.70191675, -0.111927256), (0.38744804, -0.91982126, -0.061748628), (0.91384387, -0.37925756, -0.14509699), (0.67723674, -0.70192033, -0.2205862), (0.3730198, -0.9198206, -0.121598996), (0.8798942, -0.37925884, -0.28626722), (0.6343947, -0.70191693, -0.3238146), (0.34940538, -0.9198204, -0.17845513), (0.8242807, -0.3792548, -0.42038924), (0.5759296, -0.70191544, -0.41907024), (0.31718683, -0.9198205, -0.2309173), (0.74836856, -0.3792558, -0.54415953), (0.50328135, -0.70191634, -0.5040054), (0.27715817, -0.91982067, -0.27769285), (0.65403014, -0.37925556, -0.6545302), (0.41824168, -0.70191604, -0.57653075), (0.23030534, -0.9198206, -0.31763113), (0.54358697, -0.37925592, -0.7487844), (0.32290214, -0.7019172, -0.6348594), (0.1777812, -0.91982055, -0.34974843), (0.41975942, -0.37925258, -0.82460266), (0.21961209, -0.70191926, -0.6775543), (0.12087983, -0.91982067, -0.37325323), (0.2855935, -0.37925926, -0.88011295), (0.110916816, -0.70191634, -0.70357007), (0.06100181, -0.9198209, -0.3875671), (0.1443983, -0.3792578, -0.91395444), (-0.0005124966, -0.7019192, -0.7122564), (-0.00037823786, -0.9198205, -0.39233923), (-0.000021205968, -0.020082347, -0.99979836), (-0.00035429944, -0.37925684, -0.92529136), (-0.11192732, -0.7019166, -0.70340985), (-0.061748963, -0.91982085, -0.38744888), (-0.1450971, -0.37925747, -0.91384387), (-0.22058654, -0.70191944, -0.6772376), (-0.12159889, -0.9198207, -0.37301943), (-0.2862671, -0.37925866, -0.8798943), (-0.3238142, -0.7019173, -0.6343946), (-0.17845474, -0.9198206, -0.34940514), (-0.42038944, -0.37925327, -0.8242813), (-0.4190699, -0.70191574, -0.5759294), (-0.23091738, -0.9198204, -0.317187), (-0.54415953, -0.3792558, -0.74836856), (-0.5040058, -0.70191586, -0.50328153), (-0.27769288, -0.9198207, -0.27715784), (-0.65453094, -0.37925392, -0.6540304), (-0.57653177, -0.70191514, -0.41824186), (-0.31763235, -0.91982, -0.23030603), (-0.7487848, -0.379256, -0.54358643), (-0.63485914, -0.7019175, -0.32290184), (-0.3497475, -0.9198211, -0.17778045), (-0.82460254, -0.3792529, -0.4197593), (-0.6775542, -0.70191956, -0.2196116), (-0.37325317, -0.9198207, -0.12087955), (-0.88011307, -0.3792593, -0.28559312), (-0.7035721, -0.7019143, -0.11091693), (-0.38756782, -0.9198206, -0.06100189), (-0.9139538, -0.37925944, -0.14439778), (-0.7122562, -0.70191944, 0.000510858), (-0.39233923, -0.91982055, 0.0003773111), (-0.99979836, -0.020082181, 0.000018666635), (-0.9252915, -0.37925652, 0.0003517362), (-0.05758594, -0.9981639, 0.018781973), (-0.05981548, -0.9981638, 0.009542301), (-0.05393902, -0.9981639, 0.027559204), (-0.04896364, -0.9981639, 0.035657857), (-0.042782616, -0.9981639, 0.042878345), (-0.035548307, -0.9981639, 0.049043126), (-0.027438577, -0.9981639, 0.054000445), (-0.018653208, -0.9981639, 0.057627775), (-0.00940861, -0.9981639, 0.059836403), (0.00006765261, -0.9981639, 0.060571585), (0.00954237, -0.9981639, 0.059815165), (0.01878198, -0.9981639, 0.057585962), (0.027559146, -0.9981639, 0.053938907), (0.035657853, -0.9981639, 0.04896362), (0.042878374, -0.9981639, 0.042782594), (0.049043182, -0.9981639, 0.035548348), (0.05400041, -0.9981639, 0.027438564), (0.057627786, -0.9981639, 0.01865321), (0.059836272, -0.9981639, 0.00940856), (0.060571633, -0.9981639, -0.00006763321), (0.059815113, -0.9981639, -0.009542383), (0.057585992, -0.9981639, -0.018781966), (0.053939007, -0.9981639, -0.027559208), (0.048963636, -0.9981639, -0.035657857), (0.042782627, -0.9981639, -0.04287838), (0.03554828, -0.9981639, -0.04904314), (0.02743861, -0.9981639, -0.05400046), (0.01865325, -0.9981639, -0.057627857), (0.009408588, -0.9981639, -0.059836257), (-0.00006763155, -0.9981638, -0.060571708), (-0.009542425, -0.9981639, -0.05981507), (-0.018781973, -0.9981639, -0.05758604), (-0.027559172, -0.9981639, -0.053938903), (-0.035657834, -0.9981639, -0.04896363), (-0.04287837, -0.9981639, -0.04278258), (-0.049043205, -0.9981639, -0.03554831), (-0.054000407, -0.9981639, -0.027438546), (-0.05762791, -0.9981639, -0.01865323), (-0.059836168, -0.9981639, -0.009408534), (-0.060571585, -0.9981639, 0.000067461086), (-0.27769288, -0.9198207, -0.27715784), (-0.23091738, -0.9198204, -0.317187), (-0.17845474, -0.9198206, -0.34940514), (-0.12159889, -0.9198207, -0.37301943), (-0.061748963, -0.91982085, -0.38744888), (-0.00037823786, -0.9198205, -0.39233923), (0.06100181, -0.9198209, -0.3875671), (0.12087983, -0.91982067, -0.37325323), (0.1777812, -0.91982055, -0.34974843), (0.23030534, -0.9198206, -0.31763113), (0.27715817, -0.91982067, -0.27769285), (0.31718683, -0.9198205, -0.2309173), (0.34940538, -0.9198204, -0.17845513), (0.3730198, -0.9198206, -0.121598996), (0.38744804, -0.91982126, -0.061748628), (0.39233875, -0.9198207, -0.00037821548), (0.38756695, -0.91982096, 0.061001766), (0.37325308, -0.9198208, 0.12087971), (0.3497488, -0.91982037, 0.1777814), (0.3176311, -0.9198206, 0.23030521), (0.27769306, -0.9198205, 0.27715844), (0.23091717, -0.9198205, 0.31718683), (0.17845485, -0.91982055, 0.3494052), (0.12159892, -0.9198207, 0.37301955), (0.061749, -0.9198205, 0.38744977), (0.00037829738, -0.91982067, 0.39233884), (-0.06100215, -0.91982055, 0.38756794), (-0.12087976, -0.91982067, 0.37325326), (-0.17778115, -0.91982055, 0.34974852), (-0.23030537, -0.9198206, 0.31763098), (-0.2771583, -0.9198206, 0.2776929), (-0.31718728, -0.91982025, 0.2309176), (-0.34940442, -0.91982096, 0.17845449), (-0.37301946, -0.9198207, 0.12159888), (-0.38745064, -0.9198202, 0.06174824), (-0.39233923, -0.91982055, 0.0003773111), (-0.38756782, -0.9198206, -0.06100189), (-0.37325317, -0.9198207, -0.12087955), (-0.3497475, -0.9198211, -0.17778045), (-0.31763235, -0.91982, -0.23030603), (0.3940946, -0.03456096, -0.91841984), (0.10131478, -0.9389496, -0.32879937), (-0.2738928, -0.801145, -0.53211784), (0.2583499, -0.21950002, -0.9407843), (-0.56868917, -0.44858322, -0.6894677), (0.25061336, -0.11958018, -0.96067345), (0.52885014, 0.0022719344, -0.8487122), (0.4551197, -0.0052290508, -0.8904149), (0.85254717, -0.000006098241, -0.5226503), (0.9144024, 0.0014343042, -0.4048038), (0.9270782, -0.0017246597, -0.374864), (0.7150755, -0.0043508844, 0.6990337), (0.6896227, -0.44853815, 0.5685368), (0.97064275, -0.1369482, -0.19773187), (0.9393937, -0.22577007, -0.2580065), (0.5320947, -0.8011868, 0.27381548), (0.32877663, -0.9389532, -0.10135465), (0.70936507, 0.0044092615, 0.7048274), (0.18890667, 0.0035036767, 0.9819888), (0.2410156, -0.0047744755, 0.97050947), (-0.1592823, -0.008577485, 0.9871958), (-0.27628157, 0.0053438814, 0.9610619), (0.08676805, 0.47843772, 0.8738242), (-0.48665997, 0.33816606, 0.80548483), (-0.09052249, 0.83350056, 0.5450527), (-0.58082134, 0.5244611, 0.62256503), (-0.63060564, 0.7047476, 0.3250651), (-0.2527568, 0.9563843, 0.1464344), (0.32858855, 0.93902695, -0.1012814), (0.5318756, 0.8012812, 0.27396485), (0.9392989, 0.22690742, -0.2573529), (0.68929374, 0.4486206, 0.5688706), (0.9707474, 0.13735579, -0.19693357), (0.8554189, 0.00047821066, -0.5179366), (0.910891, 0.014471196, -0.4123932), (0.91842, -0.03456149, 0.3940941), (0.32888612, -0.9389178, 0.10132766), (0.53222066, -0.80108637, -0.27386457), (0.93938226, -0.22619021, 0.25767997), (0.6895416, -0.44856697, -0.56861246), (0.97072566, -0.13724142, 0.19712038), (0.8554599, -0.0005697795, 0.5178687), (0.9109445, -0.012904126, 0.412327), (-0.39409393, -0.034560997, 0.91842014), (-0.2583505, -0.2194979, 0.94078463), (-0.2506144, -0.11957741, 0.9606736), (-0.52884674, 0.0022705218, 0.8487143), (-0.4551178, -0.0052306056, 0.89041585), (-0.85258174, -0.00005412261, 0.5225939), (-0.91440296, 0.0014341376, 0.40480256), (-0.92719537, -0.0016101183, 0.3745747), (-0.7149872, -0.004347295, -0.699124), (-0.68950516, -0.44856155, -0.5686608), (-0.9605775, -0.1193386, 0.25109592), (-0.9407912, -0.21908866, 0.2586737), (-0.5319321, -0.80127805, -0.2738644), (-0.32863575, -0.9390049, 0.101333074), (-0.7093139, 0.004407038, -0.704879), (-0.10837955, 0.0041798525, -0.9941008), (-0.14203887, -0.004735572, -0.98984975), (0.45192817, -0.0078104185, -0.89202017), (0.4981888, 0.0061283866, -0.8670469), (-0.01881784, 0.47399637, -0.8803257), (0.64553696, 0.2730403, -0.7132538), (0.69796497, 0.43146393, -0.5715625), (0.13596027, 0.824708, -0.54897314), (0.71114457, 0.6214924, -0.328665), (0.2826661, 0.9476441, -0.14856145), (-0.32849714, 0.9390604, 0.10126791), (-0.5317693, 0.8013408, -0.2739969), (-0.93930036, 0.22690184, 0.2573526), (-0.68921536, 0.4486376, -0.56895214), (-0.9707474, 0.13735719, 0.19693255), (-0.85541946, 0.00047843496, 0.51793563), (-0.9108918, 0.014468738, 0.41239163), (-0.2177675, -0.96595705, 0.13965783), (-0.5633587, -0.76284343, 0.31732762), (-0.04444624, -0.8432479, 0.53568417), (0.13755305, -0.48443404, 0.8639461), (-0.4925233, -0.59028554, 0.6395184), (-0.37924135, -0.38121325, 0.8431207), (0.14460069, -0.95812786, 0.24714707), (0.32339954, -0.707845, 0.6279875), (0.54359686, -0.83607095, 0.07407969), (0.8690358, -0.4808037, -0.11663879), (0.6292399, -0.53452265, 0.5642186), (0.8187794, -0.35108152, 0.45424888), (0.28016758, -0.94839895, -0.14847732), (0.7033019, -0.63054264, -0.3283022), (0.12654917, -0.8266916, -0.54823923), (-0.040487804, -0.47486997, -0.87912416), (0.6788501, -0.44637647, -0.5830185), (0.6137869, -0.28495565, -0.73625124), (0.32729578, -0.6982861, -0.6366113), (0.6562921, -0.5588136, -0.5069597), (0.86897284, -0.3824532, -0.3140314), (-0.8015043, 0.33204964, -0.49732667), (-0.6205366, 0.5176288, -0.5890625), (0.58619094, 0.30415106, 0.7509143), (-0.45511386, -0.005236199, -0.8904179), (-0.5288439, 0.002273239, -0.8487161), (0.9109362, -0.012917981, -0.41234496), (0.8554647, -0.00057046453, -0.51786083), (0.4551167, -0.0052403347, 0.8904164), (0.52884185, 0.0022737214, 0.84871733), (-0.8904159, -0.0052370825, 0.45511767), (-0.84871393, 0.0022694042, 0.52884734), (-0.9108785, 0.014443927, -0.41242185), (-0.855399, 0.0004933283, -0.51796937)] (
            interpolation = "vertex"
        )
        point3f[] points = [(0.04938446, 0.0034501255, -0.007821709), (0.049384467, 0.17098263, -0.007821678), (0.047552872, 0.0034501255, -0.015450841), (0.04755288, 0.17098266, -0.01545081), (0.04455037, 0.0034501255, -0.02269952), (0.044550378, 0.17098269, -0.022699488), (0.040450893, 0.0034501255, -0.029389264), (0.0404509, 0.17098266, -0.029389232), (0.03535538, 0.0034501255, -0.035355344), (0.03535539, 0.17098266, -0.035355315), (0.0293893, 0.0034501255, -0.04045086), (0.029389309, 0.17098269, -0.04045083), (0.022699561, 0.0034501255, -0.04455034), (0.02269957, 0.1709827, -0.044550315), (0.01545088, 0.0034501255, -0.047552843), (0.01545089, 0.17098266, -0.047552813), (0.007821749, 0.0034501255, -0.04938444), (0.007821758, 0.17098269, -0.04938441), (2.0712614e-8, 0.0034501255, -0.05000002), (3.0378974e-8, 0.1709827, -0.04999999), (0.040319484, 0.17486873, -0.029293753), (0.044405647, 0.17486878, -0.022625744), (0.04739839, 0.17486876, -0.015400614), (0.049224027, 0.1748687, -0.0077962694), (0.05000002, 0.17098275, 3.7682067e-8), (0.05000001, 0.0034501255, 7.152557e-9), (0.049384434, 0.1709827, 0.007821761), (0.049384426, 0.0034501255, 0.00782173), (0.047552846, 0.17098269, 0.01545089), (0.04755284, 0.0034501255, 0.0154508585), (0.044550348, 0.17098269, 0.022699565), (0.044550337, 0.0034501255, 0.022699535), (0.04045087, 0.1709827, 0.029389305), (0.040450864, 0.0034501255, 0.029389273), (0.03535536, 0.1709827, 0.035355385), (0.035355352, 0.0034501255, 0.035355356), (0.029389283, 0.17098266, 0.040450897), (0.029389273, 0.0034501255, 0.040450867), (0.022699544, 0.17098269, 0.04455037), (0.022699535, 0.0034501255, 0.04455034), (0.015450867, 0.1709827, 0.047552872), (0.015450858, 0.0034501255, 0.047552843), (0.007821739, 0.1709827, 0.049384467), (0.007821729, 0.0034501255, 0.04938444), (1.3987696e-8, 0.1709827, 0.050000045), (4.3213366e-9, 0.0034501255, 0.05000002), (-0.007821713, 0.17098266, 0.049384467), (-0.007821722, 0.0034501255, 0.04938444), (-0.015450841, 0.17098266, 0.047552872), (-0.01545085, 0.0034501255, 0.047552843), (-0.022699518, 0.17098266, 0.04455037), (-0.022699527, 0.0034501255, 0.04455034), (-0.029389257, 0.17098269, 0.040450886), (-0.029389266, 0.0034501255, 0.04045086), (-0.035355337, 0.1709827, 0.035355378), (-0.035355344, 0.0034501255, 0.03535535), (-0.04045085, 0.1709827, 0.029389301), (-0.04045086, 0.0034501255, 0.029389272), (-0.044550322, 0.1709827, 0.022699563), (-0.044550333, 0.0034501255, 0.022699531), (-0.047552824, 0.17098269, 0.015450885), (-0.04755283, 0.0034501255, 0.015450854), (-0.049384415, 0.17098266, 0.0078217555), (-0.049384426, 0.0034501255, 0.007821725), (-0.049999997, 0.1709827, 2.948643e-8), (-0.05000001, 0.0034501255, -1.0430813e-9), (-0.049384415, 0.17098269, -0.007821698), (-0.049384426, 0.0034501255, -0.007821728), (-0.047552824, 0.17098266, -0.015450827), (-0.04755283, 0.0034501255, -0.015450858), (-0.044550322, 0.17098266, -0.022699505), (-0.044550333, 0.0034501255, -0.022699537), (-0.040450845, 0.17098266, -0.029389247), (-0.040450852, 0.0034501255, -0.029389279), (-0.03535533, 0.17098266, -0.035355326), (-0.035355337, 0.0034501255, -0.035355356), (-0.029389247, 0.1709827, -0.040450837), (-0.029389257, 0.0034501255, -0.040450867), (-0.022699505, 0.17098266, -0.044550315), (-0.022699514, 0.0034501255, -0.04455034), (-0.015450828, 0.17098266, -0.047552813), (-0.015450837, 0.0034501255, -0.047552843), (-0.007821697, 0.17098266, -0.04938441), (-0.007821706, 0.0034501255, -0.04938444), (3.0378974e-8, 0.1709827, -0.04999999), (2.0712614e-8, 0.0034501255, -0.05000002), (-0.007796286, 0.17486876, -0.049223974), (3.055337e-8, 0.17486878, -0.04983756), (-0.007720226, 0.17872782, -0.048743743), (3.1075373e-8, 0.17872784, -0.04935135), (-0.0075940397, 0.18253328, -0.047947023), (3.1941397e-8, 0.1825333, -0.0485447), (-0.0074186004, 0.18625888, -0.04683933), (3.314545e-8, 0.18625891, -0.047423217), (-0.0071951277, 0.18987875, -0.04542836), (3.467916e-8, 0.18987879, -0.04599468), (-0.006925181, 0.19336772, -0.043723974), (3.653182e-8, 0.19336776, -0.044269066), (-0.0066106496, 0.19670144, -0.04173807), (3.8690466e-8, 0.1967015, -0.04225844), (-0.006253741, 0.19985649, -0.039484613), (4.1139963e-8, 0.19985656, -0.039976913), (-0.005856966, 0.20281069, -0.03697945), (4.3863054e-8, 0.2028108, -0.03744055), (-0.011569698, 0.20281067, -0.035607886), (-0.012353488, 0.19985647, -0.03802015), (-0.013058525, 0.1967014, -0.040190037), (-0.01367985, 0.19336772, -0.04210229), (-0.014213103, 0.18987873, -0.043743476), (-0.01465455, 0.18625885, -0.04510212), (-0.0150011135, 0.18253326, -0.046168737), (-0.015250382, 0.1787278, -0.04693591), (-0.015400631, 0.17486873, -0.04739833), (-0.016997606, 0.2028107, -0.033359654), (-0.018149098, 0.19985652, -0.03561959), (-0.019184893, 0.19670145, -0.037652463), (-0.020097703, 0.19336772, -0.039443962), (-0.020881124, 0.18987876, -0.04098152), (-0.021529667, 0.18625888, -0.04225437), (-0.022038814, 0.18253328, -0.04325363), (-0.022405025, 0.17872782, -0.043972358), (-0.022625761, 0.17486876, -0.044405583), (-0.022006953, 0.20281073, -0.03029), (-0.023497798, 0.19985652, -0.03234197), (-0.02483885, 0.19670147, -0.034187768), (-0.026020672, 0.19336776, -0.0358144), (-0.027034972, 0.18987876, -0.037210464), (-0.02787465, 0.18625888, -0.03836618), (-0.028533846, 0.1825333, -0.03927348), (-0.02900798, 0.17872784, -0.039926074), (-0.029293768, 0.17486878, -0.040319424), (-0.026474288, 0.20281069, -0.026474439), (-0.028267803, 0.19985649, -0.028267922), (-0.029881112, 0.19670144, -0.029881205), (-0.03130287, 0.19336772, -0.031302936), (-0.032523092, 0.18987875, -0.032523137), (-0.033533238, 0.18625887, -0.033533268), (-0.034326263, 0.18253328, -0.03432628), (-0.034896657, 0.1787278, -0.034896664), (-0.035240468, 0.17486873, -0.035240468), (-0.030289842, 0.20281065, -0.022006925), (-0.03234184, 0.19985646, -0.023497777), (-0.03418767, 0.1967014, -0.024838831), (-0.03581433, 0.19336772, -0.02602066), (-0.037210412, 0.18987873, -0.02703496), (-0.038366146, 0.18625885, -0.027874643), (-0.039273467, 0.18253326, -0.028533842), (-0.039926067, 0.1787278, -0.029007977), (-0.040319428, 0.17486873, -0.029293768), (-0.033359654, 0.2028107, -0.016997641), (-0.035619598, 0.19985652, -0.018149124), (-0.03765247, 0.19670145, -0.019184913), (-0.03944397, 0.19336772, -0.020097718), (-0.040981524, 0.18987876, -0.020881133), (-0.042254377, 0.18625888, -0.021529675), (-0.04325364, 0.18253328, -0.02203882), (-0.043972366, 0.17872782, -0.022405025), (-0.044405587, 0.17486876, -0.022625761), (-0.03560794, 0.20281069, -0.01156974), (-0.038020194, 0.19985649, -0.01235352), (-0.040190075, 0.19670144, -0.01305855), (-0.04210232, 0.19336772, -0.013679869), (-0.0437435, 0.18987875, -0.014213116), (-0.045102134, 0.18625888, -0.014654558), (-0.046168745, 0.18253328, -0.015001118), (-0.046935916, 0.17872782, -0.015250383), (-0.047398333, 0.17486876, -0.015400631), (-0.03697951, 0.20281073, -0.005856944), (-0.039484665, 0.19985652, -0.0062537235), (-0.041738115, 0.19670145, -0.006610636), (-0.043724, 0.19336775, -0.0069251712), (-0.045428388, 0.18987876, -0.0071951207), (-0.046839345, 0.18625888, -0.007418596), (-0.047947034, 0.1825333, -0.0075940373), (-0.04874375, 0.17872784, -0.0077202255), (-0.049223978, 0.17486878, -0.007796286), (-0.03744056, 0.2028108, 9.744539e-9), (-0.03997692, 0.19985656, 1.3731391e-8), (-0.04225845, 0.1967015, 1.7317664e-8), (-0.04426907, 0.19336776, 2.0478119e-8), (-0.04599469, 0.18987879, 2.3190577e-8), (-0.04742323, 0.18625891, 2.543606e-8), (-0.048544712, 0.1825333, 2.71989e-8), (-0.049351353, 0.17872784, 2.8466838e-8), (-0.049837563, 0.17486878, 2.92311e-8), (-0.036979463, 0.20281069, 0.005857), (-0.039484628, 0.19985649, 0.00625378), (-0.041738085, 0.19670144, 0.0066106934), (-0.043723978, 0.19336772, 0.006925228), (-0.04542837, 0.18987875, 0.007195178), (-0.046839338, 0.18625888, 0.007418654), (-0.04794703, 0.18253328, 0.007594095), (-0.048743747, 0.17872782, 0.007720283), (-0.049223978, 0.17486876, 0.007796344), (-0.035607994, 0.20281073, 0.011569777), (-0.038020235, 0.19985652, 0.012353562), (-0.040190108, 0.19670145, 0.013058595), (-0.04210234, 0.19336775, 0.013679918), (-0.043743514, 0.18987876, 0.014213167), (-0.045102146, 0.18625888, 0.014654612), (-0.046168752, 0.1825333, 0.015001174), (-0.04693592, 0.17872784, 0.015250441), (-0.047398336, 0.17486878, 0.015400688), (-0.033359826, 0.2028108, 0.01699763), (-0.035619732, 0.19985656, 0.018149128), (-0.03765258, 0.1967015, 0.01918493), (-0.03944405, 0.19336776, 0.020097746), (-0.040981583, 0.18987879, 0.02088117), (-0.04225441, 0.18625891, 0.02152972), (-0.04325366, 0.1825333, 0.02203887), (-0.043972377, 0.17872784, 0.02240508), (-0.044405594, 0.17486878, 0.022625817), (-0.030290117, 0.2028108, 0.022007028), (-0.032342065, 0.19985658, 0.023497872), (-0.034187842, 0.1967015, 0.024838919), (-0.035814464, 0.19336778, 0.02602074), (-0.03721051, 0.1898788, 0.027035035), (-0.03836621, 0.18625893, 0.02787471), (-0.039273508, 0.18253332, 0.028533904), (-0.039926086, 0.17872784, 0.029008036), (-0.040319435, 0.17486879, 0.029293826), (-0.026474498, 0.2028108, 0.02647454), (-0.028267974, 0.19985658, 0.028268015), (-0.02988125, 0.1967015, 0.029881291), (-0.03130297, 0.19336778, 0.031303015), (-0.032523163, 0.1898788, 0.032523207), (-0.03353329, 0.18625893, 0.03353333), (-0.034326296, 0.18253332, 0.03432634), (-0.034896675, 0.17872784, 0.03489672), (-0.035240475, 0.17486879, 0.03524052), (-0.022006975, 0.20281073, 0.030289993), (-0.02349782, 0.19985652, 0.032341972), (-0.024838869, 0.19670145, 0.034187783), (-0.026020689, 0.19336775, 0.035814427), (-0.027034985, 0.18987876, 0.037210494), (-0.027874662, 0.18625888, 0.038366217), (-0.02853386, 0.1825333, 0.039273527), (-0.02900799, 0.17872784, 0.03992612), (-0.02929378, 0.17486878, 0.04031947), (-0.016997593, 0.20281067, 0.03335966), (-0.018149089, 0.19985647, 0.03561961), (-0.019184887, 0.1967014, 0.03765249), (-0.020097703, 0.19336772, 0.039443996), (-0.020881126, 0.18987873, 0.040981557), (-0.021529675, 0.18625887, 0.04225441), (-0.022038825, 0.18253326, 0.04325368), (-0.022405036, 0.1787278, 0.043972414), (-0.022625772, 0.17486873, 0.04440563), (-0.011569701, 0.20281069, 0.035608), (-0.012353493, 0.19985649, 0.038020253), (-0.013058532, 0.19670144, 0.040190134), (-0.013679858, 0.19336772, 0.042102374), (-0.014213112, 0.18987875, 0.04374355), (-0.014654561, 0.18625887, 0.045102187), (-0.015001125, 0.18253328, 0.046168793), (-0.015250395, 0.1787278, 0.046935968), (-0.015400644, 0.17486873, 0.047398385), (-0.005856927, 0.20281069, 0.03697952), (-0.006253713, 0.19985649, 0.03948468), (-0.006610631, 0.19670144, 0.041738138), (-0.0069251712, 0.19336772, 0.04372403), (-0.007195126, 0.18987875, 0.045428418), (-0.007418604, 0.18625888, 0.04683939), (-0.007594049, 0.18253328, 0.047947083), (-0.007720239, 0.17872782, 0.0487438), (-0.007796301, 0.17486876, 0.049224034), (7.0594104e-9, 0.2028108, 0.037440605), (8.45857e-9, 0.19985656, 0.03997697), (9.717148e-9, 0.1967015, 0.04225849), (1.0826288e-8, 0.19336776, 0.04426911), (1.1778209e-8, 0.18987879, 0.04599474), (1.2566247e-8, 0.18625891, 0.047423277), (1.3184904e-8, 0.1825333, 0.048544757), (1.3629879e-8, 0.17872784, 0.049351394), (1.3898091e-8, 0.17486878, 0.049837608), (0.0058570127, 0.2028108, 0.036979657), (0.0062537873, 0.19985656, 0.039484795), (0.006610695, 0.1967015, 0.041738223), (0.0069252257, 0.19336776, 0.043724097), (0.0071951714, 0.18987879, 0.045428466), (0.0074186437, 0.18625891, 0.046839416), (0.007594083, 0.1825333, 0.0479471), (0.007720269, 0.17872784, 0.04874381), (0.0077963285, 0.17486878, 0.049224034), (0.011569742, 0.2028108, 0.035608146), (0.012353531, 0.19985656, 0.038020372), (0.013058568, 0.1967015, 0.040190227), (0.013679893, 0.19336776, 0.04210244), (0.014213145, 0.18987879, 0.0437436), (0.014654591, 0.18625891, 0.045102224), (0.015001154, 0.1825333, 0.04616881), (0.015250423, 0.17872784, 0.046935976), (0.0154006705, 0.17486878, 0.047398385), (0.016997598, 0.20281073, 0.033359773), (0.018149098, 0.19985652, 0.035619702), (0.019184902, 0.19670145, 0.037652563), (0.02009772, 0.19336775, 0.03944405), (0.020881144, 0.18987876, 0.0409816), (0.021529699, 0.18625888, 0.042254437), (0.022038847, 0.1825333, 0.043253697), (0.022405062, 0.17872784, 0.043972425), (0.022625798, 0.17486878, 0.04440564), (0.022006983, 0.20281069, 0.03028995), (0.02349783, 0.19985649, 0.03234194), (0.024838882, 0.19670144, 0.034187756), (0.026020706, 0.19336772, 0.035814412), (0.027035005, 0.18987875, 0.037210487), (0.027874684, 0.18625887, 0.038366213), (0.028533882, 0.18253328, 0.03927353), (0.029008016, 0.1787278, 0.039926127), (0.029293803, 0.17486873, 0.04031948), (0.026474506, 0.20281076, 0.026474455), (0.028267983, 0.19985655, 0.02826795), (0.029881261, 0.19670147, 0.02988124), (0.03130299, 0.19336776, 0.031302977), (0.03252318, 0.18987876, 0.03252318), (0.03353331, 0.18625888, 0.03353332), (0.03432632, 0.1825333, 0.034326337), (0.034896698, 0.17872784, 0.03489672), (0.035240497, 0.17486878, 0.035240527), (0.030290026, 0.20281076, 0.022007043), (0.032341998, 0.19985655, 0.023497881), (0.034187794, 0.19670147, 0.024838928), (0.03581443, 0.19336776, 0.026020745), (0.037210494, 0.18987876, 0.02703504), (0.03836621, 0.18625888, 0.027874716), (0.039273515, 0.1825333, 0.02853391), (0.039926104, 0.17872784, 0.02900804), (0.040319458, 0.17486878, 0.029293828), (0.033359747, 0.20281073, 0.016997619), (0.035619672, 0.19985652, 0.018149119), (0.037652534, 0.19670145, 0.019184923), (0.039444022, 0.19336775, 0.020097742), (0.04098157, 0.18987876, 0.020881167), (0.042254414, 0.18625888, 0.021529717), (0.043253668, 0.1825333, 0.02203887), (0.043972395, 0.17872784, 0.022405082), (0.044405613, 0.17486878, 0.02262582), (0.035608016, 0.20281073, 0.011569783), (0.03802026, 0.19985652, 0.012353567), (0.040190134, 0.19670145, 0.013058601), (0.042102363, 0.19336775, 0.0136799235), (0.04374354, 0.18987876, 0.014213172), (0.04510217, 0.18625888, 0.014654617), (0.046168774, 0.1825333, 0.015001179), (0.046935942, 0.17872784, 0.015250445), (0.047398362, 0.17486878, 0.015400695), (0.036979623, 0.2028108, 0.0058570514), (0.03948476, 0.19985656, 0.0062538222), (0.041738193, 0.1967015, 0.006610728), (0.043724064, 0.19336776, 0.0069252555), (0.045428436, 0.18987879, 0.007195199), (0.04683939, 0.18625891, 0.0074186693), (0.047947068, 0.1825333, 0.0075941067), (0.048743777, 0.17872784, 0.0077202916), (0.049224, 0.17486878, 0.0077963504), (0.037440773, 0.2028109, 1.2350417e-7), (0.0399771, 0.19985664, 1.0617247e-7), (0.03697931, 0.20281057, -0.005857098), (0.039484516, 0.1998564, -0.006253842), (0.04225859, 0.19670156, 9.05822e-8), (0.041738007, 0.19670135, -0.006610723), (0.044269186, 0.19336782, 7.684303e-8), (0.043723933, 0.19336767, -0.0069252304), (0.045994777, 0.18987885, 6.505141e-8), (0.045428354, 0.1898787, -0.0071951565), (0.047423292, 0.18625894, 5.5289842e-8), (0.046839345, 0.18625882, -0.007418612), (0.048544757, 0.18253334, 4.7626422e-8), (0.047947057, 0.18253325, -0.0075940383), (0.049351383, 0.17872788, 4.2114433e-8), (0.048743792, 0.17872776, -0.0077202152), (0.04983758, 0.17486882, 3.879204e-8), (0.038020253, 0.19985649, -0.012353477), (0.040190134, 0.19670144, -0.013058513), (0.042102374, 0.19336772, -0.013679837), (0.04374356, 0.18987875, -0.014213088), (0.045102194, 0.18625888, -0.014654535), (0.046168804, 0.18253328, -0.015001097), (0.04693597, 0.17872782, -0.015250365), (0.03561965, 0.19985652, -0.018149137), (0.03335971, 0.20281073, -0.01699766), (0.035608, 0.20281069, -0.011569691), (0.037652526, 0.19670145, -0.01918492), (0.039444026, 0.19336775, -0.020097718), (0.040981583, 0.18987876, -0.020881128), (0.042254433, 0.18625888, -0.021529667), (0.043253697, 0.1825333, -0.022038808), (0.043972425, 0.17872784, -0.022405012), (0.030289952, 0.20281069, -0.02200693), (0.032341942, 0.19985649, -0.023497777), (0.03418776, 0.19670144, -0.024838831), (0.035814412, 0.19336772, -0.026020655), (0.037210487, 0.18987875, -0.027034955), (0.038366217, 0.18625887, -0.027874634), (0.039273534, 0.18253328, -0.02853383), (0.039926127, 0.1787278, -0.029007966), (0.026474366, 0.20281067, -0.026474366), (0.028267877, 0.19985647, -0.028267862), (0.029881183, 0.1967014, -0.029881155), (0.031302936, 0.19336772, -0.031302895), (0.032523155, 0.18987873, -0.032523103), (0.0335333, 0.18625887, -0.03353324), (0.03432633, 0.18253326, -0.034326263), (0.03489672, 0.1787278, -0.034896646), (0.035240527, 0.17486873, -0.035240453), (0.022007026, 0.20281073, -0.030289933), (0.02349787, 0.19985652, -0.032341912), (0.024838919, 0.19670145, -0.034187723), (0.02602074, 0.19336775, -0.035814367), (0.027035037, 0.18987876, -0.037210435), (0.027874712, 0.18625888, -0.038366154), (0.02853391, 0.1825333, -0.039273467), (0.029008042, 0.17872784, -0.03992606), (0.029293831, 0.17486878, -0.040319413), (0.016997647, 0.20281076, -0.03335976), (0.018149143, 0.19985655, -0.035619676), (0.019184943, 0.19670147, -0.03765253), (0.020097757, 0.19336776, -0.03944401), (0.02088118, 0.18987876, -0.04098155), (0.021529729, 0.18625888, -0.04225439), (0.022038877, 0.1825333, -0.04325364), (0.022405088, 0.17872784, -0.043972366), (0.022625824, 0.17486878, -0.044405572), (0.011569762, 0.20281067, -0.035607886), (0.01235355, 0.19985647, -0.03802015), (0.013058587, 0.1967014, -0.040190037), (0.013679913, 0.19336772, -0.04210229), (0.014213164, 0.18987873, -0.043743476), (0.014654612, 0.18625885, -0.04510212), (0.015001175, 0.18253326, -0.046168737), (0.015250444, 0.1787278, -0.04693591), (0.015400693, 0.17486873, -0.04739833), (0.005856998, 0.20281073, -0.0369795), (0.006253779, 0.19985652, -0.039484654), (0.0066106934, 0.19670145, -0.041738108), (0.0069252294, 0.19336775, -0.043723993), (0.00719518, 0.18987876, -0.04542838), (0.007418656, 0.18625888, -0.04683934), (0.007594098, 0.1825333, -0.047947023), (0.007720286, 0.17872784, -0.048743743), (0.007796347, 0.17486878, -0.049223974), (4.3863054e-8, 0.2028108, -0.03744055), (4.1139963e-8, 0.19985656, -0.039976913), (3.8690466e-8, 0.1967015, -0.04225844), (3.653182e-8, 0.19336776, -0.044269066), (3.467916e-8, 0.18987879, -0.04599468), (3.314545e-8, 0.18625891, -0.047423217), (3.1941397e-8, 0.1825333, -0.0485447), (3.1075373e-8, 0.17872784, -0.04935135), (3.055337e-8, 0.17486878, -0.04983756), (0.00428478, 0.21357453, -0.027052991), (0.008464016, 0.21357454, -0.026049344), (0.012434955, 0.2135745, -0.024405057), (0.016099662, 0.21357453, -0.0221591), (0.019367632, 0.21357453, -0.019367693), (0.022159025, 0.21357453, -0.016099513), (0.024404844, 0.2135745, -0.012435009), (0.026049558, 0.21357453, -0.008463969), (0.027052322, 0.21357456, -0.0042849802), (0.027391115, 0.21357447, 1.9217731e-7), (0.0270533, 0.2135745, 0.0042848918), (0.026049666, 0.21357453, 0.008464089), (0.024404945, 0.2135745, 0.012434878), (0.022159288, 0.2135745, 0.016099736), (0.019368023, 0.2135745, 0.019367915), (0.016099568, 0.21357453, 0.02215902), (0.012434859, 0.2135745, 0.024404978), (0.008464067, 0.2135745, 0.02604998), (0.0042848405, 0.2135745, 0.027053343), (1.5154024e-9, 0.2135745, 0.027390556), (-0.0042846794, 0.21357453, 0.027052907), (-0.008463964, 0.21357453, 0.026049556), (-0.012434825, 0.21357453, 0.024404682), (-0.016099619, 0.2135745, 0.022159167), (-0.019367678, 0.21357512, 0.019367717), (-0.022159075, 0.21357512, 0.016099425), (-0.024405224, 0.21357448, 0.01243496), (-0.02604964, 0.21357453, 0.008464079), (-0.027052857, 0.21357453, 0.0042847777), (-0.027390515, 0.21357448, -6.052894e-9), (-0.027053, 0.21357453, -0.0042847316), (-0.026049502, 0.21357453, -0.008464049), (-0.024404783, 0.2135745, -0.012434958), (-0.022158826, 0.21357453, -0.016099457), (-0.01936757, 0.21357453, -0.019367846), (-0.01609961, 0.2135745, -0.022159254), (-0.012434887, 0.21357453, -0.024404768), (-0.008463951, 0.21357453, -0.02604935), (-0.0042847646, 0.21357453, -0.02705285), (5.4653e-8, 0.21357448, -0.027390506), (-0.004071102, 0.2154633, -0.025703823), (5.6119386e-8, 0.21546328, -0.026024673), (-0.0039373185, 0.21763039, -0.024859138), (5.7037557e-8, 0.21763036, -0.025169462), (-0.0038917826, 0.21994072, -0.024571633), (5.7350075e-8, 0.21994069, -0.024878377), (5.7350075e-8, 0.2495763, -0.024878377), (-0.0038917826, 0.2495763, -0.024571633), (-0.0076876543, 0.21994072, -0.023660144), (-0.0076876543, 0.2495763, -0.023660144), (-0.011294403, 0.21994072, -0.022166433), (-0.011294403, 0.2495763, -0.022166433), (-0.014623012, 0.21994069, -0.020126896), (-0.014623012, 0.2495763, -0.020126896), (-0.017591199, 0.21994072, -0.017591504), (-0.017591199, 0.2495763, -0.017591504), (-0.020126443, 0.21994072, -0.01462286), (-0.020126443, 0.2495763, -0.01462286), (-0.022166442, 0.21994072, -0.0112944795), (-0.022166442, 0.2495763, -0.0112944795), (-0.023660306, 0.21994072, -0.00768776), (-0.023660306, 0.2495763, -0.00768776), (-0.024571795, 0.21994072, -0.0038917451), (-0.024571795, 0.2495763, -0.0038917451), (-0.024878386, 0.21994069, -1.00016475e-8), (-0.024878386, 0.2495763, -1.00016475e-8), (-0.024571642, 0.21994072, 0.0038917917), (-0.024571642, 0.2495763, 0.0038917917), (-0.023660459, 0.21994072, 0.007687787), (-0.023660459, 0.2495763, 0.007687787), (-0.0221669, 0.21994072, 0.01129446), (-0.0221669, 0.2495763, 0.01129446), (-0.020126753, 0.21994133, 0.01462284), (-0.020126753, 0.24957691, 0.01462284), (-0.017591361, 0.21994132, 0.0175914), (-0.017591361, 0.24957691, 0.0175914), (-0.014623022, 0.21994072, 0.020126795), (-0.014623022, 0.2495763, 0.020126795), (-0.011294336, 0.21994072, 0.022166338), (-0.011294336, 0.2495763, 0.022166338), (-0.0076876637, 0.21994072, 0.023660358), (-0.0076876637, 0.2495763, 0.023660358), (-0.0038916874, 0.21994072, 0.024571694), (-0.0038916874, 0.2495763, 0.024571694), (1.2961664e-10, 0.21994069, 0.024878435), (1.2961664e-10, 0.2495763, 0.024878435), (0.003891859, 0.21994069, 0.024572153), (0.003891859, 0.2495763, 0.024572153), (0.007687769, 0.21994072, 0.023660813), (0.007687769, 0.2495763, 0.023660813), (0.011294365, 0.21994072, 0.022166653), (0.011294365, 0.2495763, 0.022166653), (0.014622974, 0.21994072, 0.020126648), (0.014622974, 0.2495763, 0.020126648), (0.017591685, 0.21994069, 0.017591562), (0.017591685, 0.2495763, 0.017591562), (0.02012693, 0.21994072, 0.014623146), (0.02012693, 0.2495763, 0.014623146), (0.02216662, 0.21994072, 0.011294384), (0.02216662, 0.2495763, 0.011294384), (0.023660483, 0.21994072, 0.007687797), (0.023660483, 0.2495763, 0.007687797), (0.02457212, 0.21994072, 0.0038919155), (0.02457212, 0.2495763, 0.0038919155), (0.024879016, 0.21994069, 2.0934345e-7), (0.024879016, 0.2495763, 2.0934345e-7), (0.024571085, 0.21994074, -0.0038920313), (0.024571085, 0.2495763, -0.0038920313), (0.023660364, 0.21994072, -0.007687674), (0.023660364, 0.2495763, -0.007687674), (0.0221665, 0.21994072, -0.011294536), (0.0221665, 0.2495763, -0.011294536), (0.020126648, 0.21994072, -0.0146229165), (0.020126648, 0.2495763, -0.0146229165), (0.017591266, 0.21994072, -0.017591342), (0.017591266, 0.2495763, -0.017591342), (0.014623069, 0.21994072, -0.020126734), (0.014623069, 0.2495763, -0.020126734), (0.01129446, 0.21994072, -0.022166733), (0.01129446, 0.2495763, -0.022166733), (0.007687721, 0.21994072, -0.023660144), (0.007687721, 0.2495763, -0.023660144), (0.0038917921, 0.21994072, -0.024571786), (0.0038917921, 0.2495763, -0.024571786), (5.7350075e-8, 0.21994069, -0.024878377), (5.7350075e-8, 0.2495763, -0.024878377), (0.02242586, 0.21763039, -0.011426684), (0.020362142, 0.21763039, -0.014794013), (0.023187866, 0.21546328, -0.01181494), (0.024750564, 0.2154633, -0.008041901), (0.025703287, 0.21546331, -0.004071336), (0.023937203, 0.21763039, -0.0077776248), (0.02485859, 0.21763039, -0.0039375634), (0.021054031, 0.2154633, -0.015296695), (0.018401831, 0.2154633, -0.0184019), (0.017797098, 0.21763039, -0.017797172), (0.015296845, 0.2154633, -0.02105411), (0.014794164, 0.21763039, -0.020362226), (0.011814873, 0.21546328, -0.02318809), (0.011426612, 0.21763039, -0.022426093), (0.008041948, 0.2154633, -0.024750346), (0.0077776723, 0.21763039, -0.023936987), (0.004071114, 0.2154633, -0.02570397), (0.0039373282, 0.21763039, -0.024859287), (5.6119386e-8, 0.21546328, -0.026024673), (5.4653e-8, 0.21357448, -0.027390506), (5.7037557e-8, 0.21763036, -0.025169462), (-0.008041882, 0.2154633, -0.024750348), (-0.0077776057, 0.21763039, -0.023936987), (-0.011814811, 0.2154633, -0.023187796), (-0.011426553, 0.21763039, -0.022425795), (-0.01529679, 0.21546328, -0.02105427), (-0.014794108, 0.21763036, -0.020362388), (-0.018401766, 0.2154633, -0.018402057), (-0.01779703, 0.21763039, -0.017797332), (-0.021053828, 0.2154633, -0.015296638), (-0.020361938, 0.21763039, -0.014793956), (-0.023187807, 0.21546328, -0.011814885), (-0.022425804, 0.21763039, -0.011426629), (-0.024750507, 0.2154633, -0.0080419835), (-0.023937145, 0.21763039, -0.00777771), (-0.02570398, 0.2154633, -0.0040710666), (-0.024859296, 0.21763039, -0.003937281), (-0.026024682, 0.21546328, -8.199815e-9), (-0.025169471, 0.21763036, -9.544099e-9), (-0.025703833, 0.2154633, 0.004071113), (-0.024859147, 0.21763039, 0.003937328), (-0.024750652, 0.2154633, 0.008042013), (-0.023937298, 0.21763039, 0.007777738), (-0.023188258, 0.21546328, 0.0118148755), (-0.022426259, 0.21763036, 0.011426612), (-0.02105411, 0.21546388, 0.015296613), (-0.020362241, 0.217631, 0.014793935), (-0.018401902, 0.2154639, 0.018401941), (-0.017797187, 0.21763098, 0.017797226), (-0.0152968, 0.21546328, 0.021054175), (-0.014794118, 0.21763039, 0.020362291), (-0.011814747, 0.2154633, 0.023187706), (-0.011426487, 0.21763039, 0.022425698), (-0.008041893, 0.2154633, 0.02475056), (-0.007777615, 0.21763039, 0.023937201), (-0.0040710117, 0.2154633, 0.025703883), (-0.003937224, 0.21763039, 0.0248592), (7.6195644e-10, 0.21546328, 0.026024727), (2.901902e-10, 0.21763036, 0.02516952), (0.0040711784, 0.21546328, 0.025704332), (0.0039373944, 0.21763036, 0.024859652), (0.0080419965, 0.21546328, 0.024751), (0.0077777198, 0.21763039, 0.02393765), (0.011814778, 0.21546328, 0.023188012), (0.011426517, 0.21763039, 0.022426011), (0.015296751, 0.2154633, 0.02105403), (0.01479407, 0.21763039, 0.020362142), (0.018402236, 0.21546328, 0.01840212), (0.017797513, 0.21763036, 0.017797392), (0.021054303, 0.21546328, 0.01529692), (0.020362422, 0.21763039, 0.014794241), (0.023187978, 0.21546328, 0.011814796), (0.022425978, 0.21763039, 0.011426535), (0.024750678, 0.2154633, 0.008042023), (0.023937322, 0.21763039, 0.007777747), (0.025704293, 0.21546328, 0.0040712324), (0.024859618, 0.21763039, 0.0039374507), (0.026025297, 0.21546325, 2.0151047e-7), (0.025170097, 0.21763036, 2.0735439e-7), (0.014199628, 0.25980848, -0.0022490162), (9.536743e-9, 0.26044068, 7.152557e-9), (0.013672993, 0.25980848, -0.004442613), (0.012809678, 0.25980848, -0.006526842), (0.011630945, 0.25980848, -0.008450359), (0.010165824, 0.25980848, -0.0101657985), (0.008450382, 0.25980848, -0.0116309235), (0.0065268646, 0.25980848, -0.012809657), (0.004442636, 0.25980848, -0.013672974), (0.0022490136, 0.25980848, -0.014199615), (1.5995461e-8, 0.25980848, -0.014376616), (-0.0022489848, 0.25980848, -0.014199615), (-0.0044426057, 0.25980848, -0.013672975), (-0.0065268343, 0.25980848, -0.0128096575), (-0.0084503535, 0.25980848, -0.011630924), (-0.010165795, 0.25980848, -0.010165801), (-0.011630918, 0.25980848, -0.008450363), (-0.012809651, 0.25980848, -0.0065268446), (0.017897228, 0.2593119, -0.0058151484), (0.016767193, 0.2593119, -0.008543295), (0.021150172, 0.25852984, -0.006872093), (0.021964809, 0.25852984, -0.0034788817), (0.018586569, 0.2593119, -0.0029438296), (0.02223859, 0.25852984, -3.405248e-9), (0.01881824, 0.2593119, -1.080111e-8), (0.014376619, 0.25980848, -1.8830235e-8), (-0.013672967, 0.25980848, -0.004442615), (-0.014199607, 0.25980848, -0.0022490013), (-0.014376607, 0.25980848, 2.3888482e-9), (-0.014199607, 0.25980848, 0.0022490055), (-0.013672967, 0.25980848, 0.004442621), (-0.012809652, 0.25980848, 0.006526849), (-0.01163092, 0.25980848, 0.008450366), (-0.010165796, 0.25980848, 0.010165804), (-0.008450353, 0.25980848, 0.011630932), (-0.006526837, 0.25980848, 0.012809665), (-0.0044426126, 0.25980848, 0.01367298), (-0.002248993, 0.25980848, 0.01419962), (6.468043e-9, 0.25980848, 0.014376621), (0.0022490055, 0.25980848, 0.01419962), (0.004442628, 0.25980848, 0.013672979), (0.0065268553, 0.25980848, 0.012809664), (-0.017897202, 0.2593119, -0.005815153), (-0.018586546, 0.2593119, -0.0029438226), (-0.021150148, 0.25852984, -0.0068720994), (-0.019814719, 0.25852984, -0.010096107), (-0.016767165, 0.2593119, -0.0085432995), (-0.017991386, 0.25852984, -0.013071514), (-0.015224266, 0.2593119, -0.011061084), (-0.015725046, 0.25852984, -0.015725056), (-0.013306496, 0.2593119, -0.013306503), (-0.013071503, 0.25852984, -0.017991394), (-0.011061073, 0.2593119, -0.015224274), (-0.010096095, 0.25852984, -0.019814724), (-0.008543288, 0.2593119, -0.016767172), (-0.0068720877, 0.25852984, -0.021150155), (-0.0058151423, 0.2593119, -0.01789721), (-0.0034788677, 0.25852984, -0.021964792), (-0.0029438073, 0.2593119, -0.018586554), (1.5688313e-8, 0.25852984, -0.022238588), (1.598539e-8, 0.2593119, -0.018818239), (0.0034788977, 0.25852984, -0.021964792), (0.002943837, 0.2593119, -0.018586554), (0.0068721194, 0.25852984, -0.021150153), (0.005815173, 0.2593119, -0.017897207), (0.010096125, 0.25852984, -0.019814724), (0.00854332, 0.2593119, -0.016767172), (0.013071534, 0.25852984, -0.017991392), (0.011061103, 0.2593119, -0.015224271), (0.015725078, 0.25852984, -0.01572505), (0.013306526, 0.2593119, -0.013306499), (0.017991414, 0.25852984, -0.013071508), (0.015224295, 0.2593119, -0.011061078), (0.019814746, 0.25852984, -0.0100961), (0.02412171, 0.25733346, -0.007837602), (0.025050798, 0.25733346, -0.003967648), (0.025363047, 0.25733346, 2.1950717e-9), (0.02742012, 0.25607142, 5.802772e-9), (0.02708255, 0.25607142, -0.004289441), (0.028509485, 0.25486517, 6.941547e-9), (0.028158505, 0.25486517, -0.0044598537), (0.026078101, 0.25607142, -0.008473272), (0.027114153, 0.25486517, -0.008809905), (0.02259866, 0.25733346, -0.011514572), (0.024431523, 0.25607142, -0.0124484645), (0.025402157, 0.25486517, -0.012943025), (0.020519156, 0.25733346, -0.014908017), (0.022183362, 0.25607142, -0.016117135), (0.02306468, 0.25486517, -0.016757447), (0.017934402, 0.25733346, -0.017934376), (0.019388974, 0.25607142, -0.019388948), (0.020159272, 0.25486517, -0.020159245), (0.014908044, 0.25733346, -0.02051913), (0.016117161, 0.25607142, -0.022183336), (0.016757475, 0.25486517, -0.023064652), (0.011514601, 0.25733346, -0.022598635), (0.012448494, 0.25607142, -0.0244315), (0.0129430555, 0.25486517, -0.025402132), (0.00783763, 0.25733346, -0.024121689), (0.008473301, 0.25607142, -0.02607808), (0.008809934, 0.25486517, -0.02711413), (0.0039676707, 0.25733346, -0.025050782), (0.0042894683, 0.25607142, -0.02708253), (0.004459883, 0.25486517, -0.028158482), (1.569262e-8, 0.25733346, -0.025363047), (1.574103e-8, 0.25607142, -0.027420117), (1.5912317e-8, 0.25486517, -0.028509485), (-0.00396764, 0.25733346, -0.025050782), (-0.004289437, 0.25607142, -0.02708253), (-0.0044598514, 0.25486517, -0.028158482), (-0.007837598, 0.25733346, -0.024121692), (-0.008473269, 0.25607142, -0.026078083), (-0.008809901, 0.25486517, -0.027114132), (-0.011514568, 0.25733346, -0.022598637), (-0.012448461, 0.25607142, -0.024431502), (-0.012943022, 0.25486517, -0.025402136), (-0.014908012, 0.25733346, -0.020519134), (-0.01611713, 0.25607142, -0.022183342), (-0.016757442, 0.25486517, -0.023064658), (-0.01793437, 0.25733346, -0.017934382), (-0.019388942, 0.25607142, -0.019388953), (-0.020159239, 0.25486517, -0.020159252), (-0.020519124, 0.25733346, -0.014908024), (-0.022183333, 0.25607142, -0.01611714), (-0.023064649, 0.25486517, -0.016757457), (-0.022598628, 0.25733346, -0.011514581), (-0.024431493, 0.25607142, -0.012448474), (-0.025402125, 0.25486517, -0.012943035), (-0.024121685, 0.25733346, -0.00783761), (-0.026078075, 0.25607142, -0.008473281), (-0.027114123, 0.25486517, -0.008809914), (-0.021964785, 0.25852984, -0.003478882), (-0.025050776, 0.25733346, -0.0039676535), (-0.027082523, 0.25607142, -0.00428945), (-0.028158478, 0.25486517, -0.0044598645), (-0.01881823, 0.2593119, 2.4046751e-9), (-0.02223858, 0.25852984, 2.4180595e-9), (-0.025363037, 0.25733346, 2.4291458e-9), (-0.027420107, 0.25607142, 2.4363662e-9), (-0.028509475, 0.25486517, 2.4394287e-9), (-0.018586546, 0.2593119, 0.0029438268), (-0.021964785, 0.25852984, 0.003478886), (-0.025050776, 0.25733346, 0.0039676577), (-0.027082523, 0.25607142, 0.004289455), (-0.028158478, 0.25486517, 0.0044598687), (-0.017897202, 0.2593119, 0.0058151577), (-0.021150148, 0.25852984, 0.0068721035), (-0.024121685, 0.25733346, 0.007837615), (-0.026078075, 0.25607142, 0.0084732855), (-0.027114123, 0.25486517, 0.008809918), (-0.016767167, 0.2593119, 0.008543303), (-0.01981472, 0.25852984, 0.0100961095), (-0.022598632, 0.25733346, 0.011514584), (-0.024431495, 0.25607142, 0.012448477), (-0.025402129, 0.25486517, 0.012943038), (-0.015224268, 0.2593119, 0.011061086), (-0.017991388, 0.25852984, 0.0130715165), (-0.020519128, 0.25733346, 0.014908026), (-0.022183334, 0.25607142, 0.016117144), (-0.02306465, 0.25486517, 0.016757457), (-0.0133064985, 0.2593119, 0.013306505), (-0.01572505, 0.25852984, 0.015725058), (-0.017934376, 0.25733346, 0.017934382), (-0.019388948, 0.25607142, 0.019388955), (-0.020159245, 0.25486517, 0.020159254), (-0.011061074, 0.2593119, 0.015224279), (-0.013071505, 0.25852984, 0.0179914), (-0.014908017, 0.25733346, 0.020519137), (-0.016117135, 0.25607142, 0.022183344), (-0.016757447, 0.25486517, 0.02306466), (-0.008543293, 0.2593119, 0.01676718), (-0.0100961, 0.25852984, 0.019814732), (-0.011514575, 0.25733346, 0.022598643), (-0.012448468, 0.25607142, 0.024431506), (-0.012943029, 0.25486517, 0.02540214), (-0.0058151493, 0.2593119, 0.017897215), (-0.006872095, 0.25852984, 0.021150159), (-0.007837606, 0.25733346, 0.024121696), (-0.008473276, 0.25607142, 0.026078088), (-0.008809909, 0.25486517, 0.027114136), (-0.0029438154, 0.2593119, 0.01858656), (-0.0034788756, 0.25852984, 0.021964798), (-0.0039676484, 0.25733346, 0.025050787), (-0.004289446, 0.25607142, 0.027082536), (-0.00445986, 0.25486517, 0.02815849), (6.4896253e-9, 0.2593119, 0.018818242), (6.4643664e-9, 0.25852984, 0.022238592), (6.481198e-9, 0.25733346, 0.02536305), (6.521646e-9, 0.25607142, 0.027420122), (6.5312724e-9, 0.25486517, 0.02850949), (0.002943828, 0.2593119, 0.01858656), (0.0034788882, 0.25852984, 0.021964798), (0.0039676605, 0.25733346, 0.025050787), (0.0042894585, 0.25607142, 0.027082536), (0.0044598724, 0.25486517, 0.02815849), (0.0058151637, 0.2593119, 0.017897213), (0.006872109, 0.25852984, 0.021150157), (0.007837619, 0.25733346, 0.024121694), (0.008473289, 0.25607142, 0.026078088), (0.008809921, 0.25486517, 0.027114136), (0.008543309, 0.2593119, 0.016767178), (0.010096115, 0.25852984, 0.019814732), (0.011514588, 0.25733346, 0.022598645), (0.012448479, 0.25607142, 0.02443151), (0.012943041, 0.25486517, 0.025402142), (0.008450366, 0.25980848, 0.011630936), (0.010165803, 0.25980848, 0.0101658115), (0.011630929, 0.25980848, 0.008450369), (0.012809659, 0.25980848, 0.006526856), (0.013672975, 0.25980848, 0.004442624), (0.014199617, 0.25980848, 0.0022490048), (0.011061086, 0.2593119, 0.015224284), (0.013071517, 0.25852984, 0.017991403), (0.014908029, 0.25733346, 0.020519141), (0.016117146, 0.25607142, 0.02218335), (0.016757458, 0.25486517, 0.023064665), (0.013306505, 0.2593119, 0.0133065125), (0.015725058, 0.25852984, 0.015725063), (0.017934384, 0.25733346, 0.017934388), (0.019388955, 0.25607142, 0.019388959), (0.020159256, 0.25486517, 0.020159256), (0.015224279, 0.2593119, 0.011061089), (0.0179914, 0.25852984, 0.013071518), (0.02051914, 0.25733346, 0.014908029), (0.022183346, 0.25607142, 0.016117146), (0.023064664, 0.25486517, 0.016757458), (0.016767174, 0.2593119, 0.00854331), (0.019814728, 0.25852984, 0.010096115), (0.022598641, 0.25733346, 0.011514587), (0.024431504, 0.25607142, 0.0124484785), (0.025402138, 0.25486517, 0.012943039), (0.01789721, 0.2593119, 0.005815161), (0.021150155, 0.25852984, 0.006872107), (0.024121692, 0.25733346, 0.007837617), (0.026078083, 0.25607142, 0.008473288), (0.027114132, 0.25486517, 0.00880992), (0.018586557, 0.2593119, 0.0029438275), (0.021964796, 0.25852984, 0.0034788875), (0.025050785, 0.25733346, 0.0039676605), (0.027082533, 0.25607142, 0.004289457), (0.028158488, 0.25486517, 0.004459872), (0.028316207, 0.25455776, 0.0044848523), (0.027266001, 0.25455776, 0.0088592665), (0.025544422, 0.25455776, 0.013015536), (0.02319385, 0.25455776, 0.016851319), (0.028669171, 0.25455776, 7.1391497e-9), (0.028316222, 0.25455776, -0.004484834), (0.02726602, 0.25455776, -0.008859251), (0.02554444, 0.25455776, -0.013015522), (0.023193866, 0.25455776, -0.016851308), (0.020272188, 0.25455776, -0.02027216), (0.016851336, 0.25455776, -0.02319384), (0.0130155515, 0.25455776, -0.025544416), (0.0088592805, 0.25455776, -0.027266), (0.0044848635, 0.25455776, -0.028316204), (1.5931391e-8, 0.25455776, -0.028669171), (-0.004484832, 0.25455776, -0.028316204), (-0.008859247, 0.25455776, -0.027266001), (-0.013015518, 0.25455776, -0.025544418), (-0.016851304, 0.25455776, -0.023193846), (-0.020272154, 0.25455776, -0.020272166), (-0.023193836, 0.25455776, -0.016851317), (-0.025544409, 0.25455776, -0.013015531), (-0.027265994, 0.25455776, -0.00885926), (-0.028316196, 0.25455776, -0.0044848444), (-0.028669162, 0.25455776, 2.4399078e-9), (-0.028316196, 0.25455776, 0.004484849), (-0.027265994, 0.25455776, 0.008859264), (-0.025544412, 0.25455776, 0.013015534), (-0.023193838, 0.25455776, 0.016851319), (-0.02027216, 0.25455776, 0.020272166), (-0.01685131, 0.25455776, 0.023193847), (-0.013015525, 0.25455776, 0.025544424), (-0.008859254, 0.25455776, 0.027266005), (-0.0044848397, 0.25455776, 0.02831621), (6.532909e-9, 0.25455776, 0.028669175), (0.0044848523, 0.25455776, 0.02831621), (0.008859267, 0.25455776, 0.027266005), (0.013015537, 0.25455776, 0.025544425), (0.01685132, 0.25455776, 0.023193853), (0.02027217, 0.25455776, 0.020272171), (0.028396066, 0.22141501, -0.0044974796), (0.028396066, 0.25410563, -0.0044974796), (0.027342902, 0.22141501, -0.008884231), (0.027342902, 0.25410563, -0.008884231), (0.025616467, 0.22141501, -0.013052221), (0.025616467, 0.25410563, -0.013052221), (0.023259267, 0.22141501, -0.016898824), (0.023259267, 0.25410563, -0.016898824), (0.020329349, 0.22141501, -0.02032932), (0.020329349, 0.25410563, -0.02032932), (0.016898852, 0.22141501, -0.023259241), (0.016898852, 0.25410563, -0.023259241), (0.013052251, 0.22141501, -0.025616443), (0.013052251, 0.25410563, -0.025616443), (0.00888426, 0.22141501, -0.027342882), (0.00888426, 0.25410563, -0.027342882), (0.0044975094, 0.22141501, -0.028396048), (0.0044975094, 0.25410563, -0.028396048), (1.5962868e-8, 0.22141501, -0.028750008), (1.5962868e-8, 0.25410563, -0.028750008), (0.025561797, 0.22118676, -0.0130243655), (0.023209628, 0.22118676, -0.01686276), (0.025412437, 0.22101963, -0.012948263), (0.027125124, 0.22101963, -0.00881347), (0.026907343, 0.22095847, -0.008742709), (0.027943732, 0.22095847, -0.004425838), (0.024874445, 0.22095847, -0.008082181), (0.02583253, 0.22095847, -0.0040914607), (0.023303868, 0.22095847, -0.011873893), (0.025208408, 0.22095847, -0.0128443055), (0.02115947, 0.22095847, -0.015373233), (0.022888757, 0.22095847, -0.016629634), (0.01849406, 0.22095847, -0.01849403), (0.020005511, 0.22095847, -0.020005483), (0.015373261, 0.22095847, -0.021159446), (0.016629662, 0.22095847, -0.022888733), (0.011873923, 0.22095847, -0.023303844), (0.012844335, 0.22095847, -0.025208384), (0.00808221, 0.22095847, -0.024874423), (0.0087427385, 0.22095847, -0.026907321), (0.004091485, 0.22095847, -0.025832511), (0.0044258665, 0.22095847, -0.027943714), (1.5964362e-8, 0.22095847, -0.026154518), (1.5963908e-8, 0.22095847, -0.028292036), (0.02307401, 0.22101963, -0.016764227), (0.020285964, 0.22118676, -0.020285934), (0.02016743, 0.22101963, -0.020167401), (0.016764257, 0.22101963, -0.023073988), (0.016862787, 0.22118676, -0.023209602), (0.012948293, 0.22101963, -0.025412414), (0.013024395, 0.22118676, -0.025561772), (0.0088134995, 0.22101963, -0.027125103), (0.008865301, 0.22118676, -0.027284529), (0.004461688, 0.22101963, -0.028169882), (0.0044879112, 0.22118676, -0.028335446), (1.5963389e-8, 0.22101963, -0.028521022), (1.5963007e-8, 0.22118676, -0.028688652), (1.5962868e-8, 0.22141501, -0.028750008), (1.5962868e-8, 0.25410563, -0.028750008), (-0.0044974773, 0.22141501, -0.028396048), (-0.0044974773, 0.25410563, -0.028396048), (-0.008884227, 0.22141501, -0.027342884), (-0.008884227, 0.25410563, -0.027342884), (-0.013052218, 0.22141501, -0.025616445), (-0.013052218, 0.25410563, -0.025616445), (-0.016898818, 0.22141501, -0.023259247), (-0.016898818, 0.25410563, -0.023259247), (-0.020329315, 0.22141501, -0.020329326), (-0.020329315, 0.25410563, -0.020329326), (-0.023259236, 0.22141501, -0.016898831), (-0.023259236, 0.25410563, -0.016898831), (-0.025616435, 0.22141501, -0.013052231), (-0.025616435, 0.25410563, -0.013052231), (-0.027342876, 0.22141501, -0.00888424), (-0.027342876, 0.25410563, -0.00888424), (-0.02839604, 0.22141501, -0.0044974904), (-0.02839604, 0.25410563, -0.0044974904), (-0.028749999, 0.22141501, 2.440065e-9), (-0.028749999, 0.25410563, 2.440065e-9), (-0.02839604, 0.22141501, 0.004497495), (-0.02839604, 0.25410563, 0.004497495), (-0.027342876, 0.22141501, 0.008884244), (-0.027342876, 0.25410563, 0.008884244), (-0.025616437, 0.22141501, 0.0130522335), (-0.025616437, 0.25410563, 0.0130522335), (-0.02325924, 0.22141501, 0.016898835), (-0.02325924, 0.25410563, 0.016898835), (-0.02032932, 0.22141501, 0.020329326), (-0.02032932, 0.25410563, 0.020329326), (-0.016898824, 0.22141501, 0.023259249), (-0.016898824, 0.25410563, 0.023259249), (-0.013052225, 0.22141501, 0.02561645), (-0.013052225, 0.25410563, 0.02561645), (-0.008884235, 0.22141501, 0.02734289), (-0.008884235, 0.25410563, 0.02734289), (-0.004497486, 0.22141501, 0.028396053), (-0.004497486, 0.25410563, 0.028396053), (6.5378845e-9, 0.22141501, 0.028750014), (6.5378845e-9, 0.25410563, 0.028750014), (0.0044974983, 0.22141501, 0.028396053), (0.0044974983, 0.25410563, 0.028396053), (0.008884247, 0.22141501, 0.02734289), (0.008884247, 0.25410563, 0.02734289), (0.013052236, 0.22141501, 0.025616452), (0.013052236, 0.25410563, 0.025616452), (0.016898837, 0.22141501, 0.023259252), (0.016898837, 0.25410563, 0.023259252), (0.02032933, 0.22141501, 0.020329332), (0.02032933, 0.25410563, 0.020329332), (0.02325925, 0.22141501, 0.016898835), (0.02325925, 0.25410563, 0.016898835), (0.025616447, 0.22141501, 0.013052235), (0.025616447, 0.25410563, 0.013052235), (0.027342884, 0.22141501, 0.008884246), (0.027342884, 0.25410563, 0.008884246), (0.02839605, 0.22141501, 0.0044974983), (0.02839605, 0.25410563, 0.0044974983), (0.028750008, 0.22141501, 7.152557e-9), (0.028750008, 0.25410563, 7.152557e-9), (0.016862772, 0.22118676, 0.023209615), (0.020285945, 0.22118676, 0.020285947), (0.016764242, 0.22101963, 0.023074), (0.012948279, 0.22101963, 0.025412424), (0.012844321, 0.22095847, 0.025208393), (0.0087427255, 0.22095847, 0.026907329), (0.011873909, 0.22095847, 0.023303853), (0.008082197, 0.22095847, 0.024874432), (0.004425856, 0.22095847, 0.027943717), (0.004091474, 0.22095847, 0.025832517), (6.535659e-9, 0.22095847, 0.02829204), (6.5027894e-9, 0.22095847, 0.026154522), (-0.0044258432, 0.22095847, 0.027943717), (-0.0040914617, 0.22095847, 0.025832517), (-0.008742713, 0.22095847, 0.026907329), (-0.008082184, 0.22095847, 0.024874432), (-0.012844309, 0.22095847, 0.025208391), (-0.011873896, 0.22095847, 0.023303851), (-0.016629634, 0.22095847, 0.02288874), (-0.015373233, 0.22095847, 0.021159453), (-0.020005483, 0.22095847, 0.02000549), (-0.01849403, 0.22095847, 0.018494038), (-0.022888731, 0.22095847, 0.016629644), (-0.021159444, 0.22095847, 0.015373244), (-0.02520838, 0.22095847, 0.012844318), (-0.02330384, 0.22095847, 0.011873906), (-0.026907317, 0.22095847, 0.008742722), (-0.024874419, 0.22095847, 0.008082193), (-0.027943706, 0.22095847, 0.004425852), (-0.025832504, 0.22095847, 0.0040914714), (-0.028292026, 0.22095847, 2.438433e-9), (-0.026154509, 0.22095847, 2.4324947e-9), (-0.027943706, 0.22095847, -0.004425848), (-0.025832504, 0.22095847, -0.0040914672), (-0.026907317, 0.22095847, -0.008742719), (-0.024874419, 0.22095847, -0.00808219), (-0.025208376, 0.22095847, -0.012844316), (-0.023303837, 0.22095847, -0.011873902), (-0.02288873, 0.22095847, -0.016629642), (-0.02115944, 0.22095847, -0.015373241), (-0.020005478, 0.22095847, -0.02000549), (-0.018494027, 0.22095847, -0.018494038), (-0.016629629, 0.22095847, -0.022888737), (-0.015373228, 0.22095847, -0.021159451), (-0.012844303, 0.22095847, -0.025208388), (-0.011873891, 0.22095847, -0.023303846), (-0.008742705, 0.22095847, -0.026907325), (-0.008082177, 0.22095847, -0.024874426), (-0.0044258344, 0.22095847, -0.027943714), (-0.0040914533, 0.22095847, -0.025832511), (1.5963908e-8, 0.22095847, -0.028292036), (1.5964362e-8, 0.22095847, -0.026154518), (-0.0044616563, 0.22101963, -0.028169882), (1.5963389e-8, 0.22101963, -0.028521022), (-0.004487879, 0.22118676, -0.028335446), (1.5963007e-8, 0.22118676, -0.028688652), (-0.008813466, 0.22101963, -0.027125103), (-0.008865267, 0.22118676, -0.02728453), (-0.01294826, 0.22101963, -0.025412416), (-0.013024362, 0.22118676, -0.025561776), (-0.016764224, 0.22101963, -0.02307399), (-0.016862754, 0.22118676, -0.023209607), (-0.020167397, 0.22101963, -0.02016741), (-0.02028593, 0.22118676, -0.020285942), (-0.023073982, 0.22101963, -0.016764237), (-0.023209598, 0.22118676, -0.016862767), (-0.025412407, 0.22101963, -0.012948273), (-0.025561767, 0.22118676, -0.013024375), (-0.027125096, 0.22101963, -0.008813479), (-0.027284523, 0.22118676, -0.00886528), (-0.028169874, 0.22101963, -0.0044616694), (-0.028335439, 0.22118676, -0.004487892), (-0.028521013, 0.22101963, 2.439249e-9), (-0.028688643, 0.22118676, 2.4398465e-9), (-0.028169874, 0.22101963, 0.0044616736), (-0.028335439, 0.22118676, 0.0044878963), (-0.027125096, 0.22101963, 0.008813483), (-0.027284523, 0.22118676, 0.008865284), (-0.025412409, 0.22101963, 0.012948276), (-0.025561769, 0.22118676, 0.013024378), (-0.023073984, 0.22101963, 0.01676424), (-0.0232096, 0.22118676, 0.01686277), (-0.020167403, 0.22101963, 0.02016741), (-0.020285934, 0.22118676, 0.020285942), (-0.016764231, 0.22101963, 0.023073995), (-0.016862761, 0.22118676, 0.02320961), (-0.012948267, 0.22101963, 0.02541242), (-0.013024369, 0.22118676, 0.02556178), (-0.008813474, 0.22101963, 0.027125107), (-0.0088652745, 0.22118676, 0.027284537), (-0.0044616642, 0.22101963, 0.028169887), (-0.0044878875, 0.22118676, 0.028335452), (6.536771e-9, 0.22101963, 0.028521027), (6.5375865e-9, 0.22118676, 0.028688656), (0.004461677, 0.22101963, 0.028169887), (0.0044879, 0.22118676, 0.028335452), (0.008813486, 0.22101963, 0.027125107), (0.0088652875, 0.22118676, 0.027284537), (0.013024381, 0.22118676, 0.025561783), (0.016629647, 0.22095847, 0.022888746), (0.015373245, 0.22095847, 0.021159457), (0.01849404, 0.22095847, 0.018494043), (0.020005492, 0.22095847, 0.020005494), (0.021159453, 0.22095847, 0.015373245), (0.02288874, 0.22095847, 0.016629646), (0.02330385, 0.22095847, 0.011873907), (0.02520839, 0.22095847, 0.01284432), (0.024874426, 0.22095847, 0.008082196), (0.026907325, 0.22095847, 0.0087427255), (0.025832513, 0.22095847, 0.004091474), (0.027943715, 0.22095847, 0.0044258554), (0.026154518, 0.22095847, 2.5253435e-9), (0.028292036, 0.22095847, 6.324678e-9), (0.023073997, 0.22101963, 0.01676424), (0.020167412, 0.22101963, 0.020167414), (0.023209611, 0.22118676, 0.01686277), (0.025561778, 0.22118676, 0.0130243795), (0.025412418, 0.22101963, 0.012948278), (0.027125105, 0.22101963, 0.0088134855), (0.02728453, 0.22118676, 0.008865287), (0.028169883, 0.22101963, 0.004461677), (0.028335448, 0.22118676, 0.0044878996), (0.028521022, 0.22101963, 6.7386177e-9), (0.028688652, 0.22118676, 7.041643e-9), (0.028169898, 0.22101963, -0.0044616587), (0.02728455, 0.22118676, -0.008865271), (0.028335465, 0.22118676, -0.0044878814), (0.024438886, 0.22141501, -0.00794066), (0.024438884, 0.22804964, -0.007940659), (0.025380196, 0.22141501, -0.004019819), (0.025380194, 0.22804964, -0.0040198187), (0.022895806, 0.22804964, -0.011665975), (0.02289581, 0.22141501, -0.0116659785), (0.02078895, 0.22804964, -0.015104034), (0.020788962, 0.22141501, -0.015104042), (0.018170219, 0.22804964, -0.01817019), (0.018170225, 0.22141501, -0.018170195), (0.015104077, 0.22804964, -0.020788945), (0.01510407, 0.22141501, -0.020788936), (0.011666013, 0.22804964, -0.022895796), (0.011666006, 0.22141501, -0.022895787), (0.007940685, 0.22804964, -0.024438852), (0.007940688, 0.22141501, -0.024438865), (0.004019839, 0.22804964, -0.025380164), (0.0040198416, 0.22141501, -0.025380177), (1.6725574e-8, 0.22804964, -0.025696535), (1.6011974e-8, 0.22141501, -0.025696544), (0.020838602, 0.22118673, -0.015140108), (0.02295048, 0.22118676, -0.011693833), (0.024497239, 0.22118676, -0.00795962), (0.025440797, 0.22118676, -0.0040294174), (0.024656666, 0.22101963, -0.008011421), (0.025606364, 0.22101963, -0.00405564), (0.02309984, 0.22101963, -0.0117699355), (0.020974215, 0.22101963, -0.015238638), (0.018332142, 0.22101963, -0.018332114), (0.018213611, 0.22118676, -0.018213581), (0.015140135, 0.22118676, -0.020838575), (0.015238666, 0.22101963, -0.020974189), (0.011693862, 0.22118676, -0.022950456), (0.011769964, 0.22101963, -0.023099815), (0.007959648, 0.22118676, -0.024497218), (0.008011449, 0.22101963, -0.024656644), (0.00402944, 0.22118673, -0.025440779), (0.0040556635, 0.22101963, -0.025606344), (1.5987622e-8, 0.22118676, -0.025757901), (1.5970194e-8, 0.22101963, -0.02592553), (-0.0040198104, 0.22141501, -0.025380177), (-0.0040198113, 0.22804964, -0.025380174), (1.6011974e-8, 0.22141501, -0.025696544), (1.6725574e-8, 0.22804964, -0.025696535), (-0.007940664, 0.22804964, -0.024438892), (-0.007940656, 0.22141501, -0.02443887), (-0.011665984, 0.22804964, -0.02289581), (-0.011665976, 0.22141501, -0.02289579), (-0.0151040405, 0.22804964, -0.020788945), (-0.015104039, 0.22141501, -0.020788942), (-0.018170185, 0.22804964, -0.018170197), (-0.018170191, 0.22141501, -0.018170202), (-0.020788921, 0.22804964, -0.015104042), (-0.020788934, 0.22141501, -0.015104051), (-0.02289578, 0.22804964, -0.011665985), (-0.02289578, 0.22141501, -0.011665987), (-0.02443886, 0.22804964, -0.007940669), (-0.02443886, 0.22141501, -0.007940668), (-0.025380164, 0.22804964, -0.004019823), (-0.02538017, 0.22141501, -0.0040198243), (-0.025696535, 0.22804964, 2.4307518e-9), (-0.025696535, 0.22141501, 2.4307518e-9), (-0.025380168, 0.22804964, 0.0040198285), (-0.02538017, 0.22141501, 0.004019829), (-0.024438858, 0.22804964, 0.0079406705), (-0.02443886, 0.22141501, 0.007940671), (-0.022895778, 0.22804964, 0.011665987), (-0.022895781, 0.22141501, 0.01166599), (-0.020788925, 0.22804964, 0.015104044), (-0.020788936, 0.22141501, 0.015104053), (-0.01817019, 0.22804964, 0.018170197), (-0.018170195, 0.22141501, 0.018170202), (-0.015104037, 0.22804964, 0.020788936), (-0.015104043, 0.22141501, 0.020788945), (-0.011665975, 0.22804964, 0.022895783), (-0.01166598, 0.22141501, 0.022895792), (-0.007940662, 0.22804964, 0.02443887), (-0.007940662, 0.22141501, 0.024438871), (-0.0040198187, 0.22804964, 0.025380181), (-0.004019819, 0.22141501, 0.025380181), (5.5623794e-9, 0.22804964, 0.025696542), (6.4402226e-9, 0.22141501, 0.02569655), (0.004019826, 0.22804964, 0.025380153), (0.0040198313, 0.22141501, 0.02538018), (0.007940679, 0.22804964, 0.02443887), (0.007940675, 0.22141501, 0.024438871), (0.011665995, 0.22804964, 0.022895804), (0.011665993, 0.22141501, 0.022895796), (0.015104043, 0.22804964, 0.020788934), (0.015104054, 0.22141501, 0.02078895), (0.018170191, 0.22804964, 0.018170195), (0.018170202, 0.22141501, 0.018170206), (0.020788934, 0.22804964, 0.015104045), (0.020788945, 0.22141501, 0.015104054), (0.02289579, 0.22804964, 0.0116659915), (0.02289579, 0.22141501, 0.011665992), (0.024438871, 0.22804964, 0.007940676), (0.024438867, 0.22141501, 0.007940674), (0.02538018, 0.22804964, 0.0040198313), (0.02538018, 0.22141501, 0.0040198313), (0.025696544, 0.22804964, 1.540476e-9), (0.025696544, 0.22141501, 1.615349e-9), (0.018213589, 0.22118673, 0.018213592), (0.015140119, 0.22118673, 0.020838588), (0.011693849, 0.22118676, 0.022950465), (0.007959636, 0.22118676, 0.024497224), (0.00402943, 0.22118673, 0.025440782), (6.470716e-9, 0.22118676, 0.025757905), (-0.0040294174, 0.22118676, 0.025440782), (-0.007959623, 0.22118676, 0.024497224), (-0.011693836, 0.22118676, 0.022950463), (-0.015140108, 0.22118676, 0.020838585), (-0.018213581, 0.22118676, 0.018213589), (-0.020838575, 0.22118673, 0.015140118), (-0.02295045, 0.22118676, 0.0116938455), (-0.024497213, 0.22118676, 0.007959631), (-0.025440771, 0.22118676, 0.004029427), (-0.025757892, 0.22118676, 2.4309854e-9), (-0.025440771, 0.22118676, -0.004029423), (-0.024497213, 0.22118676, -0.007959628), (-0.022950448, 0.22118676, -0.011693842), (-0.020838572, 0.22118673, -0.015140116), (-0.018213578, 0.22118676, -0.018213589), (-0.015140103, 0.22118676, -0.02083858), (-0.011693831, 0.22118676, -0.022950461), (-0.007959616, 0.22118676, -0.024497222), (-0.004029409, 0.22118676, -0.025440779), (1.5987622e-8, 0.22118676, -0.025757901), (-0.004055632, 0.22101963, -0.025606344), (1.5970194e-8, 0.22101963, -0.02592553), (-0.008011416, 0.22101963, -0.024656648), (-0.011769934, 0.22101963, -0.023099817), (-0.015238634, 0.22101963, -0.020974195), (-0.018332109, 0.22101963, -0.018332122), (-0.020974187, 0.22101963, -0.0152386455), (-0.023099808, 0.22101963, -0.011769944), (-0.024656639, 0.22101963, -0.008011429), (-0.025606336, 0.22101963, -0.004055646), (-0.02592552, 0.22101963, 2.4316233e-9), (-0.025606336, 0.22101963, 0.00405565), (-0.024656639, 0.22101963, 0.008011432), (-0.02309981, 0.22101963, 0.011769948), (-0.020974189, 0.22101963, 0.015238648), (-0.018332114, 0.22101963, 0.018332122), (-0.015238638, 0.22101963, 0.0209742), (-0.011769938, 0.22101963, 0.023099823), (-0.008011423, 0.22101963, 0.02465665), (-0.0040556407, 0.22101963, 0.025606347), (6.4936168e-9, 0.22101963, 0.025925536), (0.004055653, 0.22101963, 0.025606347), (0.008011436, 0.22101963, 0.02465665), (0.011769951, 0.22101963, 0.023099825), (0.015238649, 0.22101963, 0.020974204), (0.018332122, 0.22101963, 0.018332124), (0.0209742, 0.22101963, 0.015238649), (0.020838585, 0.22118673, 0.015140119), (0.022950461, 0.22118676, 0.011693848), (0.02309982, 0.22101963, 0.01176995), (0.02449722, 0.22118676, 0.007959634), (0.024656648, 0.22101963, 0.008011435), (0.02544078, 0.22118676, 0.00402943), (0.025606345, 0.22101963, 0.0040556523), (0.025757901, 0.22118676, 1.739151e-9), (0.02592553, 0.22101963, 2.072232e-9), (0.02027217, 0.25455776, 0.020272171), (0.02319385, 0.25455776, 0.016851319), (0.01685132, 0.25455776, 0.023193853), (0.013015537, 0.25455776, 0.025544425), (0.008859267, 0.25455776, 0.027266005), (0.0044848523, 0.25455776, 0.02831621), (6.532909e-9, 0.25455776, 0.028669175), (-0.0044848397, 0.25455776, 0.02831621), (-0.008859254, 0.25455776, 0.027266005), (-0.013015525, 0.25455776, 0.025544424), (-0.01685131, 0.25455776, 0.023193847), (-0.02027216, 0.25455776, 0.020272166), (-0.023193838, 0.25455776, 0.016851319), (-0.025544412, 0.25455776, 0.013015534), (-0.027265994, 0.25455776, 0.008859264), (-0.028316196, 0.25455776, 0.004484849), (-0.028669162, 0.25455776, 2.4399078e-9), (-0.028316196, 0.25455776, -0.0044848444), (-0.027265994, 0.25455776, -0.00885926), (-0.025544409, 0.25455776, -0.013015531), (-0.023193836, 0.25455776, -0.016851317), (-0.020272154, 0.25455776, -0.020272166), (-0.016851304, 0.25455776, -0.023193846), (-0.013015518, 0.25455776, -0.025544418), (-0.008859247, 0.25455776, -0.027266001), (-0.004484832, 0.25455776, -0.028316204), (1.5931391e-8, 0.25455776, -0.028669171), (0.0044848635, 0.25455776, -0.028316204), (1.5931391e-8, 0.25455776, -0.028669171), (0.0088592805, 0.25455776, -0.027266), (0.0130155515, 0.25455776, -0.025544416), (0.016851336, 0.25455776, -0.02319384), (0.020272188, 0.25455776, -0.02027216), (0.023193866, 0.25455776, -0.016851308), (0.02554444, 0.25455776, -0.013015522), (0.02726602, 0.25455776, -0.008859251), (0.028316222, 0.25455776, -0.004484834), (0.028669171, 0.25455776, 7.1391497e-9), (0.028316207, 0.25455776, 0.0044848523), (0.027266001, 0.25455776, 0.0088592665), (0.025544422, 0.25455776, 0.013015536), (0.03200492, 0.018829808, 0.044050988), (0.03200492, 0.08017018, 0.044050988), (0.03850197, 0.018829808, 0.038501974), (0.03850197, 0.08017018, 0.038501974), (0.04405098, 0.018829808, 0.03200492), (0.04405098, 0.08017018, 0.03200492), (0.046972234, 0.018829808, 0.02723786), (0.04799855, 0.021110594, 0.025563084), (0.04824106, 0.07752547, 0.025167326), (0.04720365, 0.08017018, 0.026860237), (0.04405098, 0.09803252, 0.03200492), (0.048281968, 0.082176626, 0.025100585), (0.048515305, 0.09803252, 0.024719791), (0.047650643, 0.09899999, 0.02427922), (0.04326587, 0.09899999, 0.031434502), (0.03850197, 0.09803252, 0.038501974), (0.03781576, 0.09899999, 0.037815765), (0.03200492, 0.09803252, 0.044050988), (0.031434502, 0.09899999, 0.043265875), (0.024719791, 0.09803252, 0.04851531), (0.024279216, 0.09899999, 0.04765065), (0.016825983, 0.09803252, 0.051785048), (0.016526097, 0.09899999, 0.05086208), (0.008517863, 0.09803252, 0.053779647), (0.00836605, 0.09899999, 0.05282114), (3.8571653e-9, 0.09803252, 0.054450024), (3.8551935e-9, 0.09899999, 0.053479567), (-0.008517855, 0.09803252, 0.053779647), (-0.008366043, 0.09899999, 0.05282114), (-0.016825978, 0.09803252, 0.051785048), (-0.016526092, 0.09899999, 0.05086208), (-0.024719782, 0.09803252, 0.04851531), (-0.024279213, 0.09899999, 0.04765065), (-0.032004915, 0.09803252, 0.04405098), (-0.03143449, 0.09899999, 0.043265868), (-0.038501967, 0.09803252, 0.03850197), (-0.037815757, 0.09899999, 0.037815757), (-0.044050973, 0.09803252, 0.032004915), (-0.043265868, 0.09899999, 0.0314345), (-0.048515305, 0.09803252, 0.024719788), (-0.047650643, 0.09899999, 0.024279214), (-0.051785037, 0.09803252, 0.01682598), (-0.050862078, 0.09899999, 0.016526092), (-0.053779643, 0.09803252, 0.008517859), (-0.05282113, 0.09899999, 0.0083660465), (-0.05445001, 0.09803252, -1.772492e-9), (-0.053479552, 0.09899999, -1.7744639e-9), (-0.053779643, 0.09803252, -0.008517861), (-0.05282113, 0.09899999, -0.008366049), (-0.051785037, 0.09803252, -0.016825985), (-0.050862078, 0.09899999, -0.016526101), (-0.0485153, 0.09803252, -0.024719791), (-0.047650635, 0.09899999, -0.024279222), (-0.04405097, 0.09803252, -0.032004926), (-0.04326586, 0.09899999, -0.031434502), (-0.03850196, 0.09803252, -0.038501978), (-0.037815746, 0.09899999, -0.03781577), (-0.032004904, 0.09803252, -0.044050988), (-0.031434488, 0.09899999, -0.043265875), (-0.024719771, 0.09803252, -0.04851532), (-0.024279198, 0.09899999, -0.04765065), (-0.016825963, 0.09803252, -0.051785048), (-0.016526075, 0.09899999, -0.050862093), (-0.00851784, 0.09803252, -0.053779658), (-0.008366028, 0.09899999, -0.05282114), (2.1707267e-8, 0.09803252, -0.054450024), (2.1709235e-8, 0.09899999, -0.053479567), (-0.048046917, 0.08211939, -0.02548413), (-0.046969485, 0.08017018, -0.027242353), (-0.04405097, 0.08017018, -0.032004926), (-0.047988765, 0.021097198, -0.025579032), (-0.046972226, 0.018829808, -0.027237862), (-0.04405097, 0.018829808, -0.032004926), (-0.04798951, 0.077901945, -0.025577804), (-0.03850196, 0.08017018, -0.038501978), (-0.03850196, 0.018829808, -0.038501978), (-0.032004904, 0.08017018, -0.044050988), (-0.032004904, 0.018829808, -0.044050988), (-0.03850196, 0.0043032467, -0.038501978), (-0.032004904, 0.0043032467, -0.044050988), (-0.027236558, 0.018829808, -0.046973027), (-0.0254631, 0.016888946, -0.048059806), (-0.024719771, 0.0043032467, -0.04851532), (-0.04405097, 0.0043032467, -0.032004926), (-0.04805909, 0.016889006, -0.02546428), (-0.0485153, 0.0043032467, -0.024719791), (-0.016825963, 0.0043032467, -0.051785048), (-0.02338786, 0.018830486, -0.048939265), (-0.016825963, 0.018832542, -0.051785048), (-0.00851784, 0.018832542, -0.053779658), (-0.016526075, 0.0198, -0.050862093), (-0.008366029, 0.0198, -0.05282114), (2.1707267e-8, 0.018832542, -0.054450024), (2.170661e-8, 0.0198, -0.053479567), (2.0596516e-8, 0.0198, -0.050470464), (-0.007895301, 0.0198, -0.0498491), (-0.007743489, 0.018832542, -0.04889058), (2.0600854e-8, 0.018832542, -0.049500007), (-0.015296327, 0.018832542, -0.047077313), (-0.015596212, 0.0198, -0.048000257), (-0.00851784, 0.0043032467, -0.053779658), (2.1707267e-8, 0.0043032467, -0.054450024), (2.1707933e-8, 0.0026564598, -0.054121446), (-0.008466438, 0.0026564598, -0.053455114), (2.1709836e-8, 0.0012603998, -0.05318574), (-0.008320061, 0.0012603998, -0.052530926), (2.171268e-8, 0.00032757223, -0.051785335), (-0.00810099, 0.00032757223, -0.051147785), (-0.016435273, 0.0012603998, -0.05058263), (-0.01600253, 0.00032757223, -0.04925078), (-0.016724424, 0.0026564598, -0.05147256), (-0.024145793, 0.0012603998, -0.04738884), (-0.023510035, 0.00032757223, -0.04614108), (-0.024570601, 0.0026564598, -0.04822256), (-0.03126177, 0.0012603998, -0.043028165), (-0.030438645, 0.00032757223, -0.041895226), (-0.031811766, 0.0026564598, -0.043785162), (-0.037607975, 0.0012603998, -0.03760799), (-0.036617752, 0.00032757223, -0.03661777), (-0.038269617, 0.0026564598, -0.03826964), (-0.04302815, 0.0012603998, -0.03126179), (-0.04189521, 0.00032757223, -0.030438662), (-0.043785144, 0.0026564598, -0.03181179), (-0.047388826, 0.0012603998, -0.024145817), (-0.046141066, 0.00032757223, -0.02351006), (-0.048222546, 0.0026564598, -0.02457062), (-0.050582618, 0.0012603998, -0.016435295), (-0.04925077, 0.00032757223, -0.016002554), (-0.051785037, 0.0043032467, -0.016825985), (-0.048938975, 0.018830486, -0.023388132), (-0.051785037, 0.018832542, -0.016825985), (-0.053779643, 0.0043032467, -0.008517861), (-0.053779647, 0.018832542, -0.008517861), (-0.052821133, 0.0198, -0.00836605), (-0.053479552, 0.0198, -1.7770929e-9), (-0.05445001, 0.018832542, -1.772492e-9), (-0.052821133, 0.0198, 0.0083660465), (-0.053779647, 0.018832542, 0.008517859), (-0.050862078, 0.0198, 0.016526092), (-0.051785037, 0.018832542, 0.01682598), (-0.050862078, 0.0198, -0.016526101), (-0.048000243, 0.0198, -0.015596236), (-0.049849086, 0.0198, -0.007895321), (-0.048890572, 0.018832542, -0.007743509), (-0.047077302, 0.018832542, -0.01529635), (-0.049499996, 0.018832542, -9.611238e-10), (-0.050470456, 0.0198, -9.567855e-10), (-0.048890572, 0.018832542, 0.007743506), (-0.049849086, 0.0198, 0.00789532), (-0.047077302, 0.018832542, 0.015296343), (-0.048000243, 0.0198, 0.015596229), (-0.053779643, 0.0043032467, 0.008517859), (-0.051785037, 0.0043032467, 0.01682598), (-0.04893925, 0.018830486, 0.023387877), (-0.04805979, 0.016888946, 0.025463117), (-0.048515305, 0.0043032467, 0.024719788), (-0.044050973, 0.0043032467, 0.032004915), (-0.046973016, 0.018829808, 0.027236575), (-0.044050973, 0.018829808, 0.032004915), (-0.038501967, 0.0043032467, 0.03850197), (-0.038501967, 0.018829808, 0.03850197), (-0.044050973, 0.08017018, 0.032004915), (-0.038501967, 0.08017018, 0.03850197), (-0.032004915, 0.018829808, 0.04405098), (-0.032004915, 0.08017018, 0.04405098), (-0.027237853, 0.018829808, 0.046972234), (-0.025579026, 0.021097198, 0.047988776), (-0.027242346, 0.08017018, 0.04696949), (-0.025577797, 0.077901945, 0.04798952), (-0.025484122, 0.08211939, 0.04804693), (-0.032004915, 0.0043032467, 0.04405098), (-0.02546427, 0.016889006, 0.0480591), (-0.024719782, 0.0043032467, 0.04851531), (-0.016825978, 0.0043032467, 0.051785048), (-0.023388125, 0.018830486, 0.04893899), (-0.016825978, 0.018832542, 0.051785048), (-0.008517855, 0.0043032467, 0.053779647), (-0.008517855, 0.018832542, 0.053779647), (-0.008366043, 0.0198, 0.05282114), (3.857824e-9, 0.0198, 0.053479567), (3.8571653e-9, 0.018832542, 0.054450024), (0.00836605, 0.0198, 0.05282114), (0.008517863, 0.018832542, 0.053779647), (0.016526097, 0.0198, 0.050862093), (0.016825983, 0.018832542, 0.051785048), (-0.016526094, 0.0198, 0.050862093), (-0.015596228, 0.0198, 0.048000257), (-0.007895316, 0.0198, 0.0498491), (-0.0077435034, 0.018832542, 0.04889058), (-0.015296342, 0.018832542, 0.047077313), (4.3734905e-9, 0.018832542, 0.049500007), (4.3778288e-9, 0.0198, 0.050470464), (0.007743511, 0.018832542, 0.04889058), (0.007895324, 0.0198, 0.0498491), (0.015296348, 0.018832542, 0.047077313), (0.015596236, 0.0198, 0.048000257), (0.008517863, 0.0043032467, 0.053779647), (0.016825983, 0.0043032467, 0.051785048), (0.02338788, 0.018830486, 0.048939254), (0.025463121, 0.016888946, 0.048059795), (0.024719791, 0.0043032467, 0.04851531), (0.03200492, 0.0043032467, 0.044050988), (0.027236577, 0.018829808, 0.046973027), (0.03850197, 0.0043032467, 0.038501974), (0.04405098, 0.0043032467, 0.03200492), (0.0480591, 0.016889006, 0.025464276), (0.048515305, 0.0043032467, 0.024719791), (0.051785037, 0.0043032467, 0.016825985), (0.048940763, 0.018830493, 0.023384009), (0.051785037, 0.018832542, 0.016825985), (0.05377964, 0.0043032467, 0.008517864), (0.05377964, 0.018832542, 0.008517864), (0.052821126, 0.0198, 0.008366051), (0.053479552, 0.0198, 5.0460187e-9), (0.05445001, 0.018832542, 7.152557e-9), (0.052821163, 0.0198, -0.0083660325), (0.053779677, 0.018832542, -0.008517843), (0.050862115, 0.0198, -0.01652608), (0.051785078, 0.018832542, -0.016825967), (0.050862078, 0.0198, 0.016526101), (0.04800025, 0.0198, 0.015596236), (0.049849086, 0.0198, 0.007895326), (0.048890572, 0.018832542, 0.0077435127), (0.047077306, 0.018832542, 0.01529635), (0.049500003, 0.018832542, 7.152557e-9), (0.050470456, 0.0198, 9.1699786e-9), (0.048890606, 0.018832542, -0.0077434913), (0.04984912, 0.0198, -0.007895301), (0.04707734, 0.018832542, -0.015296332), (0.048000284, 0.0198, -0.015596219), (0.05178507, 0.0043032467, -0.016825967), (0.053779677, 0.0043032467, -0.008517842), (0.048939288, 0.018830486, -0.02338787), (0.048059825, 0.016888946, -0.025463108), (0.04851534, 0.0043032467, -0.024719777), (0.04405101, 0.0043032467, -0.032004908), (0.046973057, 0.018829808, -0.027236566), (0.04405101, 0.018829808, -0.032004908), (0.038502004, 0.0043032467, -0.038501967), (0.03850201, 0.018829808, -0.038501967), (0.04405101, 0.08017018, -0.032004908), (0.03850201, 0.08017018, -0.038501967), (0.03200495, 0.018829808, -0.04405098), (0.03200495, 0.08017018, -0.04405098), (0.027237887, 0.018829808, -0.046972245), (0.025579056, 0.021097198, -0.047988776), (0.027242376, 0.08017018, -0.04696949), (0.025577828, 0.077901945, -0.04798952), (0.03200495, 0.09803252, -0.04405098), (0.025484154, 0.08211939, -0.04804693), (0.024719814, 0.09803252, -0.04851531), (0.024279246, 0.09899999, -0.04765065), (0.03143453, 0.09899999, -0.043265868), (0.038502004, 0.09803252, -0.038501967), (0.03781579, 0.09899999, -0.037815757), (0.04405101, 0.09803252, -0.032004908), (0.043265905, 0.09899999, -0.03143449), (0.04851534, 0.09803252, -0.024719777), (0.047650676, 0.09899999, -0.024279205), (0.05178507, 0.09803252, -0.016825967), (0.05086211, 0.09899999, -0.01652608), (0.053779677, 0.09803252, -0.008517842), (0.052821163, 0.09899999, -0.0083660325), (0.05445001, 0.09803252, 7.152557e-9), (0.053479552, 0.09899999, 5.048647e-9), (0.016526124, 0.09899999, -0.05086208), (0.016826008, 0.09803252, -0.051785048), (0.00836607, 0.09899999, -0.05282114), (0.008517882, 0.09803252, -0.053779658), (2.1709235e-8, 0.09899999, -0.053479567), (2.1707267e-8, 0.09803252, -0.054450024), (0.05377964, 0.09803252, 0.008517864), (0.052821126, 0.09899999, 0.008366051), (0.051785037, 0.09803252, 0.016825985), (0.050862078, 0.09899999, 0.0165261), (2.1707267e-8, 0.08016744, -0.054450024), (0.008517882, 0.08016744, -0.053779658), (0.008366071, 0.0792, -0.05282114), (2.1709235e-8, 0.0792, -0.053479567), (0.016526124, 0.0792, -0.05086208), (0.016826008, 0.08016744, -0.051785048), (0.05377964, 0.08016744, 0.008517864), (0.05445001, 0.08016744, 7.152557e-9), (0.052821126, 0.0792, 0.008366051), (0.053479552, 0.0792, 5.048647e-9), (0.053779677, 0.08016744, -0.008517842), (0.052821163, 0.0792, -0.0083660325), (0.05178507, 0.08016744, -0.016825967), (0.05086211, 0.0792, -0.01652608), (0.050862078, 0.0792, 0.016526101), (0.051785037, 0.08016744, 0.016825985), (0.048939012, 0.080169514, -0.023388112), (0.048046235, 0.082119346, -0.0254853), (0.048000284, 0.0792, -0.015596216), (0.04984912, 0.0792, -0.007895301), (0.048890606, 0.08016744, -0.0077434913), (0.049500003, 0.08016744, 7.152557e-9), (0.050470456, 0.0792, 9.172871e-9), (0.048890572, 0.08016744, 0.0077435123), (0.049849086, 0.0792, 0.007895325), (0.047077306, 0.08016744, 0.01529635), (0.04800025, 0.0792, 0.015596236), (0.04707734, 0.08016744, -0.01529633), (0.04585513, 0.0792, 0.020738056), (0.04469206, 0.0800948, 0.021023769), (0.045403343, 0.07888649, 0.021821009), (0.044275545, 0.079740286, 0.022026217), (0.04397228, 0.07879459, 0.022760676), (0.04507261, 0.078029975, 0.022613794), (0.043861467, 0.07750617, 0.02303536), (0.044951584, 0.076859936, 0.022903979), (0.04495279, 0.022122331, 0.022904595), (0.04763462, 0.022122838, 0.024271056), (0.0477547, 0.020961419, 0.023982966), (0.045072902, 0.020961165, 0.022616604), (0.048082713, 0.020111203, 0.023195881), (0.045401014, 0.020111136, 0.02182977), (0.048530765, 0.0198, 0.022120688), (0.045849208, 0.0198, 0.02075493), (0.047633365, 0.07685546, 0.02427041), (0.043861814, 0.02125784, 0.023411019), (0.044724043, 0.018937573, 0.021246247), (0.04812147, 0.01997181, 0.025276367), (0.048466682, 0.01913634, 0.024477983), (0.044292253, 0.019261792, 0.022335913), (0.047754567, 0.078027725, 0.023979632), (0.04835856, 0.078849256, 0.024894623), (0.04808573, 0.07888588, 0.023185246), (0.04866839, 0.07981628, 0.024167677), (0.049088493, 0.08016954, 0.023179013), (0.04853816, 0.0792, 0.022100087), (0.048262272, 0.080839016, 0.02513271), (0.047707845, 0.080170125, 0.02612206), (0.04984912, 0.09899999, -0.007895301), (0.050470456, 0.09899999, 9.172871e-9), (0.048890606, 0.09803252, -0.0077434913), (0.049500003, 0.09803252, 7.152557e-9), (0.04707734, 0.09803252, -0.01529633), (0.048000284, 0.09899999, -0.015596216), (0.044104856, 0.09803252, -0.02247252), (0.04496954, 0.09899999, -0.0229131), (0.04004637, 0.09803252, -0.02909537), (0.04083148, 0.09899999, -0.029665787), (0.03500182, 0.09803252, -0.03500179), (0.03568804, 0.09899999, -0.035688005), (0.029095404, 0.09803252, -0.040046338), (0.029665822, 0.09899999, -0.04083145), (0.02247256, 0.09803252, -0.044104822), (0.022913141, 0.09899999, -0.04496951), (0.015296372, 0.09803252, -0.047077313), (0.0155962575, 0.09899999, -0.048000257), (0.00774353, 0.09803252, -0.04889058), (0.007895341, 0.09899999, -0.0498491), (2.0600854e-8, 0.09803252, -0.049500007), (2.0596516e-8, 0.09899999, -0.050470464), (2.1709235e-8, 0.09899999, -0.053479567), (0.00836607, 0.09899999, -0.05282114), (0.016526124, 0.09899999, -0.05086208), (0.024279246, 0.09899999, -0.04765065), (0.03143453, 0.09899999, -0.043265868), (0.03781579, 0.09899999, -0.037815757), (0.043265905, 0.09899999, -0.03143449), (0.047650676, 0.09899999, -0.024279205), (0.05086211, 0.09899999, -0.01652608), (0.052821163, 0.09899999, -0.0083660325), (0.053479552, 0.09899999, 5.048647e-9), (0.049849086, 0.09899999, 0.007895325), (0.048890572, 0.09803252, 0.0077435123), (0.04800025, 0.09899999, 0.015596236), (0.047077306, 0.09803252, 0.01529635), (0.04496951, 0.09899999, 0.022913115), (0.044104822, 0.09803252, 0.022472534), (0.04083145, 0.09899999, 0.029665796), (0.04004635, 0.09803252, 0.02909538), (0.03568801, 0.09899999, 0.035688013), (0.035001792, 0.09803252, 0.035001796), (0.029665796, 0.09899999, 0.04083146), (0.02909538, 0.09803252, 0.04004635), (0.022913115, 0.09899999, 0.044969518), (0.022472534, 0.09803252, 0.044104833), (0.015596232, 0.09899999, 0.048000257), (0.0152963465, 0.09803252, 0.047077313), (0.007895324, 0.09899999, 0.0498491), (0.007743511, 0.09803252, 0.04889058), (4.3778288e-9, 0.09899999, 0.050470464), (4.3734905e-9, 0.09803252, 0.049500007), (-0.007895316, 0.09899999, 0.0498491), (-0.0077435034, 0.09803252, 0.04889058), (-0.015596228, 0.09899999, 0.048000257), (-0.015296342, 0.09803252, 0.047077313), (-0.022913108, 0.09899999, 0.04496951), (-0.022472527, 0.09803252, 0.044104822), (-0.029665789, 0.09899999, 0.04083145), (-0.029095372, 0.09803252, 0.04004635), (-0.035688005, 0.09899999, 0.035688005), (-0.03500179, 0.09803252, 0.03500179), (-0.040831447, 0.09899999, 0.029665794), (-0.040046338, 0.09803252, 0.029095378), (-0.0449695, 0.09899999, 0.022913111), (-0.04410482, 0.09803252, 0.02247253), (-0.048000243, 0.09899999, 0.015596229), (-0.047077302, 0.09803252, 0.015296343), (-0.049849086, 0.09899999, 0.00789532), (-0.048890572, 0.09803252, 0.007743506), (-0.050470456, 0.09899999, -9.567855e-10), (-0.049499996, 0.09803252, -9.611238e-10), (-0.049849086, 0.09899999, -0.007895321), (-0.048890572, 0.09803252, -0.007743509), (-0.048000243, 0.09899999, -0.015596234), (-0.047077302, 0.09803252, -0.015296349), (-0.0449695, 0.09899999, -0.022913117), (-0.04410482, 0.09803252, -0.022472536), (-0.04083144, 0.09899999, -0.029665802), (-0.040046334, 0.09803252, -0.029095385), (-0.035687998, 0.09899999, -0.035688017), (-0.03500178, 0.09803252, -0.0350018), (-0.02966578, 0.09899999, -0.04083146), (-0.029095363, 0.09803252, -0.04004635), (-0.022913095, 0.09899999, -0.04496951), (-0.022472514, 0.09803252, -0.044104833), (-0.015596212, 0.09899999, -0.048000257), (-0.015296327, 0.09803252, -0.047077313), (-0.007895301, 0.09899999, -0.0498491), (-0.007743489, 0.09803252, -0.04889058), (2.0596516e-8, 0.09899999, -0.050470464), (2.0600854e-8, 0.09803252, -0.049500007), (-0.047650635, 0.09899999, -0.024279222), (-0.04326586, 0.09899999, -0.031434502), (-0.037815746, 0.09899999, -0.03781577), (-0.031434488, 0.09899999, -0.043265875), (-0.024279198, 0.09899999, -0.04765065), (-0.016526075, 0.09899999, -0.050862093), (-0.008366028, 0.09899999, -0.05282114), (2.1709235e-8, 0.09899999, -0.053479567), (-0.050862078, 0.09899999, -0.016526101), (-0.05282113, 0.09899999, -0.008366049), (-0.053479552, 0.09899999, -1.7744639e-9), (-0.05282113, 0.09899999, 0.0083660465), (-0.050862078, 0.09899999, 0.016526092), (-0.047650643, 0.09899999, 0.024279214), (-0.043265868, 0.09899999, 0.0314345), (-0.037815757, 0.09899999, 0.037815757), (-0.03143449, 0.09899999, 0.043265868), (-0.024279213, 0.09899999, 0.04765065), (-0.016526092, 0.09899999, 0.05086208), (-0.008366043, 0.09899999, 0.05282114), (3.8551935e-9, 0.09899999, 0.053479567), (0.00836605, 0.09899999, 0.05282114), (0.016526097, 0.09899999, 0.05086208), (0.024279216, 0.09899999, 0.04765065), (0.031434502, 0.09899999, 0.043265875), (0.03781576, 0.09899999, 0.037815765), (0.04326587, 0.09899999, 0.031434502), (0.047650643, 0.09899999, 0.02427922), (0.050862078, 0.09899999, 0.0165261), (0.052821126, 0.09899999, 0.008366051), (2.1707267e-8, 0.018832542, -0.054450024), (0.008517882, 0.018832542, -0.053779658), (2.170661e-8, 0.0198, -0.053479567), (0.00836607, 0.0198, -0.05282114), (0.016826008, 0.018832542, -0.051785048), (0.016526124, 0.0198, -0.05086208), (0.0155962575, 0.0198, -0.048000257), (0.007895341, 0.0198, -0.0498491), (0.00774353, 0.018832542, -0.04889058), (2.0600854e-8, 0.018832542, -0.049500007), (2.0596516e-8, 0.0198, -0.050470464), (0.015296372, 0.018832542, -0.047077313), (0.008517882, 0.0043032467, -0.053779658), (0.016826008, 0.0043032467, -0.051785048), (0.023388155, 0.018830486, -0.04893899), (0.025464304, 0.016889006, -0.0480591), (0.024719814, 0.0043032467, -0.04851531), (0.03200495, 0.0043032467, -0.04405098), (0.03826966, 0.0026564598, -0.038269628), (0.043785185, 0.0026564598, -0.03181177), (0.048222583, 0.0026564598, -0.024570603), (0.05147258, 0.0026564598, -0.016724428), (0.053455133, 0.0026564598, -0.008466442), (0.05253095, 0.0012603998, -0.008320065), (0.05058265, 0.0012603998, -0.016435277), (0.051147804, 0.00032757223, -0.008101), (0.0492508, 0.00032757223, -0.016002534), (0.047388863, 0.0012603998, -0.0241458), (0.046141103, 0.00032757223, -0.023510043), (0.04302819, 0.0012603998, -0.031261772), (0.04189525, 0.00032757223, -0.030438649), (0.037608016, 0.0012603998, -0.03760798), (0.036617793, 0.00032757223, -0.03661776), (0.031261813, 0.0012603998, -0.043028153), (0.030438682, 0.00032757223, -0.04189522), (0.03181181, 0.0026564598, -0.04378515), (0.024145842, 0.0012603998, -0.04738884), (0.023510084, 0.00032757223, -0.04614108), (0.024570644, 0.0026564598, -0.04822256), (0.01643532, 0.0012603998, -0.05058263), (0.016002577, 0.00032757223, -0.049250774), (0.01672447, 0.0026564598, -0.05147255), (0.008320103, 0.0012603998, -0.052530926), (0.008101035, 0.00032757223, -0.051147785), (0.008466482, 0.0026564598, -0.053455114), (2.1709836e-8, 0.0012603998, -0.05318574), (2.171268e-8, 0.00032757223, -0.051785335), (2.1707267e-8, 0.0043032467, -0.054450024), (2.1707933e-8, 0.0026564598, -0.054121446), (0.016526097, 0.0792, 0.05086208), (0.008366049, 0.0792, 0.05282114), (0.016825983, 0.08016744, 0.051785048), (0.008517863, 0.08016744, 0.053779647), (3.8551935e-9, 0.0792, 0.053479567), (3.8571653e-9, 0.08016744, 0.054450024), (-0.008366042, 0.0792, 0.05282114), (-0.008517855, 0.08016744, 0.053779647), (-0.016526094, 0.0792, 0.05086208), (-0.016825978, 0.08016744, 0.051785048), (0.023388123, 0.080169514, 0.04893899), (0.025485313, 0.082119346, 0.048046198), (4.3778288e-9, 0.0792, 0.050470464), (0.007895324, 0.0792, 0.0498491), (4.3734905e-9, 0.08016744, 0.049500007), (-0.0077435034, 0.08016744, 0.04889058), (-0.007895316, 0.0792, 0.0498491), (-0.015296342, 0.08016744, 0.047077313), (-0.015596228, 0.0792, 0.048000257), (0.007743511, 0.08016744, 0.04889058), (0.015596232, 0.0792, 0.048000257), (0.0152963465, 0.08016744, 0.047077313), (-0.020749437, 0.0792, 0.04585038), (-0.02123872, 0.08017481, 0.044684153), (-0.021826698, 0.07888813, 0.04540097), (-0.022259288, 0.07984125, 0.044272967), (-0.02300605, 0.07892774, 0.043971736), (-0.022615308, 0.07803612, 0.04507198), (-0.023278257, 0.07767968, 0.043861475), (-0.022903971, 0.076872244, 0.04495159), (-0.023204919, 0.021379925, 0.043861818), (-0.022904588, 0.022126481, 0.04495279), (-0.024271049, 0.022122838, 0.04763462), (-0.023982959, 0.020961419, 0.047754705), (-0.02261608, 0.020963244, 0.045073126), (-0.023195874, 0.020111203, 0.048082713), (-0.021827847, 0.020111687, 0.04540183), (-0.02212068, 0.0198, 0.04853077), (-0.020751085, 0.0198, 0.04585082), (-0.024270402, 0.076877214, 0.04763337), (-0.021158047, 0.01890681, 0.044693086), (-0.025285501, 0.019963652, 0.048116073), (-0.024483541, 0.01913394, 0.04846389), (-0.022182431, 0.01924657, 0.044276588), (-0.02293036, 0.020150498, 0.043972854), (-0.025540812, 0.018182874, 0.04801219), (-0.026042432, 0.018829808, 0.04775238), (-0.050862078, 0.0792, 0.016526092), (-0.05282113, 0.0792, 0.0083660465), (-0.051785037, 0.08016744, 0.01682598), (-0.053779643, 0.08016744, 0.008517859), (-0.053479552, 0.0792, -1.7744639e-9), (-0.05445001, 0.08016744, -1.772492e-9), (-0.05282113, 0.0792, -0.008366049), (-0.053779643, 0.08016744, -0.008517861), (-0.050862078, 0.0792, -0.016526101), (-0.051785037, 0.08016744, -0.016825985), (-0.04893898, 0.080169514, 0.023388121), (-0.04804619, 0.082119346, 0.02548531), (-0.050470456, 0.0792, -9.567855e-10), (-0.049849086, 0.0792, 0.00789532), (-0.049499996, 0.08016744, -9.611238e-10), (-0.048890572, 0.08016744, -0.007743509), (-0.049849086, 0.0792, -0.007895321), (-0.047077302, 0.08016744, -0.015296349), (-0.048000243, 0.0792, -0.015596234), (-0.048890572, 0.08016744, 0.007743506), (-0.048000243, 0.0792, 0.015596229), (-0.047077302, 0.08016744, 0.015296343), (-0.04585098, 0.0792, -0.020747978), (-0.044514384, 0.08017214, -0.021075694), (-0.045401268, 0.078887925, -0.021825973), (-0.044062562, 0.079842284, -0.022093581), (-0.043731675, 0.07894005, -0.022837076), (-0.045072053, 0.078035325, -0.02261512), (-0.04361093, 0.07770846, -0.023105716), (-0.04495158, 0.07687065, -0.02290398), (-0.0436383, 0.021438673, -0.022879047), (-0.044952787, 0.022168167, -0.0229046), (-0.047633357, 0.076877214, -0.02427041), (-0.04763461, 0.022122838, -0.024271056), (-0.047754694, 0.020961419, -0.023982966), (-0.045072302, 0.020984083, -0.022618055), (-0.0480827, 0.020111203, -0.023195881), (-0.045398753, 0.020117275, -0.021835178), (-0.048530757, 0.0198, -0.022120688), (-0.0458447, 0.0198, -0.020765735), (-0.044550266, 0.018930689, -0.02086288), (-0.048116058, 0.019963652, -0.025285508), (-0.048463874, 0.01913394, -0.024483548), (-0.044093274, 0.019278035, -0.021870513), (-0.043760356, 0.020193994, -0.022606526), (-0.04801218, 0.018182874, -0.02554082), (-0.047458928, 0.018829808, -0.026521284), (-0.016526075, 0.0792, -0.050862093), (-0.008366028, 0.0792, -0.05282114), (-0.016825963, 0.08016744, -0.051785048), (-0.00851784, 0.08016744, -0.053779658), (2.1709235e-8, 0.0792, -0.053479567), (2.1707267e-8, 0.08016744, -0.054450024), (-0.023388105, 0.080169514, -0.04893899), (-0.025485294, 0.082119346, -0.048046216), (-0.01559249, 0.0792, -0.048005085), (-0.007900191, 0.0792, -0.049846485), (9.536743e-9, 0.0792, -0.05047018), (-0.007741789, 0.08022958, -0.048886195), (9.536743e-9, 0.08022958, -0.04949999), (-0.015295487, 0.08022958, -0.047272492), (-0.027243625, 0.08017018, -0.046968706), (-0.025577784, 0.021098055, -0.04798953), (-0.02557901, 0.077902794, -0.047988787), (-0.024271036, 0.07687602, -0.047634628), (-0.023982808, 0.07803801, -0.047754753), (-0.025285484, 0.079036355, -0.04811608), (-0.024483522, 0.07986605, -0.04846389), (-0.023195334, 0.07888865, -0.048082933), (-0.022119612, 0.0792, -0.04853121), (-0.02427039, 0.022122778, -0.04763337), (-0.0228958, 0.07681884, -0.044935558), (-0.022903604, 0.0221226, -0.044950895), (-0.023982314, 0.020961396, -0.04775344), (-0.022615755, 0.020961307, -0.045071382), (-0.023195291, 0.020111203, -0.04808154), (-0.021829017, 0.020111173, -0.045399886), (-0.022120215, 0.0198, -0.048529766), (-0.020754188, 0.0198, -0.045848396), (-0.02288742, 0.07764901, -0.04355691), (-0.022609636, 0.07800943, -0.045055456), (-0.022615625, 0.07890926, -0.043683548), (-0.021828176, 0.078880996, -0.04538369), (-0.021889893, 0.07983346, -0.044035025), (-0.020900976, 0.080177724, -0.044518966), (-0.020760799, 0.0792, -0.045832317), (-0.023286134, 0.02122683, -0.04366947), (-0.021204706, 0.01883901, -0.04456607), (-0.024482764, 0.01913406, -0.04846442), (-0.025284354, 0.01996407, -0.04811679), (-0.026519965, 0.018829808, -0.047459744), (-0.025539525, 0.018182851, -0.048012972), (0.027243644, 0.08017018, 0.046968706), (0.025577802, 0.021098055, 0.04798952), (0.025579028, 0.077902794, 0.047988776), (0.024271054, 0.07687602, 0.04763462), (0.023982827, 0.07803801, 0.047754753), (0.025285503, 0.079036355, 0.048116073), (0.024483541, 0.07986605, 0.04846389), (0.023195352, 0.07888865, 0.04808292), (0.022119632, 0.0792, 0.04853121), (0.024270408, 0.022122778, 0.04763337), (0.02290398, 0.022122785, 0.04495159), (0.022904595, 0.076871775, 0.044952802), (0.023175167, 0.07767208, 0.043742828), (0.023385521, 0.021245867, 0.043856658), (0.022615936, 0.020961396, 0.045071736), (0.02310746, 0.020052783, 0.043971233), (0.021829002, 0.020111203, 0.045400016), (0.022338841, 0.019177489, 0.044279516), (0.021285431, 0.01885432, 0.044698972), (0.02075404, 0.0198, 0.045848474), (0.022120234, 0.0198, 0.048529766), (0.02319531, 0.020111203, 0.04808154), (0.024482783, 0.01913406, 0.04846442), (0.023982333, 0.020961396, 0.04775344), (0.025284372, 0.01996407, 0.04811679), (0.026519984, 0.018829808, 0.047459744), (0.025539543, 0.018182851, 0.048012972), (9.536743e-9, 0.0792, -0.05047018), (0.007900209, 0.0792, -0.049846485), (0.015592509, 0.0792, -0.048005085), (0.007741808, 0.08022958, -0.048886195), (0.015295506, 0.08022958, -0.04707449), (9.536743e-9, 0.08022958, -0.04949999), (0.020704824, 0.0792, -0.045855865), (0.022120263, 0.0792, -0.048529766), (0.021800216, 0.07888248, -0.045395467), (0.023195343, 0.0788888, -0.04808154), (0.022602191, 0.078014985, -0.04505864), (0.023982363, 0.0780386, -0.04775344), (0.022895867, 0.07682997, -0.044935606), (0.024270436, 0.076877214, -0.04763337), (0.024271078, 0.022122838, -0.04763462), (0.022904286, 0.02211582, -0.044952136), (0.023982994, 0.020961419, -0.047754705), (0.022612581, 0.02095791, -0.045074206), (0.023195906, 0.020111203, -0.048082713), (0.021815259, 0.020110264, -0.04540698), (0.02212071, 0.0198, -0.04853077), (0.020725975, 0.0198, -0.045861293), (0.02286913, 0.021534435, -0.04377224), (0.022869699, 0.0774259, -0.043815486), (0.020855106, 0.019014895, -0.044649847), (0.025285533, 0.019963652, -0.04811608), (0.02448357, 0.01913394, -0.04846389), (0.021866875, 0.019374333, -0.044208247), (0.025540842, 0.018182874, -0.04801219), (0.026042465, 0.018829808, -0.04775238), (0.022601167, 0.020293504, -0.0438883), (0.043573666, 0, -0.014157921), (0.029944211, 0.0013676435, -0.009729438), (0.04525199, 0, -0.00716721), (0.031097578, 0.0013676435, -0.0049253977), (0.028053524, 0.0013676435, -0.0142939715), (0.04082242, 0, -0.020800045), (0.025472071, 0.0013676435, -0.018506523), (0.03706599, 0, -0.026929991), (0.02226341, 0.0013676435, -0.022263378), (0.03239686, 0, -0.032396827), (0.018506547, 0.0013676435, -0.025472045), (0.026930021, 0, -0.03706596), (0.014293999, 0.0013676435, -0.028053505), (0.020800078, 0, -0.0408224), (0.009729475, 0.0013676435, -0.029944183), (0.014157962, 0, -0.043573637), (0.004925381, 0.0013676435, -0.031097565), (0.0071672294, 0, -0.04525198), (2.6348703e-8, 0.0013676435, -0.031485196), (2.1707267e-8, 0, -0.04581605), (-0.0049253427, 0.0013676435, -0.03109755), (-0.007167189, 0, -0.04525197), (-0.009729436, 0.0013676435, -0.02994419), (-0.014157917, 0, -0.043573644), (-0.014293957, 0.0013676435, -0.028053507), (-0.020800028, 0, -0.0408224), (-0.018506518, 0.0013676435, -0.025472047), (-0.026929984, 0, -0.037065964), (-0.022263372, 0.0013676435, -0.022263385), (-0.03239682, 0, -0.032396838), (-0.025472037, 0.0013676435, -0.018506529), (-0.03706595, 0, -0.026930002), (-0.0280535, 0.0013676435, -0.014293978), (-0.040822387, 0, -0.020800056), (-0.029944178, 0.0013676435, -0.009729457), (-0.043573633, 0, -0.01415794), (-0.03109754, 0.0013676435, -0.004925371), (-0.045251958, 0, -0.0071672127), (-0.031485178, 0.0013676435, -1.7356114e-9), (-0.04581603, 0, -1.7356114e-9), (-0.03109754, 0.0013676435, 0.0049253674), (-0.045251958, 0, 0.00716721), (-0.029944176, 0.0013676435, 0.009729455), (-0.043573633, 0, 0.014157934), (-0.0280535, 0.0013676435, 0.014293974), (-0.04082239, 0, 0.020800045), (-0.02547204, 0.0013676435, 0.018506523), (-0.037065957, 0, 0.026929995), (-0.022263378, 0.0013676435, 0.022263378), (-0.032396827, 0, 0.03239683), (-0.018506518, 0.0013676435, 0.025472045), (-0.026929991, 0, 0.037065957), (-0.014293965, 0.0013676435, 0.02805351), (-0.020800045, 0, 0.0408224), (-0.009729453, 0.0013676435, 0.029944183), (-0.014157934, 0, 0.043573644), (-0.004925359, 0.0013676435, 0.031097548), (-0.0071672043, 0, 0.04525197), (3.8147947e-9, 0.0013676435, 0.031485192), (3.8571653e-9, 0, 0.045816038), (0.0049253646, 0.0013676435, 0.031097548), (0.0071672117, 0, 0.04525197), (0.009729455, 0.0013676435, 0.029944183), (0.014157938, 0, 0.043573644), (0.014293974, 0.0013676435, 0.028053502), (0.020800047, 0, 0.04082239), (0.018506527, 0.0013676435, 0.025472045), (0.026929997, 0, 0.03706596), (0.022263382, 0.0013676435, 0.022263383), (0.03239683, 0, 0.032396834), (0.02547204, 0.0013676435, 0.018506534), (0.037065957, 0, 0.02693), (0.028053496, 0.0013676435, 0.01429398), (0.04082239, 0, 0.020800054), (0.029944183, 0.0013676435, 0.009729462), (0.04357364, 0, 0.014157941), (0.031097535, 0.0013676435, 0.0049253744), (0.045251954, 0, 0.007167215), (0.031485174, 0.0013676435, -4.687718e-8), (0.04581603, 0, -1.1619551e-8), (0.014691597, 0.0019303113, 0.014691598), (0.012212453, 0.0019303113, 0.016808994), (0.009432591, 0.0019303113, 0.018512491), (0.006420461, 0.0019302964, 0.019760158), (0.0032502373, 0.0019302964, 0.020521257), (3.5905987e-9, 0.0019303113, 0.020777065), (-0.0032502313, 0.0019303113, 0.020521257), (-0.006420461, 0.0019303113, 0.019760156), (-0.009432579, 0.0019303113, 0.018512499), (-0.0122124385, 0.0019303113, 0.016808998), (-0.014691593, 0.0019303113, 0.014691593), (-0.01680899, 0.0019303113, 0.012212447), (-0.018512486, 0.0019303113, 0.0094325915), (-0.019760147, 0.0019303113, 0.006420464), (-0.02052125, 0.0019303113, 0.0032502476), (-0.02077705, 0.0019303113, -1.8396287e-9), (-0.02052125, 0.0019303113, -0.0032502534), (-0.019760152, 0.0019303113, -0.006420464), (-0.018512487, 0.0019303113, -0.009432594), (-0.01680899, 0.0019303113, -0.012212449), (-0.0146915885, 0.0019303113, -0.0146916), (-0.012212444, 0.0019303113, -0.016808998), (-0.009432574, 0.0019303113, -0.018512495), (-0.0064204466, 0.0019303113, -0.019760162), (-0.003250219, 0.0019303113, -0.020521259), (3.5123314e-8, 0.0019303113, -0.020777065), (0.0032502483, 0.0019303113, -0.02052127), (0.006420474, 0.0019303113, -0.019760156), (0.009432618, 0.0019303113, -0.018512493), (0.012212469, 0.0019303113, -0.016808998), (0.014691626, 0.0019303113, -0.014691593), (0.016809018, 0.0019303113, -0.0122124525), (0.01851251, 0.0019303113, -0.009432591), (0.019760186, 0.0019303113, -0.0064204354), (0.020521285, 0.0019303113, -0.0032503046), (0.020777049, 0.0019303113, -8.172252e-8), (0.020521244, 0.0019303113, 0.0032502636), (0.019760152, 0.0019303113, 0.006420471), (0.018512482, 0.0019303113, 0.009432596), (0.016808989, 0.0019303113, 0.012212462), (0.011946254, 0.0025898516, -0.0038815083), (0.012406387, 0.0025898516, -0.0019650564), (0.010162056, 0.0025898516, 0.007383191), (0.008881968, 0.0025898367, 0.008881968), (0.0073831785, 0.0025898367, 0.010162062), (0.005702581, 0.0025898367, 0.011191924), (0.0038815546, 0.0025898367, 0.011946223), (0.0019649547, 0.0025898367, 0.0124063585), (4.190737e-9, 0.0025898516, 0.0125610065), (-0.0019649477, 0.0025898516, 0.012406358), (-0.0038815653, 0.0025898516, 0.011946216), (-0.0057025687, 0.0025898516, 0.011191941), (-0.0073831542, 0.0025898516, 0.010162068), (-0.008881965, 0.0025898516, 0.008881963), (-0.010162059, 0.0025898516, 0.007383164), (-0.011191926, 0.0025898516, 0.0057025836), (-0.011946211, 0.0025898367, 0.0038815604), (-0.01240635, 0.0025898367, 0.0019649698), (-0.01256099, 0.0025898367, -2.2256665e-9), (-0.01240635, 0.0025898516, -0.0019649798), (-0.011946216, 0.0025898516, -0.0038815637), (-0.011191928, 0.0025898516, -0.0057025827), (-0.010162061, 0.0025898516, -0.0073831677), (-0.008881958, 0.0025898367, -0.00888197), (-0.0073831677, 0.0025898367, -0.010162061), (-0.0057025645, 0.0025898516, -0.011191934), (-0.0038815492, 0.0025898516, -0.0119462265), (-0.0019649414, 0.0025898516, -0.012406359), (4.571804e-8, 0.0025898665, -0.012561011), (0.0019649595, 0.0025898516, -0.012406375), (0.003881565, 0.0025898367, -0.011946223), (0.005702611, 0.0025898367, -0.0111919325), (0.0073831878, 0.0025898367, -0.010162064), (0.008881999, 0.0025898516, -0.008881962), (0.010162082, 0.0025898516, -0.007383179), (0.011191947, 0.0025898516, -0.005702586), (0.0043216343, 0.0026660264, -0.0022020086), (0.0046129343, 0.0026660264, -0.0014987179), (0.004790601, 0.0026660264, -0.00075886893), (0.0039239754, 0.0026660264, -0.0028509372), (0.0034296992, 0.0026660115, -0.003429654), (0.0028509297, 0.0026660115, -0.003923965), (0.0022020254, 0.0026660115, -0.0043216273), (0.0014988104, 0.0026660115, -0.0046128896), (0.0007587137, 0.0026660264, -0.0047905925), (6.62829e-8, 0.0026660264, -0.0048502916), (-0.0007587147, 0.0026660264, -0.0047905683), (-0.001498809, 0.0026660264, -0.004612894), (-0.0022019725, 0.0026660115, -0.004321628), (-0.0028509204, 0.0026660115, -0.0039239596), (-0.0034296561, 0.0026660115, -0.0034296664), (-0.003923963, 0.0026660264, -0.0028509146), (-0.004321622, 0.0026660264, -0.0022019933), (-0.004612883, 0.0026660264, -0.0014988194), (-0.0047905603, 0.0026660115, -0.00075876084), (-0.0048502684, 0.0026660115, -3.3625451e-9), (-0.0047905617, 0.0026660115, 0.0007587417), (-0.0046128747, 0.0026660115, 0.0014988175), (-0.0043216194, 0.0026660115, 0.0022019981), (-0.00392396, 0.0026660264, 0.0028509093), (-0.0034296631, 0.0026660264, 0.0034296582), (-0.0028508944, 0.0026660264, 0.0039239703), (-0.0022019804, 0.0026660264, 0.004321637), (-0.0014988349, 0.0026660264, 0.0046128766), (-0.00075870915, 0.0026660264, 0.004790566), (6.29698e-9, 0.0026660264, 0.0048502875), (0.00075871847, 0.0026660115, 0.004790568), (0.001498807, 0.0026660115, 0.004612889), (0.0022019944, 0.0026660115, 0.004321617), (0.002850933, 0.0026660115, 0.0039239554), (0.003429667, 0.0026660115, 0.0034296603), (0.003923947, 0.0026660264, 0.00285095), (0.00432161, 0.0026660264, 0.0022019946), (0.011191917, 0.0025898516, 0.0057025854), (0.01194622, 0.0025898516, 0.0038815634), (0.0124063445, 0.0025898516, 0.0019650036), (0.012560985, 0.0025898516, -1.2027972e-7), (0.0046128915, 0.0026660264, 0.0014988059), (0.0047905496, 0.0026660264, 0.0007588178), (0.00485025, 0.0026660264, -1.7448748e-7), (-0.05445001, 0.0043032467, -1.772492e-9), (-0.0534551, 0.0026564598, -0.008466461), (-0.051472545, 0.0026564598, -0.016724447), (-0.05253092, 0.0012603998, -0.008320083), (-0.05114777, 0.00032757223, -0.008101015), (-0.05318572, 0.0012603998, -1.7750608e-9), (-0.05178532, 0.00032757223, -1.7779075e-9), (-0.05412143, 0.0026564598, -1.7731594e-9), (-0.05253092, 0.0012603998, 0.008320079), (-0.05114777, 0.00032757223, 0.00810101), (-0.0534551, 0.0026564598, 0.008466458), (-0.050582618, 0.0012603998, 0.01643529), (-0.04925077, 0.00032757223, 0.016002547), (-0.051472545, 0.0026564598, 0.016724441), (-0.04738883, 0.0012603998, 0.02414581), (-0.04614107, 0.00032757223, 0.023510052), (-0.04822255, 0.0026564598, 0.024570618), (-0.043028153, 0.0012603998, 0.03126178), (-0.04189522, 0.00032757223, 0.030438656), (-0.043785147, 0.0026564598, 0.031811778), (-0.03760798, 0.0012603998, 0.037607986), (-0.03661776, 0.00032757223, 0.036617763), (-0.038269628, 0.0026564598, 0.038269628), (-0.031261776, 0.0012603998, 0.043028153), (-0.030438652, 0.00032757223, 0.04189522), (-0.031811774, 0.0026564598, 0.04378515), (-0.024145808, 0.0012603998, 0.04738884), (-0.02351005, 0.00032757223, 0.04614108), (-0.02457061, 0.0026564598, 0.04822256), (-0.016435288, 0.0012603998, 0.05058263), (-0.016002543, 0.00032757223, 0.049250774), (-0.016724437, 0.0026564598, 0.05147255), (-0.008320075, 0.0012603998, 0.052530926), (-0.008101008, 0.00032757223, 0.051147774), (-0.008466454, 0.0026564598, 0.053455103), (3.8545966e-9, 0.0012603998, 0.053185727), (3.8517527e-9, 0.00032757223, 0.051785335), (3.8571653e-9, 0.0043032467, 0.054450024), (3.856498e-9, 0.0026564598, 0.054121446), (0.008320083, 0.0012603998, 0.052530926), (0.008101015, 0.00032757223, 0.051147774), (0.008466462, 0.0026564598, 0.053455103), (0.016435293, 0.0012603998, 0.05058263), (0.016002549, 0.00032757223, 0.049250774), (0.016724445, 0.0026564598, 0.05147255), (0.024145812, 0.0012603998, 0.04738884), (0.023510056, 0.00032757223, 0.04614108), (0.02457062, 0.0026564598, 0.04822256), (0.031261783, 0.0012603998, 0.043028165), (0.030438658, 0.00032757223, 0.041895226), (0.03181178, 0.0026564598, 0.043785162), (0.03760799, 0.0012603998, 0.03760799), (0.036617763, 0.00032757223, 0.036617767), (0.03826963, 0.0026564598, 0.03826963), (0.043028157, 0.0012603998, 0.031261783), (0.041895222, 0.00032757223, 0.030438662), (0.04378515, 0.0026564598, 0.03181178), (0.04738883, 0.0012603998, 0.024145816), (0.04614107, 0.00032757223, 0.023510057), (0.04822255, 0.0026564598, 0.024570618), (0.050582618, 0.0012603998, 0.016435295), (0.04925077, 0.00032757223, 0.01600255), (0.051472545, 0.0026564598, 0.016724445), (0.05253091, 0.0012603998, 0.008320085), (0.051147766, 0.00032757223, 0.008101016), (0.053455096, 0.0026564598, 0.008466464), (0.05318572, 0.0012603998, 4.4116084e-9), (0.05178532, 0.00032757223, 1.3755942e-9), (0.05445001, 0.0043032467, 7.152557e-9), (0.05412143, 0.0026564598, 6.440208e-9), (0.047679774, 0, -0.015492077), (0.049516268, 0, -0.007842592), (0.044669274, 0, -0.02276011), (0.040558856, 0, -0.029467698), (0.03544974, 0, -0.035449706), (0.029467737, 0, -0.040558822), (0.022760147, 0, -0.044669244), (0.015492117, 0, -0.04767975), (0.0078426255, 0, -0.04951625), (2.1716037e-8, 0, -0.050133474), (-0.007842581, 0, -0.04951625), (-0.015492071, 0, -0.047679756), (-0.0227601, 0, -0.044669256), (-0.029467694, 0, -0.040558834), (-0.035449695, 0, -0.035449713), (-0.04055882, 0, -0.029467713), (-0.044669237, 0, -0.022760123), (-0.04767974, 0, -0.015492095), (-0.049516223, 0, -0.007842606), (-0.050133456, 0, -1.7812629e-9), (-0.049516223, 0, 0.0078426), (-0.04767974, 0, 0.015492088), (-0.04466924, 0, 0.022760117), (-0.040558822, 0, 0.029467706), (-0.035449706, 0, 0.035449706), (-0.029467702, 0, 0.040558822), (-0.022760114, 0, 0.044669244), (-0.015492086, 0, 0.04767975), (-0.007842598, 0, 0.049516227), (3.8483945e-9, 0, 0.050133474), (0.007842604, 0, 0.049516227), (0.015492092, 0, 0.04767975), (0.02276012, 0, 0.044669244), (0.029467707, 0, 0.040558834), (0.035449706, 0, 0.03544971), (0.04055883, 0, 0.029467711), (0.04466924, 0, 0.022760121), (0.04767974, 0, 0.015492095), (0.04951622, 0, 0.007842606), (0.05013346, 0, -2.2056292e-9), (0.036617763, 0.00032757223, 0.036617767), (0.030438658, 0.00032757223, 0.041895226), (0.023510056, 0.00032757223, 0.04614108), (0.016002549, 0.00032757223, 0.049250774), (0.008101015, 0.00032757223, 0.051147774), (3.8517527e-9, 0.00032757223, 0.051785335), (-0.008101008, 0.00032757223, 0.051147774), (-0.016002543, 0.00032757223, 0.049250774), (-0.02351005, 0.00032757223, 0.04614108), (-0.030438652, 0.00032757223, 0.04189522), (-0.03661776, 0.00032757223, 0.036617763), (-0.04189522, 0.00032757223, 0.030438656), (-0.04614107, 0.00032757223, 0.023510052), (-0.04925077, 0.00032757223, 0.016002547), (-0.05114777, 0.00032757223, 0.00810101), (-0.05178532, 0.00032757223, -1.7779075e-9), (-0.05114777, 0.00032757223, -0.008101015), (-0.04925077, 0.00032757223, -0.016002554), (-0.046141066, 0.00032757223, -0.02351006), (-0.04189521, 0.00032757223, -0.030438662), (-0.036617752, 0.00032757223, -0.03661777), (-0.030438645, 0.00032757223, -0.041895226), (-0.023510035, 0.00032757223, -0.04614108), (-0.01600253, 0.00032757223, -0.04925078), (-0.00810099, 0.00032757223, -0.051147785), (2.171268e-8, 0.00032757223, -0.051785335), (0.008101035, 0.00032757223, -0.051147785), (0.016002577, 0.00032757223, -0.049250774), (0.023510084, 0.00032757223, -0.04614108), (0.030438682, 0.00032757223, -0.04189522), (0.036617793, 0.00032757223, -0.03661776), (0.04189525, 0.00032757223, -0.030438649), (0.046141103, 0.00032757223, -0.023510043), (0.0492508, 0.00032757223, -0.016002534), (0.051147804, 0.00032757223, -0.008101), (0.05178532, 0.00032757223, 1.3755942e-9), (0.051147766, 0.00032757223, 0.008101016), (0.04925077, 0.00032757223, 0.01600255), (0.04614107, 0.00032757223, 0.023510057), (0.041895222, 0.00032757223, 0.030438662), (-0.02338787, 0.080169514, 0.048939265), (-0.02212023, 0.0792, 0.048529766), (-0.023195304, 0.0788888, 0.04808154), (-0.024482774, 0.07986594, 0.04846442), (-0.02398233, 0.0780386, 0.04775344), (-0.025284369, 0.07903592, 0.04811679), (-0.02652326, 0.08017018, 0.047457892), (-0.025546543, 0.080819905, 0.048008688), (-0.0469687, 0.08017018, 0.027243642), (-0.047989514, 0.021098055, 0.0255778), (-0.047988772, 0.077902794, 0.025579026), (-0.047634616, 0.07687602, 0.02427105), (-0.047754746, 0.07803801, 0.023982825), (-0.048116073, 0.079036355, 0.025285501), (-0.048463877, 0.07986605, 0.02448354), (-0.048082918, 0.07888865, 0.02319535), (-0.048531197, 0.0792, 0.022119628), (-0.04763336, 0.022122778, 0.024270406), (-0.04495158, 0.02212397, 0.022903975), (-0.044952787, 0.07687576, 0.022904593), (-0.043640893, 0.07764967, 0.023105472), (-0.043670915, 0.021240026, 0.023266727), (-0.045071788, 0.020961992, 0.022615781), (-0.043790817, 0.020043872, 0.022990743), (-0.04540022, 0.020111352, 0.021828447), (-0.044117097, 0.019166961, 0.022229956), (-0.04456226, 0.018844426, 0.02118837), (-0.045848917, 0.0198, 0.02075294), (-0.04852976, 0.0198, 0.022120232), (-0.048081532, 0.020111203, 0.023195306), (-0.04846441, 0.01913406, 0.024482781), (-0.047753427, 0.020961396, 0.023982331), (-0.048116777, 0.01996407, 0.02528437), (-0.04775319, 0.018829808, 0.026041118), (-0.048012964, 0.018182851, 0.02553954), (-0.04893925, 0.080169514, -0.023387877), (-0.04852975, 0.0792, -0.022120237), (-0.048081525, 0.0788888, -0.023195311), (-0.04846441, 0.07986594, -0.024482781), (-0.047753423, 0.0780386, -0.023982337), (-0.048116777, 0.07903592, -0.025284372), (-0.04775236, 0.08017018, -0.026042739), (-0.048008673, 0.080819905, -0.02554655), (0.023387903, 0.080169514, -0.048939254), (0.024482805, 0.07986594, -0.04846442), (0.025284396, 0.07903592, -0.04811679), (0.026523292, 0.08017018, -0.047457892), (0.025546573, 0.080819905, -0.04800868), (0.046968725, 0.08017018, -0.027243633), (0.047989555, 0.021098062, -0.025577791), (0.047988806, 0.077902794, -0.025579015), (0.04763465, 0.07687602, -0.024271041), (0.04775478, 0.07803801, -0.023982815), (0.048116107, 0.079036355, -0.025285492), (0.04846391, 0.07986605, -0.02448353), (0.04808295, 0.07888865, -0.02319534), (0.04853123, 0.0792, -0.022119619), (0.047633395, 0.022122778, -0.024270395), (0.044951618, 0.022122324, -0.022903964), (0.044952825, 0.076878294, -0.022904582), (0.04386185, 0.07780134, -0.023447335), (0.0438615, 0.021148726, -0.023523586), (0.04507174, 0.020961158, -0.02261598), (0.043974902, 0.019984707, -0.023234883), (0.04428465, 0.019132905, -0.022443278), (0.045399953, 0.020111136, -0.021829206), (0.044707455, 0.018822342, -0.021361625), (0.045848317, 0.0198, -0.020754457), (0.048529793, 0.0198, -0.022120222), (0.048081566, 0.020111203, -0.023195297), (0.04846445, 0.01913406, -0.024482772), (0.04775346, 0.020961396, -0.023982322), (0.048116818, 0.01996407, -0.025284361), (0.04775323, 0.018829808, -0.02604111), (0.048012994, 0.018182851, -0.025539529), (-0.045849938, 0.0792, 0.020753162), (-0.04454656, 0.08005144, 0.02104028), (-0.045401387, 0.07888861, 0.021828882), (-0.04507299, 0.07803788, 0.022616366), (-0.044091795, 0.07971601, 0.022073755), (-0.043761156, 0.07883904, 0.02282768), (0.020749476, 0.0792, 0.045851476), (0.02113001, 0.08014169, 0.04460182), (0.021827046, 0.07888808, 0.04540216), (0.022615876, 0.07803588, 0.045073222), (0.022150325, 0.079808086, 0.044170044), (0.022898242, 0.07890482, 0.043855906), (0.04584899, 0.0792, -0.020755503), (0.044695076, 0.0801834, -0.021332825), (0.045400932, 0.078888945, -0.021830047), (0.045072902, 0.07803914, -0.02261667), (0.04427854, 0.07986623, -0.0223887), (0.043973513, 0.0789942, -0.02316279), (0.020892495, 0.08020812, -0.044667833), (0.021881755, 0.079833, -0.044242162), (0.022605048, 0.07881502, -0.043930367), (-0.023013126, 0.020034626, -0.043791473), (-0.02225081, 0.01916013, -0.044119842), (0.043977045, 0.020109989, 0.023127314), (0.025547823, 0.0808199, 0.048007898), (0.026524562, 0.08017018, 0.047457103), (-0.048007887, 0.0808199, 0.025547821), (-0.04775155, 0.08017018, 0.026044045), (-0.025547804, 0.0808199, -0.048007898), (-0.026524544, 0.08017018, -0.047457103), (0.04800792, 0.0808199, -0.025547812), (0.047457125, 0.08017018, -0.026524551), (0.04801219, 0.018182874, 0.025540812), (0.04775238, 0.018829748, 0.026042437)]
        texCoord2f[] primvars:st = [(0.5620501, 0.2904305), (0.54500353, 0.6640593), (0.54500365, 0.2904305), (0.5620501, 0.2904305), (0.5620501, 0.6640593), (0.54500353, 0.6640593), (0.57909656, 0.2904305), (0.5620501, 0.6640593), (0.5620501, 0.2904305), (0.57909656, 0.2904305), (0.57909644, 0.6640594), (0.5620501, 0.6640593), (0.5961429, 0.2904305), (0.57909644, 0.6640594), (0.57909656, 0.2904305), (0.5961429, 0.2904305), (0.59614277, 0.6640593), (0.57909644, 0.6640594), (0.61318946, 0.2904305), (0.59614277, 0.6640593), (0.5961429, 0.2904305), (0.61318946, 0.2904305), (0.61318946, 0.6640593), (0.59614277, 0.6640593), (0.63023585, 0.2904305), (0.61318946, 0.6640593), (0.61318946, 0.2904305), (0.63023585, 0.2904305), (0.63023585, 0.6640594), (0.61318946, 0.6640593), (0.6472824, 0.2904305), (0.63023585, 0.6640594), (0.63023585, 0.2904305), (0.6472824, 0.2904305), (0.6472824, 0.6640594), (0.63023585, 0.6640594), (0.6643288, 0.2904305), (0.6472824, 0.6640594), (0.6472824, 0.2904305), (0.6643288, 0.2904305), (0.6643288, 0.6640593), (0.6472824, 0.6640594), (0.6813753, 0.2904305), (0.6643288, 0.6640593), (0.6643288, 0.2904305), (0.6813753, 0.2904305), (0.6813753, 0.6640594), (0.6643288, 0.6640593), (0.6984218, 0.2904305), (0.6813753, 0.6640594), (0.6813753, 0.2904305), (0.6984218, 0.2904305), (0.6984218, 0.6640594), (0.6813753, 0.6640594), (0.57909644, 0.6640594), (0.59614277, 0.6640593), (0.59614277, 0.6727259), (0.57909644, 0.6640594), (0.59614277, 0.6727259), (0.57909644, 0.67272604), (0.5620501, 0.6640593), (0.57909644, 0.6640594), (0.57909644, 0.67272604), (0.5620501, 0.6640593), (0.57909644, 0.67272604), (0.5620501, 0.67272604), (0.54500353, 0.6640593), (0.5620501, 0.6640593), (0.5620501, 0.67272604), (0.54500353, 0.6640593), (0.5620501, 0.67272604), (0.54500353, 0.6727258), (0.54500353, 0.6727258), (0.52795696, 0.6640594), (0.54500353, 0.6640593), (0.54500365, 0.2904305), (0.54500353, 0.6640593), (0.52795696, 0.6640594), (0.54500365, 0.2904305), (0.52795696, 0.6640594), (0.5279573, 0.2904305), (0.5279573, 0.2904305), (0.52795696, 0.6640594), (0.5109105, 0.6640594), (0.5279573, 0.2904305), (0.5109105, 0.6640594), (0.5109107, 0.2904305), (0.5109107, 0.2904305), (0.5109105, 0.6640594), (0.49386424, 0.6640594), (0.5109107, 0.2904305), (0.49386424, 0.6640594), (0.49386424, 0.2904305), (0.49386424, 0.2904305), (0.49386424, 0.6640594), (0.47681773, 0.6640594), (0.49386424, 0.2904305), (0.47681773, 0.6640594), (0.47681773, 0.2904305), (0.47681773, 0.2904305), (0.47681773, 0.6640594), (0.45977122, 0.6640594), (0.47681773, 0.2904305), (0.45977122, 0.6640594), (0.45977122, 0.2904305), (0.45977122, 0.2904305), (0.45977122, 0.6640594), (0.44272476, 0.6640594), (0.45977122, 0.2904305), (0.44272476, 0.6640594), (0.44272488, 0.2904305), (0.44272488, 0.2904305), (0.44272476, 0.6640594), (0.42567825, 0.6640593), (0.44272488, 0.2904305), (0.42567825, 0.6640593), (0.42567837, 0.2904305), (0.42567837, 0.2904305), (0.42567825, 0.6640593), (0.40863192, 0.6640594), (0.42567837, 0.2904305), (0.40863192, 0.6640594), (0.40863192, 0.2904305), (0.40863192, 0.2904305), (0.40863192, 0.6640594), (0.39158535, 0.6640594), (0.40863192, 0.2904305), (0.39158535, 0.6640594), (0.39158535, 0.2904305), (0.39158535, 0.2904305), (0.39158535, 0.6640594), (0.3745389, 0.6640594), (0.39158535, 0.2904305), (0.3745389, 0.6640594), (0.3745389, 0.2904305), (0.3745389, 0.2904305), (0.3745389, 0.6640594), (0.3574925, 0.6640594), (0.3745389, 0.2904305), (0.3574925, 0.6640594), (0.3574925, 0.2904305), (0.3574925, 0.2904305), (0.3574925, 0.6640594), (0.340446, 0.6640593), (0.3574925, 0.2904305), (0.340446, 0.6640593), (0.340446, 0.2904305), (0.340446, 0.2904305), (0.340446, 0.6640593), (0.32339954, 0.6640593), (0.340446, 0.2904305), (0.32339954, 0.6640593), (0.32339954, 0.2904305), (0.32339954, 0.2904305), (0.32339954, 0.6640593), (0.30635297, 0.6640593), (0.32339954, 0.2904305), (0.30635297, 0.6640593), (0.30635297, 0.2904305), (0.30635297, 0.2904305), (0.30635297, 0.6640593), (0.28930658, 0.6640594), (0.30635297, 0.2904305), (0.28930658, 0.6640594), (0.28930652, 0.2904305), (0.28930652, 0.2904305), (0.28930658, 0.6640594), (0.27226016, 0.6640594), (0.28930652, 0.2904305), (0.27226016, 0.6640594), (0.27226004, 0.2904305), (0.27226004, 0.2904305), (0.27226016, 0.6640594), (0.2552138, 0.6640594), (0.27226004, 0.2904305), (0.2552138, 0.6640594), (0.25521374, 0.2904305), (0.25521374, 0.2904305), (0.2552138, 0.6640594), (0.23816726, 0.6640594), (0.25521374, 0.2904305), (0.23816726, 0.6640594), (0.23816714, 0.2904305), (0.23816714, 0.2904305), (0.23816726, 0.6640594), (0.2211207, 0.6640594), (0.23816714, 0.2904305), (0.2211207, 0.6640594), (0.2211207, 0.2904305), (0.2211207, 0.2904305), (0.2211207, 0.6640594), (0.20407428, 0.6640593), (0.2211207, 0.2904305), (0.20407428, 0.6640593), (0.20407422, 0.2904305), (0.20407422, 0.2904305), (0.20407428, 0.6640593), (0.18702783, 0.6640594), (0.20407422, 0.2904305), (0.18702783, 0.6640594), (0.18702771, 0.2904305), (0.18702771, 0.2904305), (0.18702783, 0.6640594), (0.16998133, 0.6640594), (0.18702771, 0.2904305), (0.16998133, 0.6640594), (0.16998121, 0.2904305), (0.16998121, 0.2904305), (0.16998133, 0.6640594), (0.15293488, 0.6640593), (0.16998121, 0.2904305), (0.15293488, 0.6640593), (0.15293482, 0.2904305), (0.15293482, 0.2904305), (0.15293488, 0.6640593), (0.1358884, 0.6640593), (0.15293482, 0.2904305), (0.1358884, 0.6640593), (0.13588834, 0.2904305), (0.13588834, 0.2904305), (0.1358884, 0.6640593), (0.11884187, 0.6640593), (0.13588834, 0.2904305), (0.11884187, 0.6640593), (0.11884193, 0.2904305), (0.11884193, 0.2904305), (0.11884187, 0.6640593), (0.10179542, 0.6640593), (0.11884193, 0.2904305), (0.10179542, 0.6640593), (0.1017953, 0.2904305), (0.1017953, 0.2904305), (0.10179542, 0.6640593), (0.08474885, 0.6640594), (0.1017953, 0.2904305), (0.08474885, 0.6640594), (0.08474885, 0.2904305), (0.08474885, 0.2904305), (0.08474885, 0.6640594), (0.06770246, 0.6640593), (0.08474885, 0.2904305), (0.06770246, 0.6640593), (0.06770246, 0.2904305), (0.06770246, 0.2904305), (0.06770246, 0.6640593), (0.050655887, 0.6640593), (0.06770246, 0.2904305), (0.050655887, 0.6640593), (0.050655887, 0.2904305), (0.050655887, 0.2904305), (0.050655887, 0.6640593), (0.033609606, 0.6640593), (0.050655887, 0.2904305), (0.033609606, 0.6640593), (0.033609547, 0.2904305), (0.033609547, 0.2904305), (0.033609606, 0.6640593), (0.01656301, 0.6640594), (0.033609547, 0.2904305), (0.01656301, 0.6640594), (0.01656304, 0.2904305), (0.01656301, 0.6640594), (0.033609606, 0.6640593), (0.033609606, 0.67272604), (0.01656301, 0.6640594), (0.033609606, 0.67272604), (0.01656301, 0.67272604), (0.01656301, 0.67272604), (0.033609606, 0.67272604), (0.033609547, 0.6813324), (0.01656301, 0.67272604), (0.033609547, 0.6813324), (0.01656301, 0.6813324), (0.01656301, 0.6813324), (0.033609547, 0.6813324), (0.033609547, 0.6898193), (0.01656301, 0.6813324), (0.033609547, 0.6898193), (0.01656301, 0.6898193), (0.01656301, 0.6898193), (0.033609547, 0.6898193), (0.033609547, 0.6981281), (0.01656301, 0.6898193), (0.033609547, 0.6981281), (0.01656301, 0.6981281), (0.01656301, 0.6981281), (0.033609547, 0.6981281), (0.033609547, 0.70620096), (0.01656301, 0.6981281), (0.033609547, 0.70620096), (0.01656301, 0.7062011), (0.01656301, 0.7062011), (0.033609547, 0.70620096), (0.033609547, 0.7139821), (0.01656301, 0.7062011), (0.033609547, 0.7139821), (0.01656304, 0.7139822), (0.01656304, 0.7139822), (0.033609547, 0.7139821), (0.033609547, 0.72141695), (0.01656304, 0.7139822), (0.033609547, 0.72141695), (0.01656304, 0.72141707), (0.01656304, 0.72141707), (0.033609547, 0.72141695), (0.033609547, 0.7284533), (0.01656304, 0.72141707), (0.033609547, 0.7284533), (0.01656304, 0.7284534), (0.01656304, 0.7284534), (0.033609547, 0.7284533), (0.033609487, 0.7350418), (0.01656304, 0.7284534), (0.033609487, 0.7350418), (0.01656307, 0.7350418), (0.033609547, 0.7284533), (0.050656006, 0.7350418), (0.033609487, 0.7350418), (0.033609547, 0.7284533), (0.050656006, 0.72845316), (0.050656006, 0.7350418), (0.033609547, 0.72141695), (0.050656006, 0.72845316), (0.033609547, 0.7284533), (0.033609547, 0.72141695), (0.050655887, 0.72141683), (0.050656006, 0.72845316), (0.033609547, 0.7139821), (0.050655887, 0.72141683), (0.033609547, 0.72141695), (0.033609547, 0.7139821), (0.050655887, 0.7139821), (0.050655887, 0.72141683), (0.033609547, 0.70620096), (0.050655887, 0.7139821), (0.033609547, 0.7139821), (0.033609547, 0.70620096), (0.050655887, 0.70620096), (0.050655887, 0.7139821), (0.033609547, 0.6981281), (0.050655887, 0.70620096), (0.033609547, 0.70620096), (0.033609547, 0.6981281), (0.050655887, 0.698128), (0.050655887, 0.70620096), (0.033609547, 0.6898193), (0.050655887, 0.698128), (0.033609547, 0.6981281), (0.033609547, 0.6898193), (0.050655887, 0.6898193), (0.050655887, 0.698128), (0.033609547, 0.6813324), (0.050655887, 0.6898193), (0.033609547, 0.6898193), (0.033609547, 0.6813324), (0.050655887, 0.6813324), (0.050655887, 0.6898193), (0.033609606, 0.67272604), (0.050655887, 0.6813324), (0.033609547, 0.6813324), (0.033609606, 0.67272604), (0.050655887, 0.6727259), (0.050655887, 0.6813324), (0.033609606, 0.6640593), (0.050655887, 0.6727259), (0.033609606, 0.67272604), (0.033609606, 0.6640593), (0.050655887, 0.6640593), (0.050655887, 0.6727259), (0.050656006, 0.72845316), (0.06770246, 0.7350418), (0.050656006, 0.7350418), (0.050656006, 0.72845316), (0.06770246, 0.7284533), (0.06770246, 0.7350418), (0.050655887, 0.72141683), (0.06770246, 0.7284533), (0.050656006, 0.72845316), (0.050655887, 0.72141683), (0.06770246, 0.72141695), (0.06770246, 0.7284533), (0.050655887, 0.7139821), (0.06770246, 0.72141695), (0.050655887, 0.72141683), (0.050655887, 0.7139821), (0.06770246, 0.7139821), (0.06770246, 0.72141695), (0.050655887, 0.70620096), (0.06770246, 0.7139821), (0.050655887, 0.7139821), (0.050655887, 0.70620096), (0.06770246, 0.70620096), (0.06770246, 0.7139821), (0.050655887, 0.698128), (0.06770246, 0.70620096), (0.050655887, 0.70620096), (0.050655887, 0.698128), (0.06770246, 0.6981281), (0.06770246, 0.70620096), (0.050655887, 0.6898193), (0.06770246, 0.6981281), (0.050655887, 0.698128), (0.050655887, 0.6898193), (0.06770246, 0.6898193), (0.06770246, 0.6981281), (0.050655887, 0.6813324), (0.06770246, 0.6898193), (0.050655887, 0.6898193), (0.050655887, 0.6813324), (0.06770246, 0.6813324), (0.06770246, 0.6898193), (0.050655887, 0.6727259), (0.06770246, 0.6813324), (0.050655887, 0.6813324), (0.050655887, 0.6727259), (0.06770246, 0.67272604), (0.06770246, 0.6813324), (0.050655887, 0.6640593), (0.06770246, 0.67272604), (0.050655887, 0.6727259), (0.050655887, 0.6640593), (0.06770246, 0.6640593), (0.06770246, 0.67272604), (0.06770246, 0.7284533), (0.08474885, 0.7350418), (0.06770246, 0.7350418), (0.06770246, 0.7284533), (0.08474885, 0.7284533), (0.08474885, 0.7350418), (0.06770246, 0.72141695), (0.08474885, 0.7284533), (0.06770246, 0.7284533), (0.06770246, 0.72141695), (0.08474885, 0.72141707), (0.08474885, 0.7284533), (0.06770246, 0.7139821), (0.08474885, 0.72141707), (0.06770246, 0.72141695), (0.06770246, 0.7139821), (0.08474885, 0.7139822), (0.08474885, 0.72141707), (0.06770246, 0.70620096), (0.08474885, 0.7139822), (0.06770246, 0.7139821), (0.06770246, 0.70620096), (0.08474885, 0.70620096), (0.08474885, 0.7139822), (0.06770246, 0.6981281), (0.08474885, 0.70620096), (0.06770246, 0.70620096), (0.06770246, 0.6981281), (0.08474885, 0.6981281), (0.08474885, 0.70620096), (0.06770246, 0.6898193), (0.08474885, 0.6981281), (0.06770246, 0.6981281), (0.06770246, 0.6898193), (0.08474885, 0.6898193), (0.08474885, 0.6981281), (0.06770246, 0.6813324), (0.08474885, 0.6898193), (0.06770246, 0.6898193), (0.06770246, 0.6813324), (0.08474885, 0.6813324), (0.08474885, 0.6898193), (0.06770246, 0.67272604), (0.08474885, 0.6813324), (0.06770246, 0.6813324), (0.06770246, 0.67272604), (0.08474885, 0.67272604), (0.08474885, 0.6813324), (0.06770246, 0.6640593), (0.08474885, 0.67272604), (0.06770246, 0.67272604), (0.06770246, 0.6640593), (0.08474885, 0.6640594), (0.08474885, 0.67272604), (0.08474885, 0.7284533), (0.10179506, 0.7350418), (0.08474885, 0.7350418), (0.08474885, 0.7284533), (0.10179518, 0.7284533), (0.10179506, 0.7350418), (0.08474885, 0.72141707), (0.10179518, 0.7284533), (0.08474885, 0.7284533), (0.08474885, 0.72141707), (0.10179524, 0.72141695), (0.10179518, 0.7284533), (0.08474885, 0.7139822), (0.10179524, 0.72141695), (0.08474885, 0.72141707), (0.08474885, 0.7139822), (0.1017953, 0.7139821), (0.10179524, 0.72141695), (0.08474885, 0.70620096), (0.1017953, 0.7139821), (0.08474885, 0.7139822), (0.08474885, 0.70620096), (0.1017953, 0.70620096), (0.1017953, 0.7139821), (0.08474885, 0.6981281), (0.1017953, 0.70620096), (0.08474885, 0.70620096), (0.08474885, 0.6981281), (0.1017953, 0.698128), (0.1017953, 0.70620096), (0.08474885, 0.6898193), (0.1017953, 0.698128), (0.08474885, 0.6981281), (0.08474885, 0.6898193), (0.1017953, 0.6898193), (0.1017953, 0.698128), (0.08474885, 0.6813324), (0.1017953, 0.6898193), (0.08474885, 0.6898193), (0.08474885, 0.6813324), (0.1017953, 0.6813324), (0.1017953, 0.6898193), (0.08474885, 0.67272604), (0.1017953, 0.6813324), (0.08474885, 0.6813324), (0.08474885, 0.67272604), (0.1017953, 0.6727259), (0.1017953, 0.6813324), (0.08474885, 0.6640594), (0.1017953, 0.6727259), (0.08474885, 0.67272604), (0.08474885, 0.6640594), (0.10179542, 0.6640593), (0.1017953, 0.6727259), (0.10179518, 0.7284533), (0.11884175, 0.7350417), (0.10179506, 0.7350418), (0.10179518, 0.7284533), (0.11884187, 0.72845316), (0.11884175, 0.7350417), (0.10179524, 0.72141695), (0.11884187, 0.72845316), (0.10179518, 0.7284533), (0.10179524, 0.72141695), (0.11884181, 0.72141683), (0.11884187, 0.72845316), (0.1017953, 0.7139821), (0.11884181, 0.72141683), (0.10179524, 0.72141695), (0.1017953, 0.7139821), (0.11884181, 0.7139821), (0.11884181, 0.72141683), (0.1017953, 0.70620096), (0.11884181, 0.7139821), (0.1017953, 0.7139821), (0.1017953, 0.70620096), (0.11884193, 0.70620096), (0.11884181, 0.7139821), (0.1017953, 0.698128), (0.11884193, 0.70620096), (0.1017953, 0.70620096), (0.1017953, 0.698128), (0.11884187, 0.698128), (0.11884193, 0.70620096), (0.1017953, 0.6898193), (0.11884187, 0.698128), (0.1017953, 0.698128), (0.1017953, 0.6898193), (0.11884187, 0.6898193), (0.11884187, 0.698128), (0.1017953, 0.6813324), (0.11884187, 0.6898193), (0.1017953, 0.6898193), (0.1017953, 0.6813324), (0.11884187, 0.6813324), (0.11884187, 0.6898193), (0.1017953, 0.6727259), (0.11884187, 0.6813324), (0.1017953, 0.6813324), (0.1017953, 0.6727259), (0.11884187, 0.6727259), (0.11884187, 0.6813324), (0.10179542, 0.6640593), (0.11884187, 0.6727259), (0.1017953, 0.6727259), (0.10179542, 0.6640593), (0.11884187, 0.6640593), (0.11884187, 0.6727259), (0.11884187, 0.72845316), (0.13588822, 0.7350418), (0.11884175, 0.7350417), (0.11884187, 0.72845316), (0.13588822, 0.7284533), (0.13588822, 0.7350418), (0.11884181, 0.72141683), (0.13588822, 0.7284533), (0.11884187, 0.72845316), (0.11884181, 0.72141683), (0.13588834, 0.72141695), (0.13588822, 0.7284533), (0.11884181, 0.7139821), (0.13588834, 0.72141695), (0.11884181, 0.72141683), (0.11884181, 0.7139821), (0.13588834, 0.7139821), (0.13588834, 0.72141695), (0.11884193, 0.70620096), (0.13588834, 0.7139821), (0.11884181, 0.7139821), (0.11884193, 0.70620096), (0.13588834, 0.70620096), (0.13588834, 0.7139821), (0.11884187, 0.698128), (0.13588834, 0.70620096), (0.11884193, 0.70620096), (0.11884187, 0.698128), (0.13588834, 0.6981281), (0.13588834, 0.70620096), (0.11884187, 0.6898193), (0.13588834, 0.6981281), (0.11884187, 0.698128), (0.11884187, 0.6898193), (0.1358884, 0.6898193), (0.13588834, 0.6981281), (0.11884187, 0.6813324), (0.1358884, 0.6898193), (0.11884187, 0.6898193), (0.11884187, 0.6813324), (0.1358884, 0.6813324), (0.1358884, 0.6898193), (0.11884187, 0.6727259), (0.1358884, 0.6813324), (0.11884187, 0.6813324), (0.11884187, 0.6727259), (0.1358884, 0.67272604), (0.1358884, 0.6813324), (0.11884187, 0.6640593), (0.1358884, 0.67272604), (0.11884187, 0.6727259), (0.11884187, 0.6640593), (0.1358884, 0.6640593), (0.1358884, 0.67272604), (0.13588822, 0.7284533), (0.15293482, 0.7350418), (0.13588822, 0.7350418), (0.13588822, 0.7284533), (0.15293476, 0.7284533), (0.15293482, 0.7350418), (0.13588834, 0.72141695), (0.15293476, 0.7284533), (0.13588822, 0.7284533), (0.13588834, 0.72141695), (0.15293482, 0.72141695), (0.15293476, 0.7284533), (0.13588834, 0.7139821), (0.15293482, 0.72141695), (0.13588834, 0.72141695), (0.13588834, 0.7139821), (0.15293488, 0.7139821), (0.15293482, 0.72141695), (0.13588834, 0.70620096), (0.15293488, 0.7139821), (0.13588834, 0.7139821), (0.13588834, 0.70620096), (0.15293488, 0.70620096), (0.15293488, 0.7139821), (0.13588834, 0.6981281), (0.15293488, 0.70620096), (0.13588834, 0.70620096), (0.13588834, 0.6981281), (0.15293488, 0.6981281), (0.15293488, 0.70620096), (0.1358884, 0.6898193), (0.15293488, 0.6981281), (0.13588834, 0.6981281), (0.1358884, 0.6898193), (0.15293488, 0.6898193), (0.15293488, 0.6981281), (0.1358884, 0.6813324), (0.15293488, 0.6898193), (0.1358884, 0.6898193), (0.1358884, 0.6813324), (0.15293488, 0.6813324), (0.15293488, 0.6898193), (0.1358884, 0.67272604), (0.15293488, 0.6813324), (0.1358884, 0.6813324), (0.1358884, 0.67272604), (0.15293488, 0.67272604), (0.15293488, 0.6813324), (0.1358884, 0.6640593), (0.15293488, 0.67272604), (0.1358884, 0.67272604), (0.1358884, 0.6640593), (0.15293488, 0.6640593), (0.15293488, 0.67272604), (0.15293476, 0.7284533), (0.16998145, 0.7350418), (0.15293482, 0.7350418), (0.15293476, 0.7284533), (0.16998133, 0.7284533), (0.16998145, 0.7350418), (0.15293482, 0.72141695), (0.16998133, 0.7284533), (0.15293476, 0.7284533), (0.15293482, 0.72141695), (0.16998133, 0.72141695), (0.16998133, 0.7284533), (0.15293488, 0.7139821), (0.16998133, 0.72141695), (0.15293482, 0.72141695), (0.15293488, 0.7139821), (0.16998133, 0.7139821), (0.16998133, 0.72141695), (0.15293488, 0.70620096), (0.16998133, 0.7139821), (0.15293488, 0.7139821), (0.15293488, 0.70620096), (0.16998133, 0.70620096), (0.16998133, 0.7139821), (0.15293488, 0.6981281), (0.16998133, 0.70620096), (0.15293488, 0.70620096), (0.15293488, 0.6981281), (0.16998133, 0.6981281), (0.16998133, 0.70620096), (0.15293488, 0.6898193), (0.16998133, 0.6981281), (0.15293488, 0.6981281), (0.15293488, 0.6898193), (0.16998133, 0.6898193), (0.16998133, 0.6981281), (0.15293488, 0.6813324), (0.16998133, 0.6898193), (0.15293488, 0.6898193), (0.15293488, 0.6813324), (0.16998133, 0.6813324), (0.16998133, 0.6898193), (0.15293488, 0.67272604), (0.16998133, 0.6813324), (0.15293488, 0.6813324), (0.15293488, 0.67272604), (0.16998133, 0.67272604), (0.16998133, 0.6813324), (0.15293488, 0.6640593), (0.16998133, 0.67272604), (0.15293488, 0.67272604), (0.15293488, 0.6640593), (0.16998133, 0.6640594), (0.16998133, 0.67272604), (0.16998133, 0.7284533), (0.18702783, 0.7350418), (0.16998145, 0.7350418), (0.16998133, 0.7284533), (0.18702783, 0.7284534), (0.18702783, 0.7350418), (0.16998133, 0.72141695), (0.18702783, 0.7284534), (0.16998133, 0.7284533), (0.16998133, 0.72141695), (0.18702783, 0.72141707), (0.18702783, 0.7284534), (0.16998133, 0.7139821), (0.18702783, 0.72141707), (0.16998133, 0.72141695), (0.16998133, 0.7139821), (0.18702783, 0.7139822), (0.18702783, 0.72141707), (0.16998133, 0.70620096), (0.18702783, 0.7139822), (0.16998133, 0.7139821), (0.16998133, 0.70620096), (0.18702783, 0.7062011), (0.18702783, 0.7139822), (0.16998133, 0.6981281), (0.18702783, 0.7062011), (0.16998133, 0.70620096), (0.16998133, 0.6981281), (0.18702783, 0.6981281), (0.18702783, 0.7062011), (0.16998133, 0.6898193), (0.18702783, 0.6981281), (0.16998133, 0.6981281), (0.16998133, 0.6898193), (0.18702783, 0.6898193), (0.18702783, 0.6981281), (0.16998133, 0.6813324), (0.18702783, 0.6898193), (0.16998133, 0.6898193), (0.16998133, 0.6813324), (0.18702783, 0.6813324), (0.18702783, 0.6898193), (0.16998133, 0.67272604), (0.18702783, 0.6813324), (0.16998133, 0.6813324), (0.16998133, 0.67272604), (0.18702783, 0.67272604), (0.18702783, 0.6813324), (0.16998133, 0.6640594), (0.18702783, 0.67272604), (0.16998133, 0.67272604), (0.16998133, 0.6640594), (0.18702783, 0.6640594), (0.18702783, 0.67272604), (0.18702783, 0.7284534), (0.20407428, 0.7350418), (0.18702783, 0.7350418), (0.18702783, 0.7284534), (0.20407428, 0.7284533), (0.20407428, 0.7350418), (0.18702783, 0.72141707), (0.20407428, 0.7284533), (0.18702783, 0.7284534), (0.18702783, 0.72141707), (0.20407428, 0.72141695), (0.20407428, 0.7284533), (0.18702783, 0.7139822), (0.20407428, 0.72141695), (0.18702783, 0.72141707), (0.18702783, 0.7139822), (0.20407428, 0.7139821), (0.20407428, 0.72141695), (0.18702783, 0.7062011), (0.20407428, 0.7139821), (0.18702783, 0.7139822), (0.18702783, 0.7062011), (0.20407428, 0.70620096), (0.20407428, 0.7139821), (0.18702783, 0.6981281), (0.20407428, 0.70620096), (0.18702783, 0.7062011), (0.18702783, 0.6981281), (0.20407428, 0.6981281), (0.20407428, 0.70620096), (0.18702783, 0.6898193), (0.20407428, 0.6981281), (0.18702783, 0.6981281), (0.18702783, 0.6898193), (0.20407428, 0.6898193), (0.20407428, 0.6981281), (0.18702783, 0.6813324), (0.20407428, 0.6898193), (0.18702783, 0.6898193), (0.18702783, 0.6813324), (0.20407428, 0.6813324), (0.20407428, 0.6898193), (0.18702783, 0.67272604), (0.20407428, 0.6813324), (0.18702783, 0.6813324), (0.18702783, 0.67272604), (0.20407428, 0.67272604), (0.20407428, 0.6813324), (0.18702783, 0.6640594), (0.20407428, 0.67272604), (0.18702783, 0.67272604), (0.18702783, 0.6640594), (0.20407428, 0.6640593), (0.20407428, 0.67272604), (0.20407428, 0.7284533), (0.22112076, 0.7350418), (0.20407428, 0.7350418), (0.20407428, 0.7284533), (0.22112076, 0.7284533), (0.22112076, 0.7350418), (0.20407428, 0.72141695), (0.22112076, 0.7284533), (0.20407428, 0.7284533), (0.20407428, 0.72141695), (0.2211207, 0.72141695), (0.22112076, 0.7284533), (0.20407428, 0.7139821), (0.2211207, 0.72141695), (0.20407428, 0.72141695), (0.20407428, 0.7139821), (0.2211207, 0.7139821), (0.2211207, 0.72141695), (0.20407428, 0.70620096), (0.2211207, 0.7139821), (0.20407428, 0.7139821), (0.20407428, 0.70620096), (0.2211207, 0.70620096), (0.2211207, 0.7139821), (0.20407428, 0.6981281), (0.2211207, 0.70620096), (0.20407428, 0.70620096), (0.20407428, 0.6981281), (0.2211207, 0.6981281), (0.2211207, 0.70620096), (0.20407428, 0.6898193), (0.2211207, 0.6981281), (0.20407428, 0.6981281), (0.20407428, 0.6898193), (0.2211207, 0.6898193), (0.2211207, 0.6981281), (0.20407428, 0.6813324), (0.2211207, 0.6898193), (0.20407428, 0.6898193), (0.20407428, 0.6813324), (0.2211207, 0.6813324), (0.2211207, 0.6898193), (0.20407428, 0.67272604), (0.2211207, 0.6813324), (0.20407428, 0.6813324), (0.20407428, 0.67272604), (0.2211207, 0.67272604), (0.2211207, 0.6813324), (0.20407428, 0.6640593), (0.2211207, 0.67272604), (0.20407428, 0.67272604), (0.20407428, 0.6640593), (0.2211207, 0.6640594), (0.2211207, 0.67272604), (0.22112076, 0.7284533), (0.2381669, 0.7350418), (0.22112076, 0.7350418), (0.22112076, 0.7284533), (0.23816702, 0.7284534), (0.2381669, 0.7350418), (0.2211207, 0.72141695), (0.23816702, 0.7284534), (0.22112076, 0.7284533), (0.2211207, 0.72141695), (0.23816702, 0.72141707), (0.23816702, 0.7284534), (0.2211207, 0.7139821), (0.23816702, 0.72141707), (0.2211207, 0.72141695), (0.2211207, 0.7139821), (0.23816714, 0.7139822), (0.23816702, 0.72141707), (0.2211207, 0.70620096), (0.23816714, 0.7139822), (0.2211207, 0.7139821), (0.2211207, 0.70620096), (0.23816714, 0.7062011), (0.23816714, 0.7139822), (0.2211207, 0.6981281), (0.23816714, 0.7062011), (0.2211207, 0.70620096), (0.2211207, 0.6981281), (0.2381672, 0.6981281), (0.23816714, 0.7062011), (0.2211207, 0.6898193), (0.2381672, 0.6981281), (0.2211207, 0.6981281), (0.2211207, 0.6898193), (0.2381672, 0.6898193), (0.2381672, 0.6981281), (0.2211207, 0.6813324), (0.2381672, 0.6898193), (0.2211207, 0.6898193), (0.2211207, 0.6813324), (0.2381672, 0.6813324), (0.2381672, 0.6898193), (0.2211207, 0.67272604), (0.2381672, 0.6813324), (0.2211207, 0.6813324), (0.2211207, 0.67272604), (0.2381672, 0.67272604), (0.2381672, 0.6813324), (0.2211207, 0.6640594), (0.2381672, 0.67272604), (0.2211207, 0.67272604), (0.2211207, 0.6640594), (0.23816726, 0.6640594), (0.2381672, 0.67272604), (0.23816702, 0.7284534), (0.25521356, 0.7350419), (0.2381669, 0.7350418), (0.23816702, 0.7284534), (0.25521362, 0.7284535), (0.25521356, 0.7350419), (0.23816702, 0.72141707), (0.25521362, 0.7284535), (0.23816702, 0.7284534), (0.23816702, 0.72141707), (0.25521374, 0.72141707), (0.25521362, 0.7284535), (0.23816714, 0.7139822), (0.25521374, 0.72141707), (0.23816702, 0.72141707), (0.23816714, 0.7139822), (0.25521374, 0.7139822), (0.25521374, 0.72141707), (0.23816714, 0.7062011), (0.25521374, 0.7139822), (0.23816714, 0.7139822), (0.23816714, 0.7062011), (0.25521374, 0.7062011), (0.25521374, 0.7139822), (0.2381672, 0.6981281), (0.25521374, 0.7062011), (0.23816714, 0.7062011), (0.2381672, 0.6981281), (0.25521374, 0.6981281), (0.25521374, 0.7062011), (0.2381672, 0.6898193), (0.25521374, 0.6981281), (0.2381672, 0.6981281), (0.2381672, 0.6898193), (0.25521374, 0.6898193), (0.25521374, 0.6981281), (0.2381672, 0.6813324), (0.25521374, 0.6898193), (0.2381672, 0.6898193), (0.2381672, 0.6813324), (0.2552138, 0.6813324), (0.25521374, 0.6898193), (0.2381672, 0.67272604), (0.2552138, 0.6813324), (0.2381672, 0.6813324), (0.2381672, 0.67272604), (0.2552138, 0.67272604), (0.2552138, 0.6813324), (0.23816726, 0.6640594), (0.2552138, 0.67272604), (0.2381672, 0.67272604), (0.23816726, 0.6640594), (0.2552138, 0.6640594), (0.2552138, 0.67272604), (0.25521362, 0.7284535), (0.27226016, 0.7350419), (0.25521356, 0.7350419), (0.25521362, 0.7284535), (0.27226016, 0.7284535), (0.27226016, 0.7350419), (0.25521374, 0.72141707), (0.27226016, 0.7284535), (0.25521362, 0.7284535), (0.25521374, 0.72141707), (0.27226016, 0.72141707), (0.27226016, 0.7284535), (0.25521374, 0.7139822), (0.27226016, 0.72141707), (0.25521374, 0.72141707), (0.25521374, 0.7139822), (0.27226016, 0.7139822), (0.27226016, 0.72141707), (0.25521374, 0.7062011), (0.27226016, 0.7139822), (0.25521374, 0.7139822), (0.25521374, 0.7062011), (0.27226016, 0.7062011), (0.27226016, 0.7139822), (0.25521374, 0.6981281), (0.27226016, 0.7062011), (0.25521374, 0.7062011), (0.25521374, 0.6981281), (0.27226016, 0.6981281), (0.27226016, 0.7062011), (0.25521374, 0.6898193), (0.27226016, 0.6981281), (0.25521374, 0.6981281), (0.25521374, 0.6898193), (0.27226016, 0.6898193), (0.27226016, 0.6981281), (0.2552138, 0.6813324), (0.27226016, 0.6898193), (0.25521374, 0.6898193), (0.2552138, 0.6813324), (0.27226016, 0.6813324), (0.27226016, 0.6898193), (0.2552138, 0.67272604), (0.27226016, 0.6813324), (0.2552138, 0.6813324), (0.2552138, 0.67272604), (0.27226016, 0.67272604), (0.27226016, 0.6813324), (0.2552138, 0.6640594), (0.27226016, 0.67272604), (0.2552138, 0.67272604), (0.2552138, 0.6640594), (0.27226016, 0.6640594), (0.27226016, 0.67272604), (0.27226016, 0.7284535), (0.28930652, 0.7350418), (0.27226016, 0.7350419), (0.27226016, 0.7284535), (0.28930646, 0.7284533), (0.28930652, 0.7350418), (0.27226016, 0.72141707), (0.28930646, 0.7284533), (0.27226016, 0.7284535), (0.27226016, 0.72141707), (0.28930652, 0.72141695), (0.28930646, 0.7284533), (0.27226016, 0.7139822), (0.28930652, 0.72141695), (0.27226016, 0.72141707), (0.27226016, 0.7139822), (0.28930658, 0.7139821), (0.28930652, 0.72141695), (0.27226016, 0.7062011), (0.28930658, 0.7139821), (0.27226016, 0.7139822), (0.27226016, 0.7062011), (0.28930664, 0.70620096), (0.28930658, 0.7139821), (0.27226016, 0.6981281), (0.28930664, 0.70620096), (0.27226016, 0.7062011), (0.27226016, 0.6981281), (0.28930664, 0.6981281), (0.28930664, 0.70620096), (0.27226016, 0.6898193), (0.28930664, 0.6981281), (0.27226016, 0.6981281), (0.27226016, 0.6898193), (0.28930664, 0.6898193), (0.28930664, 0.6981281), (0.27226016, 0.6813324), (0.28930664, 0.6898193), (0.27226016, 0.6898193), (0.27226016, 0.6813324), (0.28930658, 0.6813324), (0.28930664, 0.6898193), (0.27226016, 0.67272604), (0.28930658, 0.6813324), (0.27226016, 0.6813324), (0.27226016, 0.67272604), (0.28930664, 0.67272604), (0.28930658, 0.6813324), (0.27226016, 0.6640594), (0.28930664, 0.67272604), (0.27226016, 0.67272604), (0.27226016, 0.6640594), (0.28930658, 0.6640594), (0.28930664, 0.67272604), (0.28930646, 0.7284533), (0.30635303, 0.7350418), (0.28930652, 0.7350418), (0.28930646, 0.7284533), (0.30635297, 0.72845316), (0.30635303, 0.7350418), (0.28930652, 0.72141695), (0.30635297, 0.72845316), (0.28930646, 0.7284533), (0.28930652, 0.72141695), (0.30635303, 0.72141683), (0.30635297, 0.72845316), (0.28930658, 0.7139821), (0.30635303, 0.72141683), (0.28930652, 0.72141695), (0.28930658, 0.7139821), (0.30635303, 0.7139821), (0.30635303, 0.72141683), (0.28930664, 0.70620096), (0.30635303, 0.7139821), (0.28930658, 0.7139821), (0.28930664, 0.70620096), (0.30635297, 0.70620096), (0.30635303, 0.7139821), (0.28930664, 0.6981281), (0.30635297, 0.70620096), (0.28930664, 0.70620096), (0.28930664, 0.6981281), (0.30635297, 0.698128), (0.30635297, 0.70620096), (0.28930664, 0.6898193), (0.30635297, 0.698128), (0.28930664, 0.6981281), (0.28930664, 0.6898193), (0.30635297, 0.6898193), (0.30635297, 0.698128), (0.28930658, 0.6813324), (0.30635297, 0.6898193), (0.28930664, 0.6898193), (0.28930658, 0.6813324), (0.30635297, 0.6813324), (0.30635297, 0.6898193), (0.28930664, 0.67272604), (0.30635297, 0.6813324), (0.28930658, 0.6813324), (0.28930664, 0.67272604), (0.30635297, 0.6727259), (0.30635297, 0.6813324), (0.28930658, 0.6640594), (0.30635297, 0.6727259), (0.28930664, 0.67272604), (0.28930658, 0.6640594), (0.30635297, 0.6640593), (0.30635297, 0.6727259), (0.30635297, 0.72845316), (0.32339966, 0.7350418), (0.30635303, 0.7350418), (0.30635297, 0.72845316), (0.3233996, 0.7284533), (0.32339966, 0.7350418), (0.30635303, 0.72141683), (0.3233996, 0.7284533), (0.30635297, 0.72845316), (0.30635303, 0.72141683), (0.3233996, 0.72141695), (0.3233996, 0.7284533), (0.30635303, 0.7139821), (0.3233996, 0.72141695), (0.30635303, 0.72141683), (0.30635303, 0.7139821), (0.3233996, 0.7139821), (0.3233996, 0.72141695), (0.30635297, 0.70620096), (0.3233996, 0.7139821), (0.30635303, 0.7139821), (0.30635297, 0.70620096), (0.3233996, 0.70620096), (0.3233996, 0.7139821), (0.30635297, 0.698128), (0.3233996, 0.70620096), (0.30635297, 0.70620096), (0.30635297, 0.698128), (0.32339954, 0.698128), (0.3233996, 0.70620096), (0.30635297, 0.6898193), (0.32339954, 0.698128), (0.30635297, 0.698128), (0.30635297, 0.6898193), (0.32339954, 0.6898193), (0.32339954, 0.698128), (0.30635297, 0.6813324), (0.32339954, 0.6898193), (0.30635297, 0.6898193), (0.30635297, 0.6813324), (0.32339954, 0.6813324), (0.32339954, 0.6898193), (0.30635297, 0.6727259), (0.32339954, 0.6813324), (0.30635297, 0.6813324), (0.30635297, 0.6727259), (0.32339954, 0.6727259), (0.32339954, 0.6813324), (0.30635297, 0.6640593), (0.32339954, 0.6727259), (0.30635297, 0.6727259), (0.30635297, 0.6640593), (0.32339954, 0.6640593), (0.32339954, 0.6727259), (0.3233996, 0.7284533), (0.34044617, 0.7350418), (0.32339966, 0.7350418), (0.3233996, 0.7284533), (0.34044617, 0.7284533), (0.34044617, 0.7350418), (0.3233996, 0.72141695), (0.34044617, 0.7284533), (0.3233996, 0.7284533), (0.3233996, 0.72141695), (0.34044605, 0.72141695), (0.34044617, 0.7284533), (0.3233996, 0.7139821), (0.34044605, 0.72141695), (0.3233996, 0.72141695), (0.3233996, 0.7139821), (0.34044605, 0.7139821), (0.34044605, 0.72141695), (0.3233996, 0.70620096), (0.34044605, 0.7139821), (0.3233996, 0.7139821), (0.3233996, 0.70620096), (0.34044605, 0.70620096), (0.34044605, 0.7139821), (0.32339954, 0.698128), (0.34044605, 0.70620096), (0.3233996, 0.70620096), (0.32339954, 0.698128), (0.34044605, 0.6981281), (0.34044605, 0.70620096), (0.32339954, 0.6898193), (0.34044605, 0.6981281), (0.32339954, 0.698128), (0.32339954, 0.6898193), (0.34044605, 0.6898193), (0.34044605, 0.6981281), (0.32339954, 0.6813324), (0.34044605, 0.6898193), (0.32339954, 0.6898193), (0.32339954, 0.6813324), (0.34044605, 0.6813324), (0.34044605, 0.6898193), (0.32339954, 0.6727259), (0.34044605, 0.6813324), (0.32339954, 0.6813324), (0.32339954, 0.6727259), (0.34044605, 0.67272604), (0.34044605, 0.6813324), (0.32339954, 0.6640593), (0.34044605, 0.67272604), (0.32339954, 0.6727259), (0.32339954, 0.6640593), (0.340446, 0.6640593), (0.34044605, 0.67272604), (0.34044617, 0.7284533), (0.3574925, 0.7350418), (0.34044617, 0.7350418), (0.34044617, 0.7284533), (0.3574925, 0.7284534), (0.3574925, 0.7350418), (0.34044605, 0.72141695), (0.3574925, 0.7284534), (0.34044617, 0.7284533), (0.34044605, 0.72141695), (0.3574925, 0.72141707), (0.3574925, 0.7284534), (0.34044605, 0.7139821), (0.3574925, 0.72141707), (0.34044605, 0.72141695), (0.34044605, 0.7139821), (0.3574925, 0.7139822), (0.3574925, 0.72141707), (0.34044605, 0.70620096), (0.3574925, 0.7139822), (0.34044605, 0.7139821), (0.34044605, 0.70620096), (0.3574925, 0.7062011), (0.3574925, 0.7139822), (0.34044605, 0.6981281), (0.3574925, 0.7062011), (0.34044605, 0.70620096), (0.34044605, 0.6981281), (0.3574925, 0.6981281), (0.3574925, 0.7062011), (0.34044605, 0.6898193), (0.3574925, 0.6981281), (0.34044605, 0.6981281), (0.34044605, 0.6898193), (0.3574925, 0.6898193), (0.3574925, 0.6981281), (0.34044605, 0.6813324), (0.3574925, 0.6898193), (0.34044605, 0.6898193), (0.34044605, 0.6813324), (0.3574925, 0.6813324), (0.3574925, 0.6898193), (0.34044605, 0.67272604), (0.3574925, 0.6813324), (0.34044605, 0.6813324), (0.34044605, 0.67272604), (0.3574925, 0.67272604), (0.3574925, 0.6813324), (0.340446, 0.6640593), (0.3574925, 0.67272604), (0.34044605, 0.67272604), (0.340446, 0.6640593), (0.3574925, 0.6640594), (0.3574925, 0.67272604), (0.3574925, 0.7284534), (0.3745389, 0.7350418), (0.3574925, 0.7350418), (0.3574925, 0.7284534), (0.3745389, 0.7284534), (0.3745389, 0.7350418), (0.3574925, 0.72141707), (0.3745389, 0.7284534), (0.3574925, 0.7284534), (0.3574925, 0.72141707), (0.3745389, 0.72141707), (0.3745389, 0.7284534), (0.3574925, 0.7139822), (0.3745389, 0.72141707), (0.3574925, 0.72141707), (0.3574925, 0.7139822), (0.3745389, 0.7139822), (0.3745389, 0.72141707), (0.3574925, 0.7062011), (0.3745389, 0.7139822), (0.3574925, 0.7139822), (0.3574925, 0.7062011), (0.3745389, 0.7062011), (0.3745389, 0.7139822), (0.3574925, 0.6981281), (0.3745389, 0.7062011), (0.3574925, 0.7062011), (0.3574925, 0.6981281), (0.3745389, 0.6981281), (0.3745389, 0.7062011), (0.3574925, 0.6898193), (0.3745389, 0.6981281), (0.3574925, 0.6981281), (0.3574925, 0.6898193), (0.3745389, 0.6898193), (0.3745389, 0.6981281), (0.3574925, 0.6813324), (0.3745389, 0.6898193), (0.3574925, 0.6898193), (0.3574925, 0.6813324), (0.3745389, 0.6813324), (0.3745389, 0.6898193), (0.3574925, 0.67272604), (0.3745389, 0.6813324), (0.3574925, 0.6813324), (0.3574925, 0.67272604), (0.3745389, 0.67272604), (0.3745389, 0.6813324), (0.3574925, 0.6640594), (0.3745389, 0.67272604), (0.3574925, 0.67272604), (0.3574925, 0.6640594), (0.3745389, 0.6640594), (0.3745389, 0.67272604), (0.3745389, 0.7284534), (0.39158523, 0.7350418), (0.3745389, 0.7350418), (0.3745389, 0.7284534), (0.39158523, 0.7284534), (0.39158523, 0.7350418), (0.3745389, 0.72141707), (0.39158523, 0.7284534), (0.3745389, 0.7284534), (0.3745389, 0.72141707), (0.39158523, 0.72141707), (0.39158523, 0.7284534), (0.3745389, 0.7139822), (0.39158523, 0.72141707), (0.3745389, 0.72141707), (0.3745389, 0.7139822), (0.39158523, 0.7139822), (0.39158523, 0.72141707), (0.3745389, 0.7062011), (0.39158523, 0.7139822), (0.3745389, 0.7139822), (0.3745389, 0.7062011), (0.39158523, 0.7062011), (0.39158523, 0.7139822), (0.3745389, 0.6981281), (0.39158523, 0.7062011), (0.3745389, 0.7062011), (0.3745389, 0.6981281), (0.39158523, 0.6981281), (0.39158523, 0.7062011), (0.3745389, 0.6898193), (0.39158523, 0.6981281), (0.3745389, 0.6981281), (0.3745389, 0.6898193), (0.39158535, 0.6898193), (0.39158523, 0.6981281), (0.3745389, 0.6813324), (0.39158535, 0.6898193), (0.3745389, 0.6898193), (0.3745389, 0.6813324), (0.39158535, 0.6813324), (0.39158535, 0.6898193), (0.3745389, 0.67272604), (0.39158535, 0.6813324), (0.3745389, 0.6813324), (0.3745389, 0.67272604), (0.39158535, 0.67272604), (0.39158535, 0.6813324), (0.3745389, 0.6640594), (0.39158535, 0.67272604), (0.3745389, 0.67272604), (0.3745389, 0.6640594), (0.39158535, 0.6640594), (0.39158535, 0.67272604), (0.39158523, 0.7284534), (0.40863168, 0.7350418), (0.39158523, 0.7350418), (0.39158523, 0.7284534), (0.40863168, 0.7284533), (0.40863168, 0.7350418), (0.39158523, 0.72141707), (0.40863168, 0.7284533), (0.39158523, 0.7284534), (0.39158523, 0.72141707), (0.40863168, 0.72141695), (0.40863168, 0.7284533), (0.39158523, 0.7139822), (0.40863168, 0.72141695), (0.39158523, 0.72141707), (0.39158523, 0.7139822), (0.4086318, 0.7139821), (0.40863168, 0.72141695), (0.39158523, 0.7062011), (0.4086318, 0.7139821), (0.39158523, 0.7139822), (0.39158523, 0.7062011), (0.4086318, 0.70620096), (0.4086318, 0.7139821), (0.39158523, 0.6981281), (0.4086318, 0.70620096), (0.39158523, 0.7062011), (0.39158523, 0.6981281), (0.40863192, 0.6981281), (0.4086318, 0.70620096), (0.39158535, 0.6898193), (0.40863192, 0.6981281), (0.39158523, 0.6981281), (0.39158535, 0.6898193), (0.40863192, 0.6898193), (0.40863192, 0.6981281), (0.39158535, 0.6813324), (0.40863192, 0.6898193), (0.39158535, 0.6898193), (0.39158535, 0.6813324), (0.40863192, 0.6813324), (0.40863192, 0.6898193), (0.39158535, 0.67272604), (0.40863192, 0.6813324), (0.39158535, 0.6813324), (0.39158535, 0.67272604), (0.40863192, 0.67272604), (0.40863192, 0.6813324), (0.39158535, 0.6640594), (0.40863192, 0.67272604), (0.39158535, 0.67272604), (0.39158535, 0.6640594), (0.40863192, 0.6640594), (0.40863192, 0.67272604), (0.40863168, 0.7284533), (0.42567843, 0.7350418), (0.40863168, 0.7350418), (0.40863168, 0.7284533), (0.42567837, 0.7284533), (0.42567843, 0.7350418), (0.40863168, 0.72141695), (0.42567837, 0.7284533), (0.40863168, 0.7284533), (0.40863168, 0.72141695), (0.42567837, 0.72141695), (0.42567837, 0.7284533), (0.4086318, 0.7139821), (0.42567837, 0.72141695), (0.40863168, 0.72141695), (0.4086318, 0.7139821), (0.42567837, 0.7139821), (0.42567837, 0.72141695), (0.4086318, 0.70620096), (0.42567837, 0.7139821), (0.4086318, 0.7139821), (0.4086318, 0.70620096), (0.42567837, 0.70620096), (0.42567837, 0.7139821), (0.40863192, 0.6981281), (0.42567837, 0.70620096), (0.4086318, 0.70620096), (0.40863192, 0.6981281), (0.42567837, 0.698128), (0.42567837, 0.70620096), (0.40863192, 0.6898193), (0.42567837, 0.698128), (0.40863192, 0.6981281), (0.40863192, 0.6898193), (0.42567825, 0.6898193), (0.42567837, 0.698128), (0.40863192, 0.6813324), (0.42567825, 0.6898193), (0.40863192, 0.6898193), (0.40863192, 0.6813324), (0.42567825, 0.6813324), (0.42567825, 0.6898193), (0.40863192, 0.67272604), (0.42567825, 0.6813324), (0.40863192, 0.6813324), (0.40863192, 0.67272604), (0.42567825, 0.6727259), (0.42567825, 0.6813324), (0.40863192, 0.6640594), (0.42567825, 0.6727259), (0.40863192, 0.67272604), (0.40863192, 0.6640594), (0.42567825, 0.6640593), (0.42567825, 0.6727259), (0.42567837, 0.7284533), (0.44272488, 0.7350418), (0.42567843, 0.7350418), (0.42567837, 0.7284533), (0.44272488, 0.7284533), (0.44272488, 0.7350418), (0.42567837, 0.72141695), (0.44272488, 0.7284533), (0.42567837, 0.7284533), (0.42567837, 0.72141695), (0.44272488, 0.72141707), (0.44272488, 0.7284533), (0.42567837, 0.7139821), (0.44272488, 0.72141707), (0.42567837, 0.72141695), (0.42567837, 0.7139821), (0.44272488, 0.7139822), (0.44272488, 0.72141707), (0.42567837, 0.70620096), (0.44272488, 0.7139822), (0.42567837, 0.7139821), (0.42567837, 0.70620096), (0.44272488, 0.70620096), (0.44272488, 0.7139822), (0.42567837, 0.698128), (0.44272488, 0.70620096), (0.42567837, 0.70620096), (0.42567837, 0.698128), (0.44272488, 0.6981281), (0.44272488, 0.70620096), (0.42567825, 0.6898193), (0.44272488, 0.6981281), (0.42567837, 0.698128), (0.42567825, 0.6898193), (0.44272488, 0.6898193), (0.44272488, 0.6981281), (0.42567825, 0.6813324), (0.44272488, 0.6898193), (0.42567825, 0.6898193), (0.42567825, 0.6813324), (0.44272476, 0.6813324), (0.44272488, 0.6898193), (0.42567825, 0.6727259), (0.44272476, 0.6813324), (0.42567825, 0.6813324), (0.42567825, 0.6727259), (0.44272476, 0.67272604), (0.44272476, 0.6813324), (0.42567825, 0.6640593), (0.44272476, 0.67272604), (0.42567825, 0.6727259), (0.42567825, 0.6640593), (0.44272476, 0.6640594), (0.44272476, 0.67272604), (0.44272488, 0.7284533), (0.4597711, 0.7350418), (0.44272488, 0.7350418), (0.44272488, 0.7284533), (0.45977122, 0.7284533), (0.4597711, 0.7350418), (0.44272488, 0.72141707), (0.45977122, 0.7284533), (0.44272488, 0.7284533), (0.44272488, 0.72141707), (0.45977122, 0.72141707), (0.45977122, 0.7284533), (0.44272488, 0.7139822), (0.45977122, 0.72141707), (0.44272488, 0.72141707), (0.44272488, 0.7139822), (0.45977122, 0.7139822), (0.45977122, 0.72141707), (0.44272488, 0.70620096), (0.45977122, 0.7139822), (0.44272488, 0.7139822), (0.44272488, 0.70620096), (0.45977122, 0.70620096), (0.45977122, 0.7139822), (0.44272488, 0.6981281), (0.45977122, 0.70620096), (0.44272488, 0.70620096), (0.44272488, 0.6981281), (0.45977122, 0.6981281), (0.45977122, 0.70620096), (0.44272488, 0.6898193), (0.45977122, 0.6981281), (0.44272488, 0.6981281), (0.44272488, 0.6898193), (0.45977122, 0.6898193), (0.45977122, 0.6981281), (0.44272476, 0.6813324), (0.45977122, 0.6898193), (0.44272488, 0.6898193), (0.44272476, 0.6813324), (0.45977122, 0.6813324), (0.45977122, 0.6898193), (0.44272476, 0.67272604), (0.45977122, 0.6813324), (0.44272476, 0.6813324), (0.44272476, 0.67272604), (0.45977122, 0.67272604), (0.45977122, 0.6813324), (0.44272476, 0.6640594), (0.45977122, 0.67272604), (0.44272476, 0.67272604), (0.44272476, 0.6640594), (0.45977122, 0.6640594), (0.45977122, 0.67272604), (0.45977122, 0.7284533), (0.47681785, 0.7350418), (0.4597711, 0.7350418), (0.45977122, 0.7284533), (0.47681773, 0.7284533), (0.47681785, 0.7350418), (0.45977122, 0.72141707), (0.47681773, 0.7284533), (0.45977122, 0.7284533), (0.45977122, 0.72141707), (0.47681773, 0.72141695), (0.47681773, 0.7284533), (0.45977122, 0.7139822), (0.47681773, 0.72141695), (0.45977122, 0.72141707), (0.45977122, 0.7139822), (0.47681773, 0.7139821), (0.47681773, 0.72141695), (0.45977122, 0.70620096), (0.47681773, 0.7139821), (0.45977122, 0.7139822), (0.45977122, 0.70620096), (0.47681773, 0.70620096), (0.47681773, 0.7139821), (0.45977122, 0.6981281), (0.47681773, 0.70620096), (0.45977122, 0.70620096), (0.45977122, 0.6981281), (0.47681773, 0.6981281), (0.47681773, 0.70620096), (0.45977122, 0.6898193), (0.47681773, 0.6981281), (0.45977122, 0.6981281), (0.45977122, 0.6898193), (0.47681773, 0.6898193), (0.47681773, 0.6981281), (0.45977122, 0.6813324), (0.47681773, 0.6898193), (0.45977122, 0.6898193), (0.45977122, 0.6813324), (0.47681773, 0.6813324), (0.47681773, 0.6898193), (0.45977122, 0.67272604), (0.47681773, 0.6813324), (0.45977122, 0.6813324), (0.45977122, 0.67272604), (0.47681773, 0.67272604), (0.47681773, 0.6813324), (0.45977122, 0.6640594), (0.47681773, 0.67272604), (0.45977122, 0.67272604), (0.45977122, 0.6640594), (0.47681773, 0.6640594), (0.47681773, 0.67272604), (0.47681773, 0.7284533), (0.49386418, 0.7350418), (0.47681785, 0.7350418), (0.47681773, 0.7284533), (0.49386418, 0.7284533), (0.49386418, 0.7350418), (0.47681773, 0.72141695), (0.49386418, 0.7284533), (0.47681773, 0.7284533), (0.47681773, 0.72141695), (0.49386424, 0.72141695), (0.49386418, 0.7284533), (0.47681773, 0.7139821), (0.49386424, 0.72141695), (0.47681773, 0.72141695), (0.47681773, 0.7139821), (0.49386424, 0.7139821), (0.49386424, 0.72141695), (0.47681773, 0.70620096), (0.49386424, 0.7139821), (0.47681773, 0.7139821), (0.47681773, 0.70620096), (0.49386424, 0.70620096), (0.49386424, 0.7139821), (0.47681773, 0.6981281), (0.49386424, 0.70620096), (0.47681773, 0.70620096), (0.47681773, 0.6981281), (0.49386424, 0.6981281), (0.49386424, 0.70620096), (0.47681773, 0.6898193), (0.49386424, 0.6981281), (0.47681773, 0.6981281), (0.47681773, 0.6898193), (0.49386424, 0.6898193), (0.49386424, 0.6981281), (0.47681773, 0.6813324), (0.49386424, 0.6898193), (0.47681773, 0.6898193), (0.47681773, 0.6813324), (0.49386424, 0.6813324), (0.49386424, 0.6898193), (0.47681773, 0.67272604), (0.49386424, 0.6813324), (0.47681773, 0.6813324), (0.47681773, 0.67272604), (0.49386424, 0.67272604), (0.49386424, 0.6813324), (0.47681773, 0.6640594), (0.49386424, 0.67272604), (0.47681773, 0.67272604), (0.47681773, 0.6640594), (0.49386424, 0.6640594), (0.49386424, 0.67272604), (0.49386418, 0.7284533), (0.5109105, 0.7350418), (0.49386418, 0.7350418), (0.49386418, 0.7284533), (0.5109105, 0.7284534), (0.5109105, 0.7350418), (0.49386424, 0.72141695), (0.5109105, 0.7284534), (0.49386418, 0.7284533), (0.49386424, 0.72141695), (0.5109105, 0.72141707), (0.5109105, 0.7284534), (0.49386424, 0.7139821), (0.5109105, 0.72141707), (0.49386424, 0.72141695), (0.49386424, 0.7139821), (0.5109105, 0.7139822), (0.5109105, 0.72141707), (0.49386424, 0.70620096), (0.5109105, 0.7139822), (0.49386424, 0.7139821), (0.49386424, 0.70620096), (0.5109105, 0.7062011), (0.5109105, 0.7139822), (0.49386424, 0.6981281), (0.5109105, 0.7062011), (0.49386424, 0.70620096), (0.49386424, 0.6981281), (0.5109105, 0.6981281), (0.5109105, 0.7062011), (0.49386424, 0.6898193), (0.5109105, 0.6981281), (0.49386424, 0.6981281), (0.49386424, 0.6898193), (0.5109105, 0.6898193), (0.5109105, 0.6981281), (0.49386424, 0.6813324), (0.5109105, 0.6898193), (0.49386424, 0.6898193), (0.49386424, 0.6813324), (0.5109105, 0.6813324), (0.5109105, 0.6898193), (0.49386424, 0.67272604), (0.5109105, 0.6813324), (0.49386424, 0.6813324), (0.49386424, 0.67272604), (0.5109105, 0.67272604), (0.5109105, 0.6813324), (0.49386424, 0.6640594), (0.5109105, 0.67272604), (0.49386424, 0.67272604), (0.49386424, 0.6640594), (0.5109105, 0.6640594), (0.5109105, 0.67272604), (0.5109105, 0.7284534), (0.5279567, 0.7350423), (0.5109105, 0.7350418), (0.5109105, 0.7284534), (0.5279567, 0.7284535), (0.5279567, 0.7350423), (0.5109105, 0.72141707), (0.5279567, 0.7284535), (0.5109105, 0.7284534), (0.5450041, 0.73504156), (0.5279567, 0.7350423), (0.5279567, 0.7284535), (0.5450041, 0.73504156), (0.5279567, 0.7284535), (0.545004, 0.7284529), (0.545004, 0.7284529), (0.5279567, 0.7284535), (0.52795696, 0.7214172), (0.5109105, 0.72141707), (0.52795696, 0.7214172), (0.5279567, 0.7284535), (0.5109105, 0.7139822), (0.52795696, 0.7214172), (0.5109105, 0.72141707), (0.545004, 0.7284529), (0.52795696, 0.7214172), (0.5450039, 0.7214167), (0.5450039, 0.7214167), (0.52795696, 0.7214172), (0.52795696, 0.71398234), (0.5109105, 0.7139822), (0.52795696, 0.71398234), (0.52795696, 0.7214172), (0.5109105, 0.7062011), (0.52795696, 0.71398234), (0.5109105, 0.7139822), (0.5450039, 0.7214167), (0.52795696, 0.71398234), (0.5450038, 0.713982), (0.5450038, 0.713982), (0.52795696, 0.71398234), (0.52795696, 0.7062012), (0.5109105, 0.7062011), (0.52795696, 0.7062012), (0.52795696, 0.71398234), (0.5109105, 0.6981281), (0.52795696, 0.7062012), (0.5109105, 0.7062011), (0.5450038, 0.713982), (0.52795696, 0.7062012), (0.54500365, 0.70620084), (0.54500365, 0.70620084), (0.52795696, 0.7062012), (0.52795696, 0.6981281), (0.5109105, 0.6981281), (0.52795696, 0.6981281), (0.52795696, 0.7062012), (0.5109105, 0.6898193), (0.52795696, 0.6981281), (0.5109105, 0.6981281), (0.54500365, 0.70620084), (0.52795696, 0.6981281), (0.54500365, 0.69812787), (0.54500365, 0.69812787), (0.52795696, 0.6981281), (0.52795696, 0.6898194), (0.54500365, 0.69812787), (0.52795696, 0.6898194), (0.54500353, 0.6898193), (0.54500353, 0.6898193), (0.52795696, 0.6898194), (0.52795696, 0.6813325), (0.54500353, 0.6898193), (0.52795696, 0.6813325), (0.54500353, 0.6813322), (0.54500353, 0.6813322), (0.52795696, 0.6813325), (0.52795696, 0.67272604), (0.54500353, 0.6813322), (0.52795696, 0.67272604), (0.54500353, 0.6727258), (0.54500353, 0.6727258), (0.52795696, 0.67272604), (0.52795696, 0.6640594), (0.5450039, 0.7214167), (0.5620501, 0.7284533), (0.545004, 0.7284529), (0.5450039, 0.7214167), (0.5620501, 0.72141695), (0.5620501, 0.7284533), (0.5450038, 0.713982), (0.5620501, 0.72141695), (0.5450039, 0.7214167), (0.5450038, 0.713982), (0.5620501, 0.7139821), (0.5620501, 0.72141695), (0.54500365, 0.70620084), (0.5620501, 0.7139821), (0.5450038, 0.713982), (0.54500365, 0.70620084), (0.5620501, 0.70620096), (0.5620501, 0.7139821), (0.54500365, 0.69812787), (0.5620501, 0.70620096), (0.54500365, 0.70620084), (0.54500365, 0.69812787), (0.5620501, 0.6981281), (0.5620501, 0.70620096), (0.54500353, 0.6898193), (0.5620501, 0.6981281), (0.54500365, 0.69812787), (0.54500353, 0.6898193), (0.5620501, 0.6898193), (0.5620501, 0.6981281), (0.54500353, 0.6813322), (0.5620501, 0.6898193), (0.54500353, 0.6898193), (0.54500353, 0.6813322), (0.5620501, 0.6813324), (0.5620501, 0.6898193), (0.54500353, 0.6727258), (0.5620501, 0.6813324), (0.54500353, 0.6813322), (0.54500353, 0.6727258), (0.5620501, 0.67272604), (0.5620501, 0.6813324), (0.5620501, 0.72141695), (0.57909656, 0.7284533), (0.5620501, 0.7284533), (0.5620501, 0.7284533), (0.57909656, 0.7284533), (0.5790967, 0.7350418), (0.5620501, 0.7284533), (0.5790967, 0.7350418), (0.5620501, 0.7350418), (0.545004, 0.7284529), (0.5620501, 0.7284533), (0.5620501, 0.7350418), (0.545004, 0.7284529), (0.5620501, 0.7350418), (0.5450041, 0.73504156), (0.5620501, 0.72141695), (0.57909656, 0.72141695), (0.57909656, 0.7284533), (0.5620501, 0.7139821), (0.57909656, 0.72141695), (0.5620501, 0.72141695), (0.5620501, 0.7139821), (0.57909656, 0.7139821), (0.57909656, 0.72141695), (0.5620501, 0.70620096), (0.57909656, 0.7139821), (0.5620501, 0.7139821), (0.5620501, 0.70620096), (0.57909656, 0.70620096), (0.57909656, 0.7139821), (0.5620501, 0.6981281), (0.57909656, 0.70620096), (0.5620501, 0.70620096), (0.5620501, 0.6981281), (0.57909656, 0.6981281), (0.57909656, 0.70620096), (0.5620501, 0.6898193), (0.57909656, 0.6981281), (0.5620501, 0.6981281), (0.5620501, 0.6898193), (0.57909644, 0.6898193), (0.57909656, 0.6981281), (0.5620501, 0.6813324), (0.57909644, 0.6898193), (0.5620501, 0.6898193), (0.5620501, 0.6813324), (0.57909644, 0.6813324), (0.57909644, 0.6898193), (0.5620501, 0.67272604), (0.57909644, 0.6813324), (0.5620501, 0.6813324), (0.5620501, 0.67272604), (0.57909644, 0.67272604), (0.57909644, 0.6813324), (0.57909656, 0.7284533), (0.5961429, 0.7350418), (0.5790967, 0.7350418), (0.57909656, 0.7284533), (0.5961429, 0.7284533), (0.5961429, 0.7350418), (0.57909656, 0.72141695), (0.5961429, 0.7284533), (0.57909656, 0.7284533), (0.57909656, 0.72141695), (0.5961429, 0.72141695), (0.5961429, 0.7284533), (0.57909656, 0.7139821), (0.5961429, 0.72141695), (0.57909656, 0.72141695), (0.57909656, 0.7139821), (0.5961429, 0.7139821), (0.5961429, 0.72141695), (0.57909656, 0.70620096), (0.5961429, 0.7139821), (0.57909656, 0.7139821), (0.57909656, 0.70620096), (0.5961429, 0.70620096), (0.5961429, 0.7139821), (0.57909656, 0.6981281), (0.5961429, 0.70620096), (0.57909656, 0.70620096), (0.57909656, 0.6981281), (0.5961429, 0.698128), (0.5961429, 0.70620096), (0.57909644, 0.6898193), (0.5961429, 0.698128), (0.57909656, 0.6981281), (0.57909644, 0.6898193), (0.59614277, 0.6898193), (0.5961429, 0.698128), (0.57909644, 0.6813324), (0.59614277, 0.6898193), (0.57909644, 0.6898193), (0.57909644, 0.6813324), (0.59614277, 0.6813324), (0.59614277, 0.6898193), (0.57909644, 0.67272604), (0.59614277, 0.6813324), (0.57909644, 0.6813324), (0.57909644, 0.67272604), (0.59614277, 0.6727259), (0.59614277, 0.6813324), (0.5961429, 0.7284533), (0.6131896, 0.7350418), (0.5961429, 0.7350418), (0.5961429, 0.7284533), (0.6131896, 0.72845316), (0.6131896, 0.7350418), (0.5961429, 0.72141695), (0.6131896, 0.72845316), (0.5961429, 0.7284533), (0.5961429, 0.72141695), (0.61318946, 0.72141683), (0.6131896, 0.72845316), (0.5961429, 0.7139821), (0.61318946, 0.72141683), (0.5961429, 0.72141695), (0.5961429, 0.7139821), (0.61318946, 0.7139821), (0.61318946, 0.72141683), (0.5961429, 0.70620096), (0.61318946, 0.7139821), (0.5961429, 0.7139821), (0.5961429, 0.70620096), (0.61318946, 0.70620096), (0.61318946, 0.7139821), (0.5961429, 0.698128), (0.61318946, 0.70620096), (0.5961429, 0.70620096), (0.5961429, 0.698128), (0.61318946, 0.698128), (0.61318946, 0.70620096), (0.59614277, 0.6898193), (0.61318946, 0.698128), (0.5961429, 0.698128), (0.59614277, 0.6898193), (0.61318946, 0.6898193), (0.61318946, 0.698128), (0.59614277, 0.6813324), (0.61318946, 0.6898193), (0.59614277, 0.6898193), (0.59614277, 0.6813324), (0.61318946, 0.6813324), (0.61318946, 0.6898193), (0.59614277, 0.6727259), (0.61318946, 0.6813324), (0.59614277, 0.6813324), (0.59614277, 0.6727259), (0.61318946, 0.6727259), (0.61318946, 0.6813324), (0.59614277, 0.6640593), (0.61318946, 0.6727259), (0.59614277, 0.6727259), (0.59614277, 0.6640593), (0.61318946, 0.6640593), (0.61318946, 0.6727259), (0.6131896, 0.72845316), (0.63023573, 0.7350418), (0.6131896, 0.7350418), (0.6131896, 0.72845316), (0.63023573, 0.7284533), (0.63023573, 0.7350418), (0.61318946, 0.72141683), (0.63023573, 0.7284533), (0.6131896, 0.72845316), (0.61318946, 0.72141683), (0.63023573, 0.72141695), (0.63023573, 0.7284533), (0.61318946, 0.7139821), (0.63023573, 0.72141695), (0.61318946, 0.72141683), (0.61318946, 0.7139821), (0.63023573, 0.7139821), (0.63023573, 0.72141695), (0.61318946, 0.70620096), (0.63023573, 0.7139821), (0.61318946, 0.7139821), (0.61318946, 0.70620096), (0.63023573, 0.70620096), (0.63023573, 0.7139821), (0.61318946, 0.698128), (0.63023573, 0.70620096), (0.61318946, 0.70620096), (0.61318946, 0.698128), (0.63023585, 0.6981281), (0.63023573, 0.70620096), (0.61318946, 0.6898193), (0.63023585, 0.6981281), (0.61318946, 0.698128), (0.61318946, 0.6898193), (0.63023585, 0.6898193), (0.63023585, 0.6981281), (0.61318946, 0.6813324), (0.63023585, 0.6898193), (0.61318946, 0.6898193), (0.61318946, 0.6813324), (0.63023585, 0.6813324), (0.63023585, 0.6898193), (0.61318946, 0.6727259), (0.63023585, 0.6813324), (0.61318946, 0.6813324), (0.61318946, 0.6727259), (0.63023585, 0.67272604), (0.63023585, 0.6813324), (0.61318946, 0.6640593), (0.63023585, 0.67272604), (0.61318946, 0.6727259), (0.61318946, 0.6640593), (0.63023585, 0.6640594), (0.63023585, 0.67272604), (0.63023573, 0.7284533), (0.6472824, 0.7350418), (0.63023573, 0.7350418), (0.63023573, 0.7284533), (0.6472824, 0.7284533), (0.6472824, 0.7350418), (0.63023573, 0.72141695), (0.6472824, 0.7284533), (0.63023573, 0.7284533), (0.63023573, 0.72141695), (0.6472824, 0.72141707), (0.6472824, 0.7284533), (0.63023573, 0.7139821), (0.6472824, 0.72141707), (0.63023573, 0.72141695), (0.63023573, 0.7139821), (0.6472824, 0.7139822), (0.6472824, 0.72141707), (0.63023573, 0.70620096), (0.6472824, 0.7139822), (0.63023573, 0.7139821), (0.63023573, 0.70620096), (0.6472824, 0.70620096), (0.6472824, 0.7139822), (0.63023585, 0.6981281), (0.6472824, 0.70620096), (0.63023573, 0.70620096), (0.63023585, 0.6981281), (0.6472824, 0.6981281), (0.6472824, 0.70620096), (0.63023585, 0.6898193), (0.6472824, 0.6981281), (0.63023585, 0.6981281), (0.63023585, 0.6898193), (0.6472824, 0.6898193), (0.6472824, 0.6981281), (0.63023585, 0.6813324), (0.6472824, 0.6898193), (0.63023585, 0.6898193), (0.63023585, 0.6813324), (0.6472824, 0.6813324), (0.6472824, 0.6898193), (0.63023585, 0.67272604), (0.6472824, 0.6813324), (0.63023585, 0.6813324), (0.63023585, 0.67272604), (0.6472824, 0.67272604), (0.6472824, 0.6813324), (0.63023585, 0.6640594), (0.6472824, 0.67272604), (0.63023585, 0.67272604), (0.63023585, 0.6640594), (0.6472824, 0.6640594), (0.6472824, 0.67272604), (0.6472824, 0.7284533), (0.6643288, 0.7350418), (0.6472824, 0.7350418), (0.6472824, 0.7284533), (0.6643288, 0.72845316), (0.6643288, 0.7350418), (0.6472824, 0.72141707), (0.6643288, 0.72845316), (0.6472824, 0.7284533), (0.6472824, 0.72141707), (0.6643288, 0.72141683), (0.6643288, 0.72845316), (0.6472824, 0.7139822), (0.6643288, 0.72141683), (0.6472824, 0.72141707), (0.6472824, 0.7139822), (0.6643288, 0.7139821), (0.6643288, 0.72141683), (0.6472824, 0.70620096), (0.6643288, 0.7139821), (0.6472824, 0.7139822), (0.6472824, 0.70620096), (0.6643288, 0.70620096), (0.6643288, 0.7139821), (0.6472824, 0.6981281), (0.6643288, 0.70620096), (0.6472824, 0.70620096), (0.6472824, 0.6981281), (0.6643288, 0.698128), (0.6643288, 0.70620096), (0.6472824, 0.6898193), (0.6643288, 0.698128), (0.6472824, 0.6981281), (0.6472824, 0.6898193), (0.6643288, 0.6898193), (0.6643288, 0.698128), (0.6472824, 0.6813324), (0.6643288, 0.6898193), (0.6472824, 0.6898193), (0.6472824, 0.6813324), (0.6643288, 0.6813324), (0.6643288, 0.6898193), (0.6472824, 0.67272604), (0.6643288, 0.6813324), (0.6472824, 0.6813324), (0.6472824, 0.67272604), (0.6643288, 0.6727259), (0.6643288, 0.6813324), (0.6472824, 0.6640594), (0.6643288, 0.6727259), (0.6472824, 0.67272604), (0.6472824, 0.6640594), (0.6643288, 0.6640593), (0.6643288, 0.6727259), (0.6643288, 0.72845316), (0.6813753, 0.7350418), (0.6643288, 0.7350418), (0.6643288, 0.72845316), (0.6813753, 0.7284533), (0.6813753, 0.7350418), (0.6643288, 0.72141683), (0.6813753, 0.7284533), (0.6643288, 0.72845316), (0.6643288, 0.72141683), (0.6813753, 0.72141695), (0.6813753, 0.7284533), (0.6643288, 0.7139821), (0.6813753, 0.72141695), (0.6643288, 0.72141683), (0.6643288, 0.7139821), (0.6813753, 0.7139821), (0.6813753, 0.72141695), (0.6643288, 0.70620096), (0.6813753, 0.7139821), (0.6643288, 0.7139821), (0.6643288, 0.70620096), (0.6813753, 0.70620096), (0.6813753, 0.7139821), (0.6643288, 0.698128), (0.6813753, 0.70620096), (0.6643288, 0.70620096), (0.6643288, 0.698128), (0.6813753, 0.6981281), (0.6813753, 0.70620096), (0.6643288, 0.6898193), (0.6813753, 0.6981281), (0.6643288, 0.698128), (0.6643288, 0.6898193), (0.6813753, 0.6898193), (0.6813753, 0.6981281), (0.6643288, 0.6813324), (0.6813753, 0.6898193), (0.6643288, 0.6898193), (0.6643288, 0.6813324), (0.6813753, 0.6813324), (0.6813753, 0.6898193), (0.6643288, 0.6727259), (0.6813753, 0.6813324), (0.6643288, 0.6813324), (0.6643288, 0.6727259), (0.6813753, 0.67272604), (0.6813753, 0.6813324), (0.6643288, 0.6640593), (0.6813753, 0.67272604), (0.6643288, 0.6727259), (0.6643288, 0.6640593), (0.6813753, 0.6640594), (0.6813753, 0.67272604), (0.6813753, 0.7284533), (0.69842166, 0.7350418), (0.6813753, 0.7350418), (0.6813753, 0.7284533), (0.69842166, 0.7284534), (0.69842166, 0.7350418), (0.6813753, 0.72141695), (0.69842166, 0.7284534), (0.6813753, 0.7284533), (0.6813753, 0.72141695), (0.69842166, 0.72141707), (0.69842166, 0.7284534), (0.6813753, 0.7139821), (0.69842166, 0.72141707), (0.6813753, 0.72141695), (0.6813753, 0.7139821), (0.69842166, 0.7139822), (0.69842166, 0.72141707), (0.6813753, 0.70620096), (0.69842166, 0.7139822), (0.6813753, 0.7139821), (0.6813753, 0.70620096), (0.6984218, 0.7062011), (0.69842166, 0.7139822), (0.6813753, 0.6981281), (0.6984218, 0.7062011), (0.6813753, 0.70620096), (0.6813753, 0.6981281), (0.6984218, 0.6981281), (0.6984218, 0.7062011), (0.6813753, 0.6898193), (0.6984218, 0.6981281), (0.6813753, 0.6981281), (0.6813753, 0.6898193), (0.6984218, 0.6898193), (0.6984218, 0.6981281), (0.6813753, 0.6813324), (0.6984218, 0.6898193), (0.6813753, 0.6898193), (0.6813753, 0.6813324), (0.6984218, 0.6813324), (0.6984218, 0.6898193), (0.6813753, 0.67272604), (0.6984218, 0.6813324), (0.6813753, 0.6813324), (0.6813753, 0.67272604), (0.6984218, 0.67272604), (0.6984218, 0.6813324), (0.6813753, 0.6640594), (0.6984218, 0.67272604), (0.6813753, 0.67272604), (0.6813753, 0.6640594), (0.6984218, 0.6640594), (0.6984218, 0.67272604), (0.69842166, 0.7350418), (0.6813753, 0.75904703), (0.6813753, 0.7350418), (0.6813753, 0.7350418), (0.6813753, 0.75904703), (0.6643286, 0.75904703), (0.6813753, 0.7350418), (0.6643286, 0.75904703), (0.6643288, 0.7350418), (0.6643288, 0.7350418), (0.6643286, 0.75904703), (0.64728254, 0.75904703), (0.6643288, 0.7350418), (0.64728254, 0.75904703), (0.6472824, 0.7350418), (0.6472824, 0.7350418), (0.64728254, 0.75904703), (0.6302355, 0.75904703), (0.6472824, 0.7350418), (0.6302355, 0.75904703), (0.63023573, 0.7350418), (0.63023573, 0.7350418), (0.6302355, 0.75904703), (0.6131896, 0.75904703), (0.63023573, 0.7350418), (0.6131896, 0.75904703), (0.6131896, 0.7350418), (0.6131896, 0.7350418), (0.6131896, 0.75904703), (0.59614325, 0.75904703), (0.6131896, 0.7350418), (0.59614325, 0.75904703), (0.5961429, 0.7350418), (0.5961429, 0.7350418), (0.59614325, 0.75904703), (0.57909715, 0.75904703), (0.5961429, 0.7350418), (0.57909715, 0.75904703), (0.5790967, 0.7350418), (0.5790967, 0.7350418), (0.57909715, 0.75904703), (0.5620501, 0.75904703), (0.5790967, 0.7350418), (0.5620501, 0.75904703), (0.5620501, 0.7350418), (0.5620501, 0.7350418), (0.5620501, 0.75904703), (0.54500484, 0.75904715), (0.5620501, 0.7350418), (0.54500484, 0.75904715), (0.5450041, 0.73504156), (0.5450041, 0.73504156), (0.54500484, 0.75904715), (0.5279565, 0.7590469), (0.5450041, 0.73504156), (0.5279565, 0.7590469), (0.5279567, 0.7350423), (0.5279567, 0.7350423), (0.5279565, 0.7590469), (0.5109105, 0.75904703), (0.5279567, 0.7350423), (0.5109105, 0.75904703), (0.5109105, 0.7350418), (0.5109105, 0.7350418), (0.5109105, 0.75904703), (0.49386418, 0.75904703), (0.5109105, 0.7350418), (0.49386418, 0.75904703), (0.49386418, 0.7350418), (0.49386418, 0.7350418), (0.49386418, 0.75904703), (0.47681797, 0.75904703), (0.49386418, 0.7350418), (0.47681797, 0.75904703), (0.47681785, 0.7350418), (0.47681785, 0.7350418), (0.47681797, 0.75904703), (0.45977092, 0.75904703), (0.47681785, 0.7350418), (0.45977092, 0.75904703), (0.4597711, 0.7350418), (0.4597711, 0.7350418), (0.45977092, 0.75904703), (0.44272518, 0.75904703), (0.4597711, 0.7350418), (0.44272518, 0.75904703), (0.44272488, 0.7350418), (0.44272488, 0.7350418), (0.44272518, 0.75904703), (0.42567855, 0.75904703), (0.44272488, 0.7350418), (0.42567855, 0.75904703), (0.42567843, 0.7350418), (0.42567843, 0.7350418), (0.42567855, 0.75904703), (0.40863156, 0.75904703), (0.42567843, 0.7350418), (0.40863156, 0.75904703), (0.40863168, 0.7350418), (0.40863168, 0.7350418), (0.40863156, 0.75904703), (0.39158505, 0.75904703), (0.40863168, 0.7350418), (0.39158505, 0.75904703), (0.39158523, 0.7350418), (0.39158523, 0.7350418), (0.39158505, 0.75904703), (0.3745389, 0.75904703), (0.39158523, 0.7350418), (0.3745389, 0.75904703), (0.3745389, 0.7350418), (0.3745389, 0.7350418), (0.3745389, 0.75904703), (0.3574925, 0.75904703), (0.3745389, 0.7350418), (0.3574925, 0.75904703), (0.3574925, 0.7350418), (0.3574925, 0.7350418), (0.3574925, 0.75904703), (0.34044623, 0.75904703), (0.3574925, 0.7350418), (0.34044623, 0.75904703), (0.34044617, 0.7350418), (0.34044617, 0.7350418), (0.34044623, 0.75904703), (0.32339978, 0.75904703), (0.34044617, 0.7350418), (0.32339978, 0.75904703), (0.32339966, 0.7350418), (0.32339966, 0.7350418), (0.32339978, 0.75904703), (0.3063529, 0.75904703), (0.32339966, 0.7350418), (0.3063529, 0.75904703), (0.30635303, 0.7350418), (0.30635303, 0.7350418), (0.3063529, 0.75904703), (0.2893064, 0.75904703), (0.30635303, 0.7350418), (0.2893064, 0.75904703), (0.28930652, 0.7350418), (0.28930652, 0.7350418), (0.2893064, 0.75904703), (0.2722601, 0.75904834), (0.28930652, 0.7350418), (0.2722601, 0.75904834), (0.27226016, 0.7350419), (0.27226016, 0.7350419), (0.2722601, 0.75904834), (0.25521338, 0.75904834), (0.27226016, 0.7350419), (0.25521338, 0.75904834), (0.25521356, 0.7350419), (0.25521356, 0.7350419), (0.25521338, 0.75904834), (0.23816666, 0.75904703), (0.25521356, 0.7350419), (0.23816666, 0.75904703), (0.2381669, 0.7350418), (0.2381669, 0.7350418), (0.23816666, 0.75904703), (0.22112088, 0.75904703), (0.2381669, 0.7350418), (0.22112088, 0.75904703), (0.22112076, 0.7350418), (0.22112076, 0.7350418), (0.22112088, 0.75904703), (0.20407428, 0.75904703), (0.22112076, 0.7350418), (0.20407428, 0.75904703), (0.20407428, 0.7350418), (0.20407428, 0.7350418), (0.20407428, 0.75904703), (0.18702759, 0.75904703), (0.20407428, 0.7350418), (0.18702759, 0.75904703), (0.18702783, 0.7350418), (0.18702783, 0.7350418), (0.18702759, 0.75904703), (0.16998157, 0.75904703), (0.18702783, 0.7350418), (0.16998157, 0.75904703), (0.16998145, 0.7350418), (0.16998145, 0.7350418), (0.16998157, 0.75904703), (0.15293458, 0.75904703), (0.16998145, 0.7350418), (0.15293458, 0.75904703), (0.15293482, 0.7350418), (0.15293482, 0.7350418), (0.15293458, 0.75904703), (0.13588804, 0.75904703), (0.15293482, 0.7350418), (0.13588804, 0.75904703), (0.13588822, 0.7350418), (0.13588822, 0.7350418), (0.13588804, 0.75904703), (0.11884134, 0.75904703), (0.13588822, 0.7350418), (0.11884134, 0.75904703), (0.11884175, 0.7350417), (0.11884175, 0.7350417), (0.11884134, 0.75904703), (0.10179465, 0.75904703), (0.11884175, 0.7350417), (0.10179465, 0.75904703), (0.10179506, 0.7350418), (0.10179506, 0.7350418), (0.10179465, 0.75904703), (0.08474897, 0.75904703), (0.10179506, 0.7350418), (0.08474897, 0.75904703), (0.08474885, 0.7350418), (0.08474885, 0.7350418), (0.08474897, 0.75904703), (0.067702636, 0.75904703), (0.08474885, 0.7350418), (0.067702636, 0.75904703), (0.06770246, 0.7350418), (0.06770246, 0.7350418), (0.067702636, 0.75904703), (0.050656125, 0.75904703), (0.06770246, 0.7350418), (0.050656125, 0.75904703), (0.050656006, 0.7350418), (0.050656006, 0.7350418), (0.050656125, 0.75904703), (0.033609666, 0.75904703), (0.050656006, 0.7350418), (0.033609666, 0.75904703), (0.033609487, 0.7350418), (0.033609487, 0.7350418), (0.033609666, 0.75904703), (0.01656286, 0.75904703), (0.033609487, 0.7350418), (0.01656286, 0.75904703), (0.01656307, 0.7350418), (0.01656286, 0.75904703), (0.033609666, 0.75904703), (0.033609666, 0.7632593), (0.01656286, 0.75904703), (0.033609666, 0.7632593), (0.01656286, 0.7632593), (0.01656286, 0.7632593), (0.033609666, 0.7632593), (0.033609666, 0.76809245), (0.01656286, 0.7632593), (0.033609666, 0.76809245), (0.01656286, 0.76809233), (0.01656286, 0.76809233), (0.033609666, 0.76809245), (0.033609666, 0.77324486), (0.01656286, 0.76809233), (0.033609666, 0.77324486), (0.01656286, 0.77324486), (0.033609666, 0.77324486), (0.01656286, 0.8393376), (0.01656286, 0.77324486), (0.033609666, 0.77324486), (0.033609666, 0.8393376), (0.01656286, 0.8393376), (0.050656125, 0.77324486), (0.033609666, 0.8393376), (0.033609666, 0.77324486), (0.033609666, 0.76809245), (0.050656125, 0.77324486), (0.033609666, 0.77324486), (0.050656125, 0.77324486), (0.050656125, 0.8393376), (0.033609666, 0.8393376), (0.06770258, 0.77324486), (0.050656125, 0.8393376), (0.050656125, 0.77324486), (0.06770258, 0.77324486), (0.06770258, 0.8393376), (0.050656125, 0.8393376), (0.08474879, 0.77324486), (0.06770258, 0.8393376), (0.06770258, 0.77324486), (0.08474879, 0.77324486), (0.08474879, 0.8393376), (0.06770258, 0.8393376), (0.10179453, 0.77324486), (0.08474879, 0.8393376), (0.08474879, 0.77324486), (0.10179453, 0.77324486), (0.10179453, 0.8393376), (0.08474879, 0.8393376), (0.11884134, 0.77324486), (0.10179453, 0.8393376), (0.10179453, 0.77324486), (0.11884134, 0.77324486), (0.11884134, 0.8393376), (0.10179453, 0.8393376), (0.13588792, 0.77324486), (0.11884134, 0.8393376), (0.11884134, 0.77324486), (0.13588792, 0.77324486), (0.13588792, 0.8393376), (0.11884134, 0.8393376), (0.15293446, 0.77324486), (0.13588792, 0.8393376), (0.13588792, 0.77324486), (0.15293446, 0.77324486), (0.15293446, 0.8393376), (0.13588792, 0.8393376), (0.16998145, 0.77324486), (0.15293446, 0.8393376), (0.15293446, 0.77324486), (0.16998145, 0.77324486), (0.16998145, 0.8393376), (0.15293446, 0.8393376), (0.18702759, 0.77324486), (0.16998145, 0.8393376), (0.16998145, 0.77324486), (0.18702759, 0.77324486), (0.18702759, 0.8393376), (0.16998145, 0.8393376), (0.20407428, 0.77324486), (0.18702759, 0.8393376), (0.18702759, 0.77324486), (0.20407428, 0.77324486), (0.20407428, 0.8393376), (0.18702759, 0.8393376), (0.22112088, 0.77324486), (0.20407428, 0.8393376), (0.20407428, 0.77324486), (0.22112088, 0.77324486), (0.22112088, 0.8393376), (0.20407428, 0.8393376), (0.23816654, 0.77324486), (0.22112088, 0.8393376), (0.22112088, 0.77324486), (0.23816654, 0.77324486), (0.23816654, 0.8393376), (0.22112088, 0.8393376), (0.25521326, 0.77324617), (0.23816654, 0.8393376), (0.23816654, 0.77324486), (0.25521326, 0.77324617), (0.25521326, 0.839339), (0.23816654, 0.8393376), (0.2722601, 0.77324617), (0.25521326, 0.839339), (0.25521326, 0.77324617), (0.2722601, 0.77324617), (0.2722601, 0.839339), (0.25521326, 0.839339), (0.28930634, 0.77324486), (0.2722601, 0.839339), (0.2722601, 0.77324617), (0.28930634, 0.77324486), (0.28930634, 0.8393376), (0.2722601, 0.839339), (0.30635285, 0.77324486), (0.28930634, 0.8393376), (0.28930634, 0.77324486), (0.30635285, 0.77324486), (0.30635285, 0.8393376), (0.28930634, 0.8393376), (0.32339978, 0.77324486), (0.30635285, 0.8393376), (0.30635285, 0.77324486), (0.32339978, 0.77324486), (0.32339978, 0.8393376), (0.30635285, 0.8393376), (0.3404463, 0.77324486), (0.32339978, 0.8393376), (0.32339978, 0.77324486), (0.3404463, 0.77324486), (0.3404463, 0.8393376), (0.32339978, 0.8393376), (0.3574925, 0.77324486), (0.3404463, 0.8393376), (0.3404463, 0.77324486), (0.3574925, 0.77324486), (0.3574925, 0.8393376), (0.3404463, 0.8393376), (0.3745389, 0.77324486), (0.3574925, 0.8393376), (0.3574925, 0.77324486), (0.3745389, 0.77324486), (0.3745389, 0.8393376), (0.3574925, 0.8393376), (0.391585, 0.77324486), (0.3745389, 0.8393376), (0.3745389, 0.77324486), (0.391585, 0.77324486), (0.391585, 0.8393376), (0.3745389, 0.8393376), (0.40863144, 0.77324486), (0.391585, 0.8393376), (0.391585, 0.77324486), (0.40863144, 0.77324486), (0.40863144, 0.8393376), (0.391585, 0.8393376), (0.42567867, 0.77324486), (0.40863144, 0.8393376), (0.40863144, 0.77324486), (0.42567867, 0.77324486), (0.42567867, 0.8393376), (0.40863144, 0.8393376), (0.44272524, 0.77324486), (0.42567867, 0.8393376), (0.42567867, 0.77324486), (0.44272524, 0.77324486), (0.44272524, 0.8393376), (0.42567867, 0.8393376), (0.45977092, 0.77324486), (0.44272524, 0.8393376), (0.44272524, 0.77324486), (0.45977092, 0.77324486), (0.45977092, 0.8393376), (0.44272524, 0.8393376), (0.47681814, 0.77324486), (0.45977092, 0.8393376), (0.45977092, 0.77324486), (0.47681814, 0.77324486), (0.47681814, 0.8393376), (0.45977092, 0.8393376), (0.49386406, 0.77324486), (0.47681814, 0.8393376), (0.47681814, 0.77324486), (0.49386406, 0.77324486), (0.49386406, 0.8393376), (0.47681814, 0.8393376), (0.5109105, 0.77324486), (0.49386406, 0.8393376), (0.49386406, 0.77324486), (0.5109105, 0.77324486), (0.5109105, 0.8393376), (0.49386406, 0.8393376), (0.52795625, 0.77324486), (0.5109105, 0.8393376), (0.5109105, 0.77324486), (0.52795625, 0.77324486), (0.52795625, 0.8393376), (0.5109105, 0.8393376), (0.5450052, 0.77324486), (0.52795625, 0.8393376), (0.52795625, 0.77324486), (0.5450052, 0.77324486), (0.5450052, 0.8393376), (0.52795625, 0.8393376), (0.56205, 0.77324486), (0.5450052, 0.8393376), (0.5450052, 0.77324486), (0.56205, 0.77324486), (0.56205, 0.8393376), (0.5450052, 0.8393376), (0.57909715, 0.77324486), (0.56205, 0.8393376), (0.56205, 0.77324486), (0.57909715, 0.77324486), (0.57909715, 0.8393376), (0.56205, 0.8393376), (0.59614325, 0.77324486), (0.57909715, 0.8393376), (0.57909715, 0.77324486), (0.59614325, 0.77324486), (0.59614325, 0.8393376), (0.57909715, 0.8393376), (0.6131897, 0.77324486), (0.59614325, 0.8393376), (0.59614325, 0.77324486), (0.6131897, 0.77324486), (0.6131897, 0.8393376), (0.59614325, 0.8393376), (0.6302355, 0.77324486), (0.6131897, 0.8393376), (0.6131897, 0.77324486), (0.6302355, 0.77324486), (0.6302355, 0.8393376), (0.6131897, 0.8393376), (0.64728266, 0.77324486), (0.6302355, 0.8393376), (0.6302355, 0.77324486), (0.64728266, 0.77324486), (0.64728266, 0.8393376), (0.6302355, 0.8393376), (0.6643286, 0.77324486), (0.64728266, 0.8393376), (0.64728266, 0.77324486), (0.6643286, 0.77324486), (0.6643286, 0.8393376), (0.64728266, 0.8393376), (0.6813753, 0.77324486), (0.6643286, 0.8393376), (0.6643286, 0.77324486), (0.6813753, 0.77324486), (0.6813753, 0.8393376), (0.6643286, 0.8393376), (0.6984216, 0.77324486), (0.6813753, 0.8393376), (0.6813753, 0.77324486), (0.6984216, 0.77324486), (0.6984216, 0.8393376), (0.6813753, 0.8393376), (0.57909715, 0.76809245), (0.59614325, 0.77324486), (0.57909715, 0.77324486), (0.57909715, 0.76809245), (0.59614325, 0.76809245), (0.59614325, 0.77324486), (0.59614325, 0.76809245), (0.6131897, 0.77324486), (0.59614325, 0.77324486), (0.57909715, 0.7632593), (0.59614325, 0.76809245), (0.57909715, 0.76809245), (0.5620501, 0.7632593), (0.57909715, 0.7632593), (0.57909715, 0.76809245), (0.5620501, 0.75904703), (0.57909715, 0.7632593), (0.5620501, 0.7632593), (0.54500484, 0.75904715), (0.5620501, 0.75904703), (0.5620501, 0.7632593), (0.54500484, 0.75904715), (0.5620501, 0.7632593), (0.54500496, 0.7632593), (0.54500496, 0.7632593), (0.5620501, 0.7632593), (0.56205, 0.76809245), (0.5620501, 0.7632593), (0.57909715, 0.76809245), (0.56205, 0.76809245), (0.54500496, 0.7632593), (0.56205, 0.76809245), (0.5450052, 0.76809245), (0.5450052, 0.76809245), (0.56205, 0.76809245), (0.56205, 0.77324486), (0.5450052, 0.76809245), (0.56205, 0.77324486), (0.5450052, 0.77324486), (0.5620501, 0.75904703), (0.57909715, 0.75904703), (0.57909715, 0.7632593), (0.56205, 0.76809245), (0.57909715, 0.77324486), (0.56205, 0.77324486), (0.56205, 0.76809245), (0.57909715, 0.76809245), (0.57909715, 0.77324486), (0.57909715, 0.75904703), (0.59614325, 0.7632593), (0.57909715, 0.7632593), (0.57909715, 0.7632593), (0.59614325, 0.7632593), (0.59614325, 0.76809245), (0.57909715, 0.75904703), (0.59614325, 0.75904703), (0.59614325, 0.7632593), (0.59614325, 0.75904703), (0.6131896, 0.7632593), (0.59614325, 0.7632593), (0.59614325, 0.75904703), (0.6131896, 0.75904703), (0.6131896, 0.7632593), (0.59614325, 0.7632593), (0.6131897, 0.76809245), (0.59614325, 0.76809245), (0.59614325, 0.7632593), (0.6131896, 0.7632593), (0.6131897, 0.76809245), (0.6131896, 0.75904703), (0.6302355, 0.7632593), (0.6131896, 0.7632593), (0.6131896, 0.75904703), (0.6302355, 0.75904703), (0.6302355, 0.7632593), (0.6131896, 0.7632593), (0.6302355, 0.76809245), (0.6131897, 0.76809245), (0.6131896, 0.7632593), (0.6302355, 0.7632593), (0.6302355, 0.76809245), (0.6131897, 0.76809245), (0.6302355, 0.76809245), (0.6302355, 0.77324486), (0.6131897, 0.76809245), (0.6302355, 0.77324486), (0.6131897, 0.77324486), (0.59614325, 0.76809245), (0.6131897, 0.76809245), (0.6131897, 0.77324486), (0.6302355, 0.75904703), (0.64728266, 0.7632593), (0.6302355, 0.7632593), (0.6302355, 0.75904703), (0.64728254, 0.75904703), (0.64728266, 0.7632593), (0.6302355, 0.76809245), (0.64728266, 0.77324486), (0.6302355, 0.77324486), (0.6302355, 0.76809245), (0.64728266, 0.76809245), (0.64728266, 0.77324486), (0.6302355, 0.7632593), (0.64728266, 0.76809245), (0.6302355, 0.76809245), (0.6302355, 0.7632593), (0.64728266, 0.7632593), (0.64728266, 0.76809245), (0.64728254, 0.75904703), (0.6643286, 0.7632593), (0.64728266, 0.7632593), (0.64728254, 0.75904703), (0.6643286, 0.75904703), (0.6643286, 0.7632593), (0.64728266, 0.76809245), (0.6643286, 0.77324486), (0.64728266, 0.77324486), (0.64728266, 0.76809245), (0.6643286, 0.76809245), (0.6643286, 0.77324486), (0.64728266, 0.7632593), (0.6643286, 0.76809245), (0.64728266, 0.76809245), (0.64728266, 0.7632593), (0.6643286, 0.7632593), (0.6643286, 0.76809245), (0.6643286, 0.75904703), (0.6813753, 0.7632593), (0.6643286, 0.7632593), (0.6643286, 0.75904703), (0.6813753, 0.75904703), (0.6813753, 0.7632593), (0.6643286, 0.76809245), (0.6813753, 0.77324486), (0.6643286, 0.77324486), (0.6643286, 0.76809245), (0.6813753, 0.76809245), (0.6813753, 0.77324486), (0.6643286, 0.7632593), (0.6813753, 0.76809245), (0.6643286, 0.76809245), (0.6643286, 0.7632593), (0.6813753, 0.7632593), (0.6813753, 0.76809245), (0.6813753, 0.75904703), (0.6984216, 0.7632593), (0.6813753, 0.7632593), (0.6813753, 0.75904703), (0.6984216, 0.75904703), (0.6984216, 0.7632593), (0.69842166, 0.7350418), (0.6984216, 0.75904703), (0.6813753, 0.75904703), (0.6813753, 0.76809245), (0.6984216, 0.77324486), (0.6813753, 0.77324486), (0.6813753, 0.76809245), (0.6984216, 0.76809233), (0.6984216, 0.77324486), (0.6813753, 0.7632593), (0.6984216, 0.76809233), (0.6813753, 0.76809245), (0.6813753, 0.7632593), (0.6984216, 0.7632593), (0.6984216, 0.76809233), (0.5109105, 0.6898193), (0.52795696, 0.6898194), (0.52795696, 0.6981281), (0.5109105, 0.6813324), (0.52795696, 0.6898194), (0.5109105, 0.6898193), (0.5109105, 0.6813324), (0.52795696, 0.6813325), (0.52795696, 0.6898194), (0.5109105, 0.67272604), (0.52795696, 0.6813325), (0.5109105, 0.6813324), (0.5109105, 0.67272604), (0.52795696, 0.67272604), (0.52795696, 0.6813325), (0.5109105, 0.6640594), (0.52795696, 0.67272604), (0.5109105, 0.67272604), (0.5109105, 0.6640594), (0.52795696, 0.6640594), (0.52795696, 0.67272604), (0.033609666, 0.75904703), (0.050656125, 0.7632593), (0.033609666, 0.7632593), (0.033609666, 0.75904703), (0.050656125, 0.75904703), (0.050656125, 0.7632593), (0.033609666, 0.7632593), (0.050656125, 0.7632593), (0.050656125, 0.76809245), (0.033609666, 0.7632593), (0.050656125, 0.76809245), (0.033609666, 0.76809245), (0.033609666, 0.76809245), (0.050656125, 0.76809245), (0.050656125, 0.77324486), (0.050656125, 0.75904703), (0.06770258, 0.7632593), (0.050656125, 0.7632593), (0.050656125, 0.75904703), (0.067702636, 0.75904703), (0.06770258, 0.7632593), (0.050656125, 0.76809245), (0.06770258, 0.77324486), (0.050656125, 0.77324486), (0.050656125, 0.76809245), (0.06770258, 0.76809245), (0.06770258, 0.77324486), (0.050656125, 0.7632593), (0.06770258, 0.76809245), (0.050656125, 0.76809245), (0.050656125, 0.7632593), (0.06770258, 0.7632593), (0.06770258, 0.76809245), (0.067702636, 0.75904703), (0.08474879, 0.7632593), (0.06770258, 0.7632593), (0.067702636, 0.75904703), (0.08474897, 0.75904703), (0.08474879, 0.7632593), (0.06770258, 0.76809245), (0.08474879, 0.77324486), (0.06770258, 0.77324486), (0.06770258, 0.76809245), (0.08474879, 0.76809233), (0.08474879, 0.77324486), (0.06770258, 0.7632593), (0.08474879, 0.76809233), (0.06770258, 0.76809245), (0.06770258, 0.7632593), (0.08474879, 0.7632593), (0.08474879, 0.76809233), (0.08474897, 0.75904703), (0.10179453, 0.7632593), (0.08474879, 0.7632593), (0.08474897, 0.75904703), (0.10179465, 0.75904703), (0.10179453, 0.7632593), (0.08474879, 0.76809233), (0.10179453, 0.77324486), (0.08474879, 0.77324486), (0.08474879, 0.76809233), (0.10179453, 0.76809245), (0.10179453, 0.77324486), (0.08474879, 0.7632593), (0.10179453, 0.76809245), (0.08474879, 0.76809233), (0.08474879, 0.7632593), (0.10179453, 0.7632593), (0.10179453, 0.76809245), (0.10179465, 0.75904703), (0.11884134, 0.7632593), (0.10179453, 0.7632593), (0.10179465, 0.75904703), (0.11884134, 0.75904703), (0.11884134, 0.7632593), (0.10179453, 0.76809245), (0.11884134, 0.77324486), (0.10179453, 0.77324486), (0.10179453, 0.76809245), (0.11884134, 0.76809245), (0.11884134, 0.77324486), (0.10179453, 0.7632593), (0.11884134, 0.76809245), (0.10179453, 0.76809245), (0.10179453, 0.7632593), (0.11884134, 0.7632593), (0.11884134, 0.76809245), (0.11884134, 0.75904703), (0.13588798, 0.7632593), (0.11884134, 0.7632593), (0.11884134, 0.75904703), (0.13588804, 0.75904703), (0.13588798, 0.7632593), (0.11884134, 0.76809245), (0.13588792, 0.77324486), (0.11884134, 0.77324486), (0.11884134, 0.76809245), (0.13588792, 0.76809245), (0.13588792, 0.77324486), (0.11884134, 0.7632593), (0.13588792, 0.76809245), (0.11884134, 0.76809245), (0.11884134, 0.7632593), (0.13588798, 0.7632593), (0.13588792, 0.76809245), (0.13588804, 0.75904703), (0.15293458, 0.7632593), (0.13588798, 0.7632593), (0.13588804, 0.75904703), (0.15293458, 0.75904703), (0.15293458, 0.7632593), (0.13588792, 0.76809245), (0.15293446, 0.77324486), (0.13588792, 0.77324486), (0.13588792, 0.76809245), (0.15293446, 0.76809245), (0.15293446, 0.77324486), (0.13588798, 0.7632593), (0.15293446, 0.76809245), (0.13588792, 0.76809245), (0.13588798, 0.7632593), (0.15293458, 0.7632593), (0.15293446, 0.76809245), (0.15293458, 0.75904703), (0.16998145, 0.7632593), (0.15293458, 0.7632593), (0.15293458, 0.75904703), (0.16998157, 0.75904703), (0.16998145, 0.7632593), (0.15293446, 0.76809245), (0.16998145, 0.77324486), (0.15293446, 0.77324486), (0.15293446, 0.76809245), (0.16998145, 0.76809245), (0.16998145, 0.77324486), (0.15293458, 0.7632593), (0.16998145, 0.76809245), (0.15293446, 0.76809245), (0.15293458, 0.7632593), (0.16998145, 0.7632593), (0.16998145, 0.76809245), (0.16998157, 0.75904703), (0.18702759, 0.7632593), (0.16998145, 0.7632593), (0.16998157, 0.75904703), (0.18702759, 0.75904703), (0.18702759, 0.7632593), (0.16998145, 0.76809245), (0.18702759, 0.77324486), (0.16998145, 0.77324486), (0.16998145, 0.76809245), (0.18702759, 0.76809233), (0.18702759, 0.77324486), (0.16998145, 0.7632593), (0.18702759, 0.76809233), (0.16998145, 0.76809245), (0.16998145, 0.7632593), (0.18702759, 0.7632593), (0.18702759, 0.76809233), (0.18702759, 0.75904703), (0.20407428, 0.7632593), (0.18702759, 0.7632593), (0.18702759, 0.75904703), (0.20407428, 0.75904703), (0.20407428, 0.7632593), (0.18702759, 0.76809233), (0.20407428, 0.77324486), (0.18702759, 0.77324486), (0.18702759, 0.76809233), (0.20407428, 0.76809245), (0.20407428, 0.77324486), (0.18702759, 0.7632593), (0.20407428, 0.76809245), (0.18702759, 0.76809233), (0.18702759, 0.7632593), (0.20407428, 0.7632593), (0.20407428, 0.76809245), (0.20407428, 0.75904703), (0.22112088, 0.7632593), (0.20407428, 0.7632593), (0.20407428, 0.75904703), (0.22112088, 0.75904703), (0.22112088, 0.7632593), (0.20407428, 0.76809245), (0.22112088, 0.77324486), (0.20407428, 0.77324486), (0.20407428, 0.76809245), (0.22112088, 0.76809245), (0.22112088, 0.77324486), (0.20407428, 0.7632593), (0.22112088, 0.76809245), (0.20407428, 0.76809245), (0.20407428, 0.7632593), (0.22112088, 0.7632593), (0.22112088, 0.76809245), (0.22112088, 0.75904703), (0.2381666, 0.7632593), (0.22112088, 0.7632593), (0.22112088, 0.75904703), (0.23816666, 0.75904703), (0.2381666, 0.7632593), (0.22112088, 0.76809245), (0.23816654, 0.77324486), (0.22112088, 0.77324486), (0.22112088, 0.76809245), (0.23816666, 0.76809233), (0.23816654, 0.77324486), (0.22112088, 0.7632593), (0.23816666, 0.76809233), (0.22112088, 0.76809245), (0.22112088, 0.7632593), (0.2381666, 0.7632593), (0.23816666, 0.76809233), (0.23816666, 0.75904703), (0.25521326, 0.7632606), (0.2381666, 0.7632593), (0.23816666, 0.75904703), (0.25521338, 0.75904834), (0.25521326, 0.7632606), (0.23816666, 0.76809233), (0.25521326, 0.77324617), (0.23816654, 0.77324486), (0.23816666, 0.76809233), (0.25521326, 0.76809376), (0.25521326, 0.77324617), (0.2381666, 0.7632593), (0.25521326, 0.76809376), (0.23816666, 0.76809233), (0.2381666, 0.7632593), (0.25521326, 0.7632606), (0.25521326, 0.76809376), (0.25521338, 0.75904834), (0.2722601, 0.7632606), (0.25521326, 0.7632606), (0.25521338, 0.75904834), (0.2722601, 0.75904834), (0.2722601, 0.7632606), (0.25521326, 0.76809376), (0.2722601, 0.77324617), (0.25521326, 0.77324617), (0.25521326, 0.76809376), (0.2722601, 0.76809376), (0.2722601, 0.77324617), (0.25521326, 0.7632606), (0.2722601, 0.76809376), (0.25521326, 0.76809376), (0.25521326, 0.7632606), (0.2722601, 0.7632606), (0.2722601, 0.76809376), (0.2722601, 0.75904834), (0.28930628, 0.7632593), (0.2722601, 0.7632606), (0.2722601, 0.75904834), (0.2893064, 0.75904703), (0.28930628, 0.7632593), (0.2722601, 0.76809376), (0.28930634, 0.77324486), (0.2722601, 0.77324617), (0.2722601, 0.76809376), (0.28930634, 0.76809245), (0.28930634, 0.77324486), (0.2722601, 0.7632606), (0.28930634, 0.76809245), (0.2722601, 0.76809376), (0.2722601, 0.7632606), (0.28930628, 0.7632593), (0.28930634, 0.76809245), (0.2893064, 0.75904703), (0.3063529, 0.7632593), (0.28930628, 0.7632593), (0.2893064, 0.75904703), (0.3063529, 0.75904703), (0.3063529, 0.7632593), (0.28930634, 0.76809245), (0.30635285, 0.77324486), (0.28930634, 0.77324486), (0.28930634, 0.76809245), (0.30635285, 0.76809245), (0.30635285, 0.77324486), (0.28930628, 0.7632593), (0.30635285, 0.76809245), (0.28930634, 0.76809245), (0.28930628, 0.7632593), (0.3063529, 0.7632593), (0.30635285, 0.76809245), (0.3063529, 0.75904703), (0.32339978, 0.7632593), (0.3063529, 0.7632593), (0.3063529, 0.75904703), (0.32339978, 0.75904703), (0.32339978, 0.7632593), (0.30635285, 0.76809245), (0.32339978, 0.77324486), (0.30635285, 0.77324486), (0.30635285, 0.76809245), (0.32339978, 0.76809245), (0.32339978, 0.77324486), (0.3063529, 0.7632593), (0.32339978, 0.76809245), (0.30635285, 0.76809245), (0.3063529, 0.7632593), (0.32339978, 0.7632593), (0.32339978, 0.76809245), (0.32339978, 0.75904703), (0.3404463, 0.7632593), (0.32339978, 0.7632593), (0.32339978, 0.75904703), (0.34044623, 0.75904703), (0.3404463, 0.7632593), (0.32339978, 0.76809245), (0.3404463, 0.77324486), (0.32339978, 0.77324486), (0.32339978, 0.76809245), (0.3404463, 0.76809245), (0.3404463, 0.77324486), (0.32339978, 0.7632593), (0.3404463, 0.76809245), (0.32339978, 0.76809245), (0.32339978, 0.7632593), (0.3404463, 0.7632593), (0.3404463, 0.76809245), (0.34044623, 0.75904703), (0.3574925, 0.7632593), (0.3404463, 0.7632593), (0.34044623, 0.75904703), (0.3574925, 0.75904703), (0.3574925, 0.7632593), (0.3404463, 0.76809245), (0.3574925, 0.77324486), (0.3404463, 0.77324486), (0.3404463, 0.76809245), (0.3574925, 0.76809233), (0.3574925, 0.77324486), (0.3404463, 0.7632593), (0.3574925, 0.76809233), (0.3404463, 0.76809245), (0.3404463, 0.7632593), (0.3574925, 0.7632593), (0.3574925, 0.76809233), (0.3574925, 0.75904703), (0.3745389, 0.7632593), (0.3574925, 0.7632593), (0.3574925, 0.75904703), (0.3745389, 0.75904703), (0.3745389, 0.7632593), (0.3574925, 0.76809233), (0.3745389, 0.77324486), (0.3574925, 0.77324486), (0.3574925, 0.76809233), (0.3745389, 0.76809233), (0.3745389, 0.77324486), (0.3574925, 0.7632593), (0.3745389, 0.76809233), (0.3574925, 0.76809233), (0.3574925, 0.7632593), (0.3745389, 0.7632593), (0.3745389, 0.76809233), (0.3745389, 0.75904703), (0.391585, 0.7632593), (0.3745389, 0.7632593), (0.3745389, 0.75904703), (0.39158505, 0.75904703), (0.391585, 0.7632593), (0.3745389, 0.76809233), (0.391585, 0.77324486), (0.3745389, 0.77324486), (0.3745389, 0.76809233), (0.391585, 0.76809245), (0.391585, 0.77324486), (0.3745389, 0.7632593), (0.391585, 0.76809245), (0.3745389, 0.76809233), (0.3745389, 0.7632593), (0.391585, 0.7632593), (0.391585, 0.76809245), (0.39158505, 0.75904703), (0.40863144, 0.7632593), (0.391585, 0.7632593), (0.39158505, 0.75904703), (0.40863156, 0.75904703), (0.40863144, 0.7632593), (0.391585, 0.76809245), (0.40863144, 0.77324486), (0.391585, 0.77324486), (0.391585, 0.76809245), (0.40863144, 0.76809245), (0.40863144, 0.77324486), (0.391585, 0.7632593), (0.40863144, 0.76809245), (0.391585, 0.76809245), (0.391585, 0.7632593), (0.40863144, 0.7632593), (0.40863144, 0.76809245), (0.40863156, 0.75904703), (0.42567867, 0.7632593), (0.40863144, 0.7632593), (0.40863156, 0.75904703), (0.42567855, 0.75904703), (0.42567867, 0.7632593), (0.40863144, 0.76809245), (0.42567867, 0.77324486), (0.40863144, 0.77324486), (0.40863144, 0.76809245), (0.42567867, 0.76809245), (0.42567867, 0.77324486), (0.40863144, 0.7632593), (0.42567867, 0.76809245), (0.40863144, 0.76809245), (0.40863144, 0.7632593), (0.42567867, 0.7632593), (0.42567867, 0.76809245), (0.42567855, 0.75904703), (0.44272518, 0.7632593), (0.42567867, 0.7632593), (0.42567855, 0.75904703), (0.44272518, 0.75904703), (0.44272518, 0.7632593), (0.42567867, 0.76809245), (0.44272524, 0.77324486), (0.42567867, 0.77324486), (0.42567867, 0.76809245), (0.44272524, 0.76809233), (0.44272524, 0.77324486), (0.42567867, 0.7632593), (0.44272524, 0.76809233), (0.42567867, 0.76809245), (0.42567867, 0.7632593), (0.44272518, 0.7632593), (0.44272524, 0.76809233), (0.44272518, 0.75904703), (0.45977092, 0.7632593), (0.44272518, 0.7632593), (0.44272518, 0.75904703), (0.45977092, 0.75904703), (0.45977092, 0.7632593), (0.44272524, 0.76809233), (0.45977092, 0.77324486), (0.44272524, 0.77324486), (0.44272524, 0.76809233), (0.45977092, 0.76809245), (0.45977092, 0.77324486), (0.44272518, 0.7632593), (0.45977092, 0.76809245), (0.44272524, 0.76809233), (0.44272518, 0.7632593), (0.45977092, 0.7632593), (0.45977092, 0.76809245), (0.45977092, 0.75904703), (0.47681808, 0.7632593), (0.45977092, 0.7632593), (0.45977092, 0.75904703), (0.47681797, 0.75904703), (0.47681808, 0.7632593), (0.45977092, 0.76809245), (0.47681814, 0.77324486), (0.45977092, 0.77324486), (0.45977092, 0.76809245), (0.47681814, 0.76809245), (0.47681814, 0.77324486), (0.45977092, 0.7632593), (0.47681814, 0.76809245), (0.45977092, 0.76809245), (0.45977092, 0.7632593), (0.47681808, 0.7632593), (0.47681814, 0.76809245), (0.47681797, 0.75904703), (0.49386406, 0.7632593), (0.47681808, 0.7632593), (0.47681797, 0.75904703), (0.49386418, 0.75904703), (0.49386406, 0.7632593), (0.47681814, 0.76809245), (0.49386406, 0.77324486), (0.47681814, 0.77324486), (0.47681814, 0.76809245), (0.49386406, 0.76809245), (0.49386406, 0.77324486), (0.47681808, 0.7632593), (0.49386406, 0.76809245), (0.47681814, 0.76809245), (0.47681808, 0.7632593), (0.49386406, 0.7632593), (0.49386406, 0.76809245), (0.49386418, 0.75904703), (0.5109105, 0.7632593), (0.49386406, 0.7632593), (0.49386418, 0.75904703), (0.5109105, 0.75904703), (0.5109105, 0.7632593), (0.49386406, 0.76809245), (0.5109105, 0.77324486), (0.49386406, 0.77324486), (0.49386406, 0.76809245), (0.5109105, 0.76809245), (0.5109105, 0.77324486), (0.49386406, 0.7632593), (0.5109105, 0.76809245), (0.49386406, 0.76809245), (0.49386406, 0.7632593), (0.5109105, 0.7632593), (0.5109105, 0.76809245), (0.5109105, 0.75904703), (0.52795637, 0.7632593), (0.5109105, 0.7632593), (0.5109105, 0.75904703), (0.5279565, 0.7590469), (0.52795637, 0.7632593), (0.5109105, 0.76809245), (0.52795625, 0.77324486), (0.5109105, 0.77324486), (0.5109105, 0.76809245), (0.52795625, 0.76809233), (0.52795625, 0.77324486), (0.5109105, 0.7632593), (0.52795625, 0.76809233), (0.5109105, 0.76809245), (0.5109105, 0.7632593), (0.52795637, 0.7632593), (0.52795625, 0.76809233), (0.54500496, 0.7632593), (0.52795637, 0.7632593), (0.5279565, 0.7590469), (0.54500496, 0.7632593), (0.5279565, 0.7590469), (0.54500484, 0.75904715), (0.5450052, 0.76809245), (0.52795637, 0.7632593), (0.54500496, 0.7632593), (0.5450052, 0.76809245), (0.52795625, 0.76809233), (0.52795637, 0.7632593), (0.5450052, 0.77324486), (0.52795625, 0.76809233), (0.5450052, 0.76809245), (0.5450052, 0.77324486), (0.52795625, 0.77324486), (0.52795625, 0.76809233), (0.8880663, 0.45353758), (0.8473382, 0.44030428), (0.88963497, 0.44700348), (0.8854947, 0.45974588), (0.8473382, 0.44030428), (0.8880663, 0.45353758), (0.88198364, 0.46547562), (0.8473382, 0.44030428), (0.8854947, 0.45974588), (0.8776194, 0.47058535), (0.8473382, 0.44030428), (0.88198364, 0.46547562), (0.8725095, 0.47494966), (0.8473382, 0.44030428), (0.8776194, 0.47058535), (0.8667799, 0.47846085), (0.8473382, 0.44030428), (0.8725095, 0.47494966), (0.8605715, 0.4810323), (0.8473382, 0.44030428), (0.8667799, 0.47846085), (0.8540374, 0.4826011), (0.8473382, 0.44030428), (0.8605715, 0.4810323), (0.8473383, 0.48312825), (0.8473382, 0.44030428), (0.8540374, 0.4826011), (0.8406391, 0.4826011), (0.8473382, 0.44030428), (0.8473383, 0.48312825), (0.83410496, 0.4810323), (0.8473382, 0.44030428), (0.8406391, 0.4826011), (0.82789654, 0.47846085), (0.8473382, 0.44030428), (0.83410496, 0.4810323), (0.822167, 0.47494966), (0.8473382, 0.44030428), (0.82789654, 0.47846085), (0.8170571, 0.47058535), (0.8473382, 0.44030428), (0.822167, 0.47494966), (0.81269294, 0.46547562), (0.8473382, 0.44030428), (0.8170571, 0.47058535), (0.80918187, 0.45974588), (0.8473382, 0.44030428), (0.81269294, 0.46547562), (0.9006494, 0.457626), (0.8854947, 0.45974588), (0.8880663, 0.45353758), (0.9006494, 0.457626), (0.8972832, 0.46575242), (0.8854947, 0.45974588), (0.91033876, 0.46077436), (0.8972832, 0.46575242), (0.9006494, 0.457626), (0.9127656, 0.45066684), (0.91033876, 0.46077436), (0.9006494, 0.457626), (0.9127656, 0.45066684), (0.9006494, 0.457626), (0.9027028, 0.4490732), (0.9027028, 0.4490732), (0.9135809, 0.44030428), (0.9127656, 0.45066684), (0.9027028, 0.4490732), (0.9033927, 0.44030428), (0.9135809, 0.44030428), (0.88963497, 0.44700348), (0.9033927, 0.44030428), (0.9027028, 0.4490732), (0.88963497, 0.44700348), (0.8901622, 0.44030434), (0.9033927, 0.44030428), (0.88963497, 0.44700348), (0.8473382, 0.44030428), (0.8901622, 0.44030434), (0.8066103, 0.45353758), (0.8473382, 0.44030428), (0.80918187, 0.45974588), (0.8050415, 0.44700348), (0.8473382, 0.44030428), (0.8066103, 0.45353758), (0.8045142, 0.44030428), (0.8473382, 0.44030428), (0.8050415, 0.44700348), (0.8050415, 0.43360513), (0.8473382, 0.44030428), (0.8045142, 0.44030428), (0.8066103, 0.42707098), (0.8473382, 0.44030428), (0.8050415, 0.43360513), (0.80918187, 0.42086256), (0.8473382, 0.44030428), (0.8066103, 0.42707098), (0.81269294, 0.415133), (0.8473382, 0.44030428), (0.80918187, 0.42086256), (0.8170571, 0.4100231), (0.8473382, 0.44030428), (0.81269294, 0.415133), (0.822167, 0.40565896), (0.8473382, 0.44030428), (0.8170571, 0.4100231), (0.82789654, 0.40214777), (0.8473382, 0.44030428), (0.822167, 0.40565896), (0.83410496, 0.3995762), (0.8473382, 0.44030428), (0.82789654, 0.40214777), (0.840639, 0.3980075), (0.8473382, 0.44030428), (0.83410496, 0.3995762), (0.8473382, 0.39748025), (0.8473382, 0.44030428), (0.840639, 0.3980075), (0.8540374, 0.3980075), (0.8473382, 0.44030428), (0.8473382, 0.39748025), (0.8605715, 0.3995762), (0.8473382, 0.44030428), (0.8540374, 0.3980075), (0.8667799, 0.40214777), (0.8473382, 0.44030428), (0.8605715, 0.3995762), (0.7940274, 0.457626), (0.8050415, 0.44700348), (0.8066103, 0.45353758), (0.7940274, 0.457626), (0.7919741, 0.44907308), (0.8050415, 0.44700348), (0.78433794, 0.46077436), (0.7919741, 0.44907308), (0.7940274, 0.457626), (0.7883157, 0.4703778), (0.78433794, 0.46077436), (0.7940274, 0.457626), (0.7883157, 0.4703778), (0.7940274, 0.457626), (0.7973935, 0.46575242), (0.7937469, 0.47924072), (0.7883157, 0.4703778), (0.7973935, 0.46575242), (0.7937469, 0.47924072), (0.7973935, 0.46575242), (0.8019894, 0.47325224), (0.8004976, 0.4871449), (0.7937469, 0.47924072), (0.8019894, 0.47325224), (0.8004976, 0.4871449), (0.8019894, 0.47325224), (0.80770177, 0.4799407), (0.8084019, 0.4938957), (0.8004976, 0.4871449), (0.80770177, 0.4799407), (0.8084019, 0.4938957), (0.80770177, 0.4799407), (0.8143905, 0.48565322), (0.81726474, 0.499327), (0.8084019, 0.4938957), (0.8143905, 0.48565322), (0.81726474, 0.499327), (0.8143905, 0.48565322), (0.82189006, 0.4902491), (0.8268681, 0.50330484), (0.81726474, 0.499327), (0.82189006, 0.4902491), (0.8268681, 0.50330484), (0.82189006, 0.4902491), (0.83001655, 0.4936152), (0.83697563, 0.5057314), (0.8268681, 0.50330484), (0.83001655, 0.4936152), (0.83697563, 0.5057314), (0.83001655, 0.4936152), (0.8385696, 0.4956686), (0.8473383, 0.506547), (0.83697563, 0.5057314), (0.8385696, 0.4956686), (0.8473383, 0.506547), (0.8385696, 0.4956686), (0.8473383, 0.4963587), (0.85770094, 0.5057314), (0.8473383, 0.506547), (0.8473383, 0.4963587), (0.85770094, 0.5057314), (0.8473383, 0.4963587), (0.8561071, 0.4956686), (0.86780834, 0.50330484), (0.85770094, 0.5057314), (0.8561071, 0.4956686), (0.86780834, 0.50330484), (0.8561071, 0.4956686), (0.86466, 0.4936151), (0.87741184, 0.499327), (0.86780834, 0.50330484), (0.86466, 0.4936151), (0.87741184, 0.499327), (0.86466, 0.4936151), (0.8727864, 0.4902491), (0.8862747, 0.4938957), (0.87741184, 0.499327), (0.8727864, 0.4902491), (0.8862747, 0.4938957), (0.8727864, 0.4902491), (0.8802861, 0.48565322), (0.89417887, 0.4871449), (0.8862747, 0.4938957), (0.8802861, 0.48565322), (0.89417887, 0.4871449), (0.8802861, 0.48565322), (0.8869747, 0.4799407), (0.9009297, 0.47924072), (0.89417887, 0.4871449), (0.8869747, 0.4799407), (0.9009297, 0.47924072), (0.8869747, 0.4799407), (0.8926872, 0.47325224), (0.90636075, 0.4703778), (0.9009297, 0.47924072), (0.8926872, 0.47325224), (0.90636075, 0.4703778), (0.8926872, 0.47325224), (0.8972832, 0.46575242), (0.91033876, 0.46077436), (0.90636075, 0.4703778), (0.8972832, 0.46575242), (0.9191903, 0.46365035), (0.90636075, 0.4703778), (0.91033876, 0.46077436), (0.9219575, 0.4521228), (0.9191903, 0.46365035), (0.91033876, 0.46077436), (0.9219575, 0.4521228), (0.91033876, 0.46077436), (0.9127656, 0.45066684), (0.9127656, 0.45066684), (0.92288804, 0.44030428), (0.9219575, 0.4521228), (0.9127656, 0.45066684), (0.9135809, 0.44030428), (0.92288804, 0.44030428), (0.9219575, 0.4521228), (0.92288804, 0.44030428), (0.9290154, 0.44030428), (0.9219575, 0.4521228), (0.9290154, 0.44030428), (0.9280096, 0.45308137), (0.9280096, 0.45308137), (0.9191903, 0.46365035), (0.9219575, 0.4521228), (0.9280096, 0.45308137), (0.9290154, 0.44030428), (0.9322603, 0.44030428), (0.9280096, 0.45308137), (0.9322603, 0.44030428), (0.9312146, 0.45358896), (0.9280096, 0.45308137), (0.9250177, 0.46554387), (0.9191903, 0.46365035), (0.9312146, 0.45358896), (0.9250177, 0.46554387), (0.9280096, 0.45308137), (0.9312146, 0.45358896), (0.9281038, 0.4665466), (0.9250177, 0.46554387), (0.9191903, 0.46365035), (0.9146534, 0.47460306), (0.90636075, 0.4703778), (0.9250177, 0.46554387), (0.9146534, 0.47460306), (0.9191903, 0.46365035), (0.9250177, 0.46554387), (0.9201131, 0.47738487), (0.9146534, 0.47460306), (0.9281038, 0.4665466), (0.9201131, 0.47738487), (0.9250177, 0.46554387), (0.9281038, 0.4665466), (0.9230044, 0.47885805), (0.9201131, 0.47738487), (0.9201131, 0.47738487), (0.9084594, 0.48471123), (0.9146534, 0.47460306), (0.9146534, 0.47460306), (0.9084594, 0.48471123), (0.9009297, 0.47924072), (0.9146534, 0.47460306), (0.9009297, 0.47924072), (0.90636075, 0.4703778), (0.9201131, 0.47738487), (0.9134164, 0.48831278), (0.9084594, 0.48471123), (0.9230044, 0.47885805), (0.9134164, 0.48831278), (0.9201131, 0.47738487), (0.9230044, 0.47885805), (0.91604185, 0.49022), (0.9134164, 0.48831278), (0.9084594, 0.48471123), (0.89417887, 0.4871449), (0.9009297, 0.47924072), (0.9084594, 0.48471123), (0.9007598, 0.49372596), (0.89417887, 0.4871449), (0.9134164, 0.48831278), (0.9007598, 0.49372596), (0.9084594, 0.48471123), (0.9134164, 0.48831278), (0.9050926, 0.49805862), (0.9007598, 0.49372596), (0.91604185, 0.49022), (0.9050926, 0.49805862), (0.9134164, 0.48831278), (0.91604185, 0.49022), (0.9073874, 0.50035316), (0.9050926, 0.49805862), (0.9007598, 0.49372596), (0.8862747, 0.4938957), (0.89417887, 0.4871449), (0.9007598, 0.49372596), (0.8917452, 0.5014251), (0.8862747, 0.4938957), (0.9050926, 0.49805862), (0.8917452, 0.5014251), (0.9007598, 0.49372596), (0.9050926, 0.49805862), (0.89534676, 0.5063823), (0.8917452, 0.5014251), (0.9073874, 0.50035316), (0.89534676, 0.5063823), (0.9050926, 0.49805862), (0.9073874, 0.50035316), (0.8972541, 0.5090075), (0.89534676, 0.5063823), (0.8917452, 0.5014251), (0.87741184, 0.499327), (0.8862747, 0.4938957), (0.8917452, 0.5014251), (0.8816371, 0.5076195), (0.87741184, 0.499327), (0.89534676, 0.5063823), (0.8816371, 0.5076195), (0.8917452, 0.5014251), (0.89534676, 0.5063823), (0.8844187, 0.513079), (0.8816371, 0.5076195), (0.8972541, 0.5090075), (0.8844187, 0.513079), (0.89534676, 0.5063823), (0.8972541, 0.5090075), (0.88589203, 0.51597035), (0.8844187, 0.513079), (0.8816371, 0.5076195), (0.86780834, 0.50330484), (0.87741184, 0.499327), (0.8816371, 0.5076195), (0.87068427, 0.5121562), (0.86780834, 0.50330484), (0.8844187, 0.513079), (0.87068427, 0.5121562), (0.8816371, 0.5076195), (0.8844187, 0.513079), (0.8725779, 0.51798373), (0.87068427, 0.5121562), (0.88589203, 0.51597035), (0.8725779, 0.51798373), (0.8844187, 0.513079), (0.88589203, 0.51597035), (0.8735806, 0.5210698), (0.8725779, 0.51798373), (0.87068427, 0.5121562), (0.85770094, 0.5057314), (0.86780834, 0.50330484), (0.87068427, 0.5121562), (0.85915685, 0.5149237), (0.85770094, 0.5057314), (0.8725779, 0.51798373), (0.85915685, 0.5149237), (0.87068427, 0.5121562), (0.8725779, 0.51798373), (0.8601154, 0.52097565), (0.85915685, 0.5149237), (0.8735806, 0.5210698), (0.8601154, 0.52097565), (0.8725779, 0.51798373), (0.8735806, 0.5210698), (0.860623, 0.5241807), (0.8601154, 0.52097565), (0.85915685, 0.5149237), (0.8473383, 0.506547), (0.85770094, 0.5057314), (0.85915685, 0.5149237), (0.8473383, 0.5158539), (0.8473383, 0.506547), (0.8601154, 0.52097565), (0.8473383, 0.5158539), (0.85915685, 0.5149237), (0.8601154, 0.52097565), (0.8473383, 0.5219813), (0.8473383, 0.5158539), (0.860623, 0.5241807), (0.8473383, 0.5219813), (0.8601154, 0.52097565), (0.860623, 0.5241807), (0.8473383, 0.5252262), (0.8473383, 0.5219813), (0.8473383, 0.5158539), (0.83697563, 0.5057314), (0.8473383, 0.506547), (0.8473383, 0.5158539), (0.83551973, 0.5149237), (0.83697563, 0.5057314), (0.8473383, 0.5219813), (0.83551973, 0.5149237), (0.8473383, 0.5158539), (0.8473383, 0.5219813), (0.83456117, 0.52097565), (0.83551973, 0.5149237), (0.8473383, 0.5252262), (0.83456117, 0.52097565), (0.8473383, 0.5219813), (0.8473383, 0.5252262), (0.83405346, 0.5241807), (0.83456117, 0.52097565), (0.83551973, 0.5149237), (0.8268681, 0.50330484), (0.83697563, 0.5057314), (0.83551973, 0.5149237), (0.8239922, 0.5121562), (0.8268681, 0.50330484), (0.83456117, 0.52097565), (0.8239922, 0.5121562), (0.83551973, 0.5149237), (0.83456117, 0.52097565), (0.8220987, 0.51798373), (0.8239922, 0.5121562), (0.83405346, 0.5241807), (0.8220987, 0.51798373), (0.83456117, 0.52097565), (0.83405346, 0.5241807), (0.821096, 0.5210698), (0.8220987, 0.51798373), (0.8239922, 0.5121562), (0.81726474, 0.499327), (0.8268681, 0.50330484), (0.8239922, 0.5121562), (0.8130395, 0.5076195), (0.81726474, 0.499327), (0.8220987, 0.51798373), (0.8130395, 0.5076195), (0.8239922, 0.5121562), (0.8220987, 0.51798373), (0.81025773, 0.513079), (0.8130395, 0.5076195), (0.821096, 0.5210698), (0.81025773, 0.513079), (0.8220987, 0.51798373), (0.821096, 0.5210698), (0.80878454, 0.51597035), (0.81025773, 0.513079), (0.8130395, 0.5076195), (0.8084019, 0.4938957), (0.81726474, 0.499327), (0.8130395, 0.5076195), (0.80293137, 0.5014251), (0.8084019, 0.4938957), (0.81025773, 0.513079), (0.80293137, 0.5014251), (0.8130395, 0.5076195), (0.81025773, 0.513079), (0.7993297, 0.5063824), (0.80293137, 0.5014251), (0.80878454, 0.51597035), (0.7993297, 0.5063824), (0.81025773, 0.513079), (0.80878454, 0.51597035), (0.79742247, 0.50900763), (0.7993297, 0.5063824), (0.80293137, 0.5014251), (0.8004976, 0.4871449), (0.8084019, 0.4938957), (0.80293137, 0.5014251), (0.79391664, 0.49372596), (0.8004976, 0.4871449), (0.7993297, 0.5063824), (0.79391664, 0.49372596), (0.80293137, 0.5014251), (0.7993297, 0.5063824), (0.7895841, 0.49805862), (0.79391664, 0.49372596), (0.79742247, 0.50900763), (0.7895841, 0.49805862), (0.7993297, 0.5063824), (0.79742247, 0.50900763), (0.7872893, 0.50035316), (0.7895841, 0.49805862), (0.79391664, 0.49372596), (0.7937469, 0.47924072), (0.8004976, 0.4871449), (0.79391664, 0.49372596), (0.78621715, 0.48471123), (0.7937469, 0.47924072), (0.7895841, 0.49805862), (0.78621715, 0.48471123), (0.79391664, 0.49372596), (0.7895841, 0.49805862), (0.78125995, 0.4883129), (0.78621715, 0.48471123), (0.7872893, 0.50035316), (0.78125995, 0.4883129), (0.7895841, 0.49805862), (0.7872893, 0.50035316), (0.77863497, 0.49022013), (0.78125995, 0.4883129), (0.78621715, 0.48471123), (0.7883157, 0.4703778), (0.7937469, 0.47924072), (0.78621715, 0.48471123), (0.7800233, 0.47460306), (0.7883157, 0.4703778), (0.78125995, 0.4883129), (0.7800233, 0.47460306), (0.78621715, 0.48471123), (0.78125995, 0.4883129), (0.7745635, 0.47738487), (0.7800233, 0.47460306), (0.77863497, 0.49022013), (0.7745635, 0.47738487), (0.78125995, 0.4883129), (0.77863497, 0.49022013), (0.7716723, 0.47885805), (0.7745635, 0.47738487), (0.7800233, 0.47460306), (0.78433794, 0.46077436), (0.7883157, 0.4703778), (0.7800233, 0.47460306), (0.7754864, 0.46365035), (0.78433794, 0.46077436), (0.7745635, 0.47738487), (0.7754864, 0.46365035), (0.7800233, 0.47460306), (0.7745635, 0.47738487), (0.769659, 0.46554387), (0.7754864, 0.46365035), (0.7716723, 0.47885805), (0.769659, 0.46554387), (0.7745635, 0.47738487), (0.7716723, 0.47885805), (0.76657265, 0.4665466), (0.769659, 0.46554387), (0.7754864, 0.46365035), (0.7819113, 0.45066684), (0.78433794, 0.46077436), (0.78433794, 0.46077436), (0.7819113, 0.45066684), (0.7919741, 0.44907308), (0.7754864, 0.46365035), (0.77271885, 0.4521228), (0.7819113, 0.45066684), (0.769659, 0.46554387), (0.77271885, 0.4521228), (0.7754864, 0.46365035), (0.769659, 0.46554387), (0.7666668, 0.4530815), (0.77271885, 0.4521228), (0.76657265, 0.4665466), (0.7666668, 0.4530815), (0.769659, 0.46554387), (0.76657265, 0.4665466), (0.76346177, 0.45358896), (0.7666668, 0.4530815), (0.7819113, 0.45066684), (0.7912838, 0.44030428), (0.7919741, 0.44907308), (0.7919741, 0.44907308), (0.7912838, 0.44030428), (0.8045142, 0.44030428), (0.7919741, 0.44907308), (0.8045142, 0.44030428), (0.8050415, 0.44700348), (0.7819113, 0.45066684), (0.7810957, 0.44030428), (0.7912838, 0.44030428), (0.77271885, 0.4521228), (0.7810957, 0.44030428), (0.7819113, 0.45066684), (0.77271885, 0.4521228), (0.77178866, 0.44030428), (0.7810957, 0.44030428), (0.7666668, 0.4530815), (0.77178866, 0.44030428), (0.77271885, 0.4521228), (0.7666668, 0.4530815), (0.7656613, 0.44030428), (0.77178866, 0.44030428), (0.76346177, 0.45358896), (0.7656613, 0.44030428), (0.7666668, 0.4530815), (0.76346177, 0.45358896), (0.7624163, 0.44030428), (0.7656613, 0.44030428), (0.7912838, 0.44030428), (0.8050415, 0.43360513), (0.8045142, 0.44030428), (0.7912838, 0.44030428), (0.7919741, 0.43153542), (0.8050415, 0.43360513), (0.7810957, 0.44030428), (0.7919741, 0.43153542), (0.7912838, 0.44030428), (0.7810957, 0.44030428), (0.7819113, 0.42994165), (0.7919741, 0.43153542), (0.77178866, 0.44030428), (0.7819113, 0.42994165), (0.7810957, 0.44030428), (0.77178866, 0.44030428), (0.77271885, 0.42848575), (0.7819113, 0.42994165), (0.7656613, 0.44030428), (0.77271885, 0.42848575), (0.77178866, 0.44030428), (0.7656613, 0.44030428), (0.7666668, 0.4275272), (0.77271885, 0.42848575), (0.7624163, 0.44030428), (0.7666668, 0.4275272), (0.7656613, 0.44030428), (0.7624163, 0.44030428), (0.76346177, 0.42701954), (0.7666668, 0.4275272), (0.7919741, 0.43153542), (0.8066103, 0.42707098), (0.8050415, 0.43360513), (0.7919741, 0.43153542), (0.7940274, 0.42298257), (0.8066103, 0.42707098), (0.7819113, 0.42994165), (0.7940274, 0.42298257), (0.7919741, 0.43153542), (0.7819113, 0.42994165), (0.78433794, 0.41983414), (0.7940274, 0.42298257), (0.77271885, 0.42848575), (0.78433794, 0.41983414), (0.7819113, 0.42994165), (0.77271885, 0.42848575), (0.7754864, 0.41695815), (0.78433794, 0.41983414), (0.7666668, 0.4275272), (0.7754864, 0.41695815), (0.77271885, 0.42848575), (0.7666668, 0.4275272), (0.769659, 0.4150647), (0.7754864, 0.41695815), (0.76346177, 0.42701954), (0.769659, 0.4150647), (0.7666668, 0.4275272), (0.76346177, 0.42701954), (0.76657265, 0.4140619), (0.769659, 0.4150647), (0.7940274, 0.42298257), (0.80918187, 0.42086256), (0.8066103, 0.42707098), (0.7940274, 0.42298257), (0.7973935, 0.41485608), (0.80918187, 0.42086256), (0.78433794, 0.41983414), (0.7973935, 0.41485608), (0.7940274, 0.42298257), (0.78433794, 0.41983414), (0.7883157, 0.4102307), (0.7973935, 0.41485608), (0.7754864, 0.41695815), (0.7883157, 0.4102307), (0.78433794, 0.41983414), (0.7754864, 0.41695815), (0.7800233, 0.4060055), (0.7883157, 0.4102307), (0.769659, 0.4150647), (0.7800233, 0.4060055), (0.7754864, 0.41695815), (0.769659, 0.4150647), (0.7745635, 0.4032237), (0.7800233, 0.4060055), (0.76657265, 0.4140619), (0.7745635, 0.4032237), (0.769659, 0.4150647), (0.76657265, 0.4140619), (0.77167255, 0.4017505), (0.7745635, 0.4032237), (0.7973935, 0.41485608), (0.81269294, 0.415133), (0.80918187, 0.42086256), (0.7973935, 0.41485608), (0.8019894, 0.40735626), (0.81269294, 0.415133), (0.7883157, 0.4102307), (0.8019894, 0.40735626), (0.7973935, 0.41485608), (0.7883157, 0.4102307), (0.7937469, 0.40136778), (0.8019894, 0.40735626), (0.7800233, 0.4060055), (0.7937469, 0.40136778), (0.7883157, 0.4102307), (0.7800233, 0.4060055), (0.78621715, 0.3958974), (0.7937469, 0.40136778), (0.7745635, 0.4032237), (0.78621715, 0.3958974), (0.7800233, 0.4060055), (0.7745635, 0.4032237), (0.78125995, 0.39229572), (0.78621715, 0.3958974), (0.77167255, 0.4017505), (0.78125995, 0.39229572), (0.7745635, 0.4032237), (0.77167255, 0.4017505), (0.77863497, 0.39038837), (0.78125995, 0.39229572), (0.8019894, 0.40735626), (0.8170571, 0.4100231), (0.81269294, 0.415133), (0.8019894, 0.40735626), (0.80770177, 0.40066785), (0.8170571, 0.4100231), (0.7937469, 0.40136778), (0.80770177, 0.40066785), (0.8019894, 0.40735626), (0.7937469, 0.40136778), (0.8004976, 0.3934636), (0.80770177, 0.40066785), (0.78621715, 0.3958974), (0.8004976, 0.3934636), (0.7937469, 0.40136778), (0.78621715, 0.3958974), (0.79391664, 0.38688266), (0.8004976, 0.3934636), (0.78125995, 0.39229572), (0.79391664, 0.38688266), (0.78621715, 0.3958974), (0.78125995, 0.39229572), (0.7895841, 0.38254988), (0.79391664, 0.38688266), (0.77863497, 0.39038837), (0.7895841, 0.38254988), (0.78125995, 0.39229572), (0.77863497, 0.39038837), (0.7872893, 0.3802554), (0.7895841, 0.38254988), (0.80770177, 0.40066785), (0.822167, 0.40565896), (0.8170571, 0.4100231), (0.80770177, 0.40066785), (0.8143905, 0.39495534), (0.822167, 0.40565896), (0.8004976, 0.3934636), (0.8143905, 0.39495534), (0.80770177, 0.40066785), (0.8004976, 0.3934636), (0.8084019, 0.3867128), (0.8143905, 0.39495534), (0.79391664, 0.38688266), (0.8084019, 0.3867128), (0.8004976, 0.3934636), (0.79391664, 0.38688266), (0.80293137, 0.3791834), (0.8084019, 0.3867128), (0.7895841, 0.38254988), (0.80293137, 0.3791834), (0.79391664, 0.38688266), (0.7895841, 0.38254988), (0.7993297, 0.37422615), (0.80293137, 0.3791834), (0.7872893, 0.3802554), (0.7993297, 0.37422615), (0.7895841, 0.38254988), (0.7872893, 0.3802554), (0.79742247, 0.371601), (0.7993297, 0.37422615), (0.8143905, 0.39495534), (0.82789654, 0.40214777), (0.822167, 0.40565896), (0.8143905, 0.39495534), (0.82189006, 0.3903594), (0.82789654, 0.40214777), (0.8084019, 0.3867128), (0.82189006, 0.3903594), (0.8143905, 0.39495534), (0.8084019, 0.3867128), (0.81726474, 0.3812816), (0.82189006, 0.3903594), (0.80293137, 0.3791834), (0.81726474, 0.3812816), (0.8084019, 0.3867128), (0.80293137, 0.3791834), (0.8130395, 0.37298912), (0.81726474, 0.3812816), (0.7993297, 0.37422615), (0.8130395, 0.37298912), (0.80293137, 0.3791834), (0.7993297, 0.37422615), (0.81025773, 0.3675295), (0.8130395, 0.37298912), (0.79742247, 0.371601), (0.81025773, 0.3675295), (0.7993297, 0.37422615), (0.79742247, 0.371601), (0.80878454, 0.36463827), (0.81025773, 0.3675295), (0.82189006, 0.3903594), (0.83410496, 0.3995762), (0.82789654, 0.40214777), (0.82189006, 0.3903594), (0.83001655, 0.38699335), (0.83410496, 0.3995762), (0.81726474, 0.3812816), (0.83001655, 0.38699335), (0.82189006, 0.3903594), (0.81726474, 0.3812816), (0.8268681, 0.37730372), (0.83001655, 0.38699335), (0.8130395, 0.37298912), (0.8268681, 0.37730372), (0.81726474, 0.3812816), (0.8130395, 0.37298912), (0.8239922, 0.3684523), (0.8268681, 0.37730372), (0.81025773, 0.3675295), (0.8239922, 0.3684523), (0.8130395, 0.37298912), (0.81025773, 0.3675295), (0.8220987, 0.36262476), (0.8239922, 0.3684523), (0.80878454, 0.36463827), (0.8220987, 0.36262476), (0.81025773, 0.3675295), (0.80878454, 0.36463827), (0.821096, 0.35953867), (0.8220987, 0.36262476), (0.83001655, 0.38699335), (0.840639, 0.3980075), (0.83410496, 0.3995762), (0.83001655, 0.38699335), (0.83856946, 0.38494003), (0.840639, 0.3980075), (0.8268681, 0.37730372), (0.83856946, 0.38494003), (0.83001655, 0.38699335), (0.8268681, 0.37730372), (0.83697563, 0.37487715), (0.83856946, 0.38494003), (0.8239922, 0.3684523), (0.83697563, 0.37487715), (0.8268681, 0.37730372), (0.8239922, 0.3684523), (0.8355195, 0.3656848), (0.83697563, 0.37487715), (0.8220987, 0.36262476), (0.8355195, 0.3656848), (0.8239922, 0.3684523), (0.8220987, 0.36262476), (0.83456117, 0.35963285), (0.8355195, 0.3656848), (0.821096, 0.35953867), (0.83456117, 0.35963285), (0.8220987, 0.36262476), (0.821096, 0.35953867), (0.83405346, 0.35642785), (0.83456117, 0.35963285), (0.83856946, 0.38494003), (0.8473382, 0.39748025), (0.840639, 0.3980075), (0.83856946, 0.38494003), (0.8473382, 0.38424993), (0.8473382, 0.39748025), (0.83697563, 0.37487715), (0.8473382, 0.38424993), (0.83856946, 0.38494003), (0.83697563, 0.37487715), (0.8473382, 0.37406158), (0.8473382, 0.38424993), (0.8355195, 0.3656848), (0.8473382, 0.37406158), (0.83697563, 0.37487715), (0.8355195, 0.3656848), (0.8473382, 0.36475468), (0.8473382, 0.37406158), (0.83456117, 0.35963285), (0.8473382, 0.36475468), (0.8355195, 0.3656848), (0.83456117, 0.35963285), (0.8473382, 0.35862726), (0.8473382, 0.36475468), (0.83405346, 0.35642785), (0.8473382, 0.35862726), (0.83456117, 0.35963285), (0.83405346, 0.35642785), (0.8473382, 0.35538232), (0.8473382, 0.35862726), (0.8473382, 0.38424993), (0.8540374, 0.3980075), (0.8473382, 0.39748025), (0.8473382, 0.38424993), (0.856107, 0.38494003), (0.8540374, 0.3980075), (0.8473382, 0.37406158), (0.856107, 0.38494003), (0.8473382, 0.38424993), (0.8473382, 0.37406158), (0.8577008, 0.37487715), (0.856107, 0.38494003), (0.8473382, 0.36475468), (0.8577008, 0.37487715), (0.8473382, 0.37406158), (0.8473382, 0.36475468), (0.85915685, 0.3656848), (0.8577008, 0.37487715), (0.8473382, 0.35862726), (0.85915685, 0.3656848), (0.8473382, 0.36475468), (0.8473382, 0.35862726), (0.8601154, 0.35963285), (0.85915685, 0.3656848), (0.8473382, 0.35538232), (0.8601154, 0.35963285), (0.8473382, 0.35862726), (0.8473382, 0.35538232), (0.8606229, 0.35642785), (0.8601154, 0.35963285), (0.856107, 0.38494003), (0.8605715, 0.3995762), (0.8540374, 0.3980075), (0.856107, 0.38494003), (0.86466, 0.38699335), (0.8605715, 0.3995762), (0.8577008, 0.37487715), (0.86466, 0.38699335), (0.856107, 0.38494003), (0.8577008, 0.37487715), (0.86780834, 0.37730372), (0.86466, 0.38699335), (0.85915685, 0.3656848), (0.86780834, 0.37730372), (0.8577008, 0.37487715), (0.85915685, 0.3656848), (0.87068427, 0.3684523), (0.86780834, 0.37730372), (0.8601154, 0.35963285), (0.87068427, 0.3684523), (0.85915685, 0.3656848), (0.8601154, 0.35963285), (0.8725778, 0.36262476), (0.87068427, 0.3684523), (0.8606229, 0.35642785), (0.8725778, 0.36262476), (0.8601154, 0.35963285), (0.8606229, 0.35642785), (0.8735806, 0.35953867), (0.8725778, 0.36262476), (0.86466, 0.38699335), (0.8667799, 0.40214777), (0.8605715, 0.3995762), (0.86466, 0.38699335), (0.8727864, 0.3903594), (0.8667799, 0.40214777), (0.86780834, 0.37730372), (0.8727864, 0.3903594), (0.86466, 0.38699335), (0.86780834, 0.37730372), (0.87741184, 0.3812816), (0.8727864, 0.3903594), (0.87068427, 0.3684523), (0.87741184, 0.3812816), (0.86780834, 0.37730372), (0.87068427, 0.3684523), (0.8816371, 0.37298912), (0.87741184, 0.3812816), (0.8725778, 0.36262476), (0.8816371, 0.37298912), (0.87068427, 0.3684523), (0.8725778, 0.36262476), (0.8844187, 0.3675295), (0.8816371, 0.37298912), (0.8735806, 0.35953867), (0.8844187, 0.3675295), (0.8725778, 0.36262476), (0.8735806, 0.35953867), (0.88589203, 0.36463827), (0.8844187, 0.3675295), (0.8727864, 0.3903594), (0.8725095, 0.4056589), (0.8667799, 0.40214777), (0.8725095, 0.4056589), (0.8473382, 0.44030428), (0.8667799, 0.40214777), (0.8776194, 0.4100231), (0.8473382, 0.44030428), (0.8725095, 0.4056589), (0.8819835, 0.415133), (0.8473382, 0.44030428), (0.8776194, 0.4100231), (0.8854947, 0.42086256), (0.8473382, 0.44030428), (0.8819835, 0.415133), (0.8880662, 0.42707092), (0.8473382, 0.44030428), (0.8854947, 0.42086256), (0.88963497, 0.43360513), (0.8473382, 0.44030428), (0.8880662, 0.42707092), (0.8901622, 0.44030434), (0.8473382, 0.44030428), (0.88963497, 0.43360513), (0.8727864, 0.3903594), (0.8802861, 0.39495528), (0.8725095, 0.4056589), (0.87741184, 0.3812816), (0.8802861, 0.39495528), (0.8727864, 0.3903594), (0.8802861, 0.39495528), (0.8776194, 0.4100231), (0.8725095, 0.4056589), (0.87741184, 0.3812816), (0.8862746, 0.3867128), (0.8802861, 0.39495528), (0.8816371, 0.37298912), (0.8862746, 0.3867128), (0.87741184, 0.3812816), (0.8816371, 0.37298912), (0.8917451, 0.3791834), (0.8862746, 0.3867128), (0.8844187, 0.3675295), (0.8917451, 0.3791834), (0.8816371, 0.37298912), (0.8844187, 0.3675295), (0.89534676, 0.37422615), (0.8917451, 0.3791834), (0.88589203, 0.36463827), (0.89534676, 0.37422615), (0.8844187, 0.3675295), (0.88589203, 0.36463827), (0.8972541, 0.371601), (0.89534676, 0.37422615), (0.8802861, 0.39495528), (0.8869747, 0.4006678), (0.8776194, 0.4100231), (0.8862746, 0.3867128), (0.8869747, 0.4006678), (0.8802861, 0.39495528), (0.8869747, 0.4006678), (0.8819835, 0.415133), (0.8776194, 0.4100231), (0.8862746, 0.3867128), (0.89417887, 0.3934636), (0.8869747, 0.4006678), (0.8917451, 0.3791834), (0.89417887, 0.3934636), (0.8862746, 0.3867128), (0.8917451, 0.3791834), (0.9007598, 0.38688266), (0.89417887, 0.3934636), (0.89534676, 0.37422615), (0.9007598, 0.38688266), (0.8917451, 0.3791834), (0.89534676, 0.37422615), (0.9050926, 0.38254988), (0.9007598, 0.38688266), (0.8972541, 0.371601), (0.9050926, 0.38254988), (0.89534676, 0.37422615), (0.8972541, 0.371601), (0.9073874, 0.3802554), (0.9050926, 0.38254988), (0.8869747, 0.4006678), (0.8926871, 0.40735626), (0.8819835, 0.415133), (0.89417887, 0.3934636), (0.8926871, 0.40735626), (0.8869747, 0.4006678), (0.8926871, 0.40735626), (0.8854947, 0.42086256), (0.8819835, 0.415133), (0.89417887, 0.3934636), (0.9009297, 0.40136778), (0.8926871, 0.40735626), (0.9007598, 0.38688266), (0.9009297, 0.40136778), (0.89417887, 0.3934636), (0.9007598, 0.38688266), (0.9084594, 0.3958974), (0.9009297, 0.40136778), (0.9050926, 0.38254988), (0.9084594, 0.3958974), (0.9007598, 0.38688266), (0.9050926, 0.38254988), (0.9134164, 0.39229572), (0.9084594, 0.3958974), (0.9073874, 0.3802554), (0.9134164, 0.39229572), (0.9050926, 0.38254988), (0.9073874, 0.3802554), (0.9160416, 0.39038837), (0.9134164, 0.39229572), (0.9009297, 0.40136778), (0.89728296, 0.41485608), (0.8926871, 0.40735626), (0.8926871, 0.40735626), (0.89728296, 0.41485608), (0.8854947, 0.42086256), (0.9009297, 0.40136778), (0.90636075, 0.4102307), (0.89728296, 0.41485608), (0.9084594, 0.3958974), (0.90636075, 0.4102307), (0.9009297, 0.40136778), (0.9084594, 0.3958974), (0.9146534, 0.4060055), (0.90636075, 0.4102307), (0.9134164, 0.39229572), (0.9146534, 0.4060055), (0.9084594, 0.3958974), (0.9134164, 0.39229572), (0.92011285, 0.4032237), (0.9146534, 0.4060055), (0.9160416, 0.39038837), (0.92011285, 0.4032237), (0.9134164, 0.39229572), (0.9160416, 0.39038837), (0.9230044, 0.4017505), (0.92011285, 0.4032237), (0.89728296, 0.41485608), (0.8880662, 0.42707092), (0.8854947, 0.42086256), (0.89728296, 0.41485608), (0.9006492, 0.42298257), (0.8880662, 0.42707092), (0.90636075, 0.4102307), (0.9006492, 0.42298257), (0.89728296, 0.41485608), (0.90636075, 0.4102307), (0.91033876, 0.41983414), (0.9006492, 0.42298257), (0.9146534, 0.4060055), (0.91033876, 0.41983414), (0.90636075, 0.4102307), (0.9146534, 0.4060055), (0.91919005, 0.41695815), (0.91033876, 0.41983414), (0.92011285, 0.4032237), (0.91919005, 0.41695815), (0.9146534, 0.4060055), (0.92011285, 0.4032237), (0.9250177, 0.4150647), (0.91919005, 0.41695815), (0.9230044, 0.4017505), (0.9250177, 0.4150647), (0.92011285, 0.4032237), (0.9230044, 0.4017505), (0.9281038, 0.4140619), (0.9250177, 0.4150647), (0.9006492, 0.42298257), (0.88963497, 0.43360513), (0.8880662, 0.42707092), (0.9006492, 0.42298257), (0.90270257, 0.43153536), (0.88963497, 0.43360513), (0.91033876, 0.41983414), (0.90270257, 0.43153536), (0.9006492, 0.42298257), (0.91033876, 0.41983414), (0.9127656, 0.42994165), (0.90270257, 0.43153536), (0.91919005, 0.41695815), (0.9127656, 0.42994165), (0.91033876, 0.41983414), (0.91919005, 0.41695815), (0.9219575, 0.42848575), (0.9127656, 0.42994165), (0.9250177, 0.4150647), (0.9219575, 0.42848575), (0.91919005, 0.41695815), (0.9250177, 0.4150647), (0.9280096, 0.4275272), (0.9219575, 0.42848575), (0.9281038, 0.4140619), (0.9280096, 0.4275272), (0.9250177, 0.4150647), (0.9281038, 0.4140619), (0.9312146, 0.42701954), (0.9280096, 0.4275272), (0.90270257, 0.43153536), (0.8901622, 0.44030434), (0.88963497, 0.43360513), (0.90270257, 0.43153536), (0.9033927, 0.44030428), (0.8901622, 0.44030434), (0.9127656, 0.42994165), (0.9033927, 0.44030428), (0.90270257, 0.43153536), (0.9127656, 0.42994165), (0.9135809, 0.44030428), (0.9033927, 0.44030428), (0.9219575, 0.42848575), (0.9135809, 0.44030428), (0.9127656, 0.42994165), (0.9219575, 0.42848575), (0.92288804, 0.44030428), (0.9135809, 0.44030428), (0.9280096, 0.4275272), (0.92288804, 0.44030428), (0.9219575, 0.42848575), (0.9280096, 0.4275272), (0.9290154, 0.44030428), (0.92288804, 0.44030428), (0.9312146, 0.42701954), (0.9290154, 0.44030428), (0.9280096, 0.4275272), (0.9312146, 0.42701954), (0.9322603, 0.44030428), (0.9290154, 0.44030428), (0.9281038, 0.4140619), (0.9316845, 0.4269451), (0.9312146, 0.42701954), (0.9281038, 0.4140619), (0.9285562, 0.41391498), (0.9316845, 0.4269451), (0.9230044, 0.4017505), (0.9285562, 0.41391498), (0.9281038, 0.4140619), (0.9230044, 0.4017505), (0.92342794, 0.40153456), (0.9285562, 0.41391498), (0.91642654, 0.39010882), (0.92342794, 0.40153456), (0.9230044, 0.4017505), (0.91642654, 0.39010882), (0.9230044, 0.4017505), (0.9160416, 0.39038837), (0.9312146, 0.42701954), (0.9327358, 0.44030428), (0.9322603, 0.44030428), (0.9312146, 0.42701954), (0.9316845, 0.4269451), (0.9327358, 0.44030428), (0.9312146, 0.45358896), (0.9322603, 0.44030428), (0.9327358, 0.44030428), (0.9312146, 0.45358896), (0.9327358, 0.44030428), (0.9316845, 0.45366335), (0.9312146, 0.45358896), (0.9316845, 0.45366335), (0.9285562, 0.46669358), (0.9312146, 0.45358896), (0.9285562, 0.46669358), (0.9281038, 0.4665466), (0.9281038, 0.4665466), (0.9285562, 0.46669358), (0.92342794, 0.47907394), (0.9281038, 0.4665466), (0.92342794, 0.47907394), (0.9230044, 0.47885805), (0.9230044, 0.47885805), (0.92342794, 0.47907394), (0.91642654, 0.4904998), (0.9230044, 0.47885805), (0.91642654, 0.4904998), (0.91604185, 0.49022), (0.91604185, 0.49022), (0.91642654, 0.4904998), (0.9077233, 0.50068957), (0.91604185, 0.49022), (0.9077233, 0.50068957), (0.9073874, 0.50035316), (0.9073874, 0.50035316), (0.9077233, 0.50068957), (0.8975338, 0.50939244), (0.9073874, 0.50035316), (0.8975338, 0.50939244), (0.8972541, 0.5090075), (0.8972541, 0.5090075), (0.8975338, 0.50939244), (0.8861079, 0.51639414), (0.8972541, 0.5090075), (0.8861079, 0.51639414), (0.88589203, 0.51597035), (0.88589203, 0.51597035), (0.8861079, 0.51639414), (0.87372756, 0.52152234), (0.88589203, 0.51597035), (0.87372756, 0.52152234), (0.8735806, 0.5210698), (0.8735806, 0.5210698), (0.87372756, 0.52152234), (0.8606974, 0.5246505), (0.8735806, 0.5210698), (0.8606974, 0.5246505), (0.860623, 0.5241807), (0.860623, 0.5241807), (0.8606974, 0.5246505), (0.8473383, 0.52570194), (0.860623, 0.5241807), (0.8473383, 0.52570194), (0.8473383, 0.5252262), (0.8473383, 0.5252262), (0.8473383, 0.52570194), (0.83397907, 0.5246505), (0.8473383, 0.5252262), (0.83397907, 0.5246505), (0.83405346, 0.5241807), (0.83405346, 0.5241807), (0.83397907, 0.5246505), (0.820949, 0.52152234), (0.83405346, 0.5241807), (0.820949, 0.52152234), (0.821096, 0.5210698), (0.821096, 0.5210698), (0.820949, 0.52152234), (0.80856854, 0.51639414), (0.821096, 0.5210698), (0.80856854, 0.51639414), (0.80878454, 0.51597035), (0.80878454, 0.51597035), (0.80856854, 0.51639414), (0.7971428, 0.50939244), (0.80878454, 0.51597035), (0.7971428, 0.50939244), (0.79742247, 0.50900763), (0.79742247, 0.50900763), (0.7971428, 0.50939244), (0.78695315, 0.50068957), (0.79742247, 0.50900763), (0.78695315, 0.50068957), (0.7872893, 0.50035316), (0.7872893, 0.50035316), (0.78695315, 0.50068957), (0.77825016, 0.4904998), (0.7872893, 0.50035316), (0.77825016, 0.4904998), (0.77863497, 0.49022013), (0.77863497, 0.49022013), (0.77825016, 0.4904998), (0.7712485, 0.47907406), (0.77863497, 0.49022013), (0.7712485, 0.47907406), (0.7716723, 0.47885805), (0.7716723, 0.47885805), (0.7712485, 0.47907406), (0.76612025, 0.46669358), (0.7716723, 0.47885805), (0.76612025, 0.46669358), (0.76657265, 0.4665466), (0.76657265, 0.4665466), (0.76612025, 0.46669358), (0.7629922, 0.45366347), (0.76657265, 0.4665466), (0.7629922, 0.45366347), (0.76346177, 0.45358896), (0.76346177, 0.45358896), (0.7629922, 0.45366347), (0.76194066, 0.44030428), (0.76346177, 0.45358896), (0.76194066, 0.44030428), (0.7624163, 0.44030428), (0.7624163, 0.44030428), (0.76194066, 0.44030428), (0.7629922, 0.42694515), (0.7624163, 0.44030428), (0.7629922, 0.42694515), (0.76346177, 0.42701954), (0.76346177, 0.42701954), (0.7629922, 0.42694515), (0.76612025, 0.41391498), (0.76346177, 0.42701954), (0.76612025, 0.41391498), (0.76657265, 0.4140619), (0.76657265, 0.4140619), (0.76612025, 0.41391498), (0.7712485, 0.40153456), (0.76657265, 0.4140619), (0.7712485, 0.40153456), (0.77167255, 0.4017505), (0.77167255, 0.4017505), (0.7712485, 0.40153456), (0.77825016, 0.39010882), (0.77167255, 0.4017505), (0.77825016, 0.39010882), (0.77863497, 0.39038837), (0.77863497, 0.39038837), (0.77825016, 0.39010882), (0.78695315, 0.37991905), (0.77863497, 0.39038837), (0.78695315, 0.37991905), (0.7872893, 0.3802554), (0.7872893, 0.3802554), (0.78695315, 0.37991905), (0.7971428, 0.37121618), (0.7872893, 0.3802554), (0.7971428, 0.37121618), (0.79742247, 0.371601), (0.79742247, 0.371601), (0.7971428, 0.37121618), (0.80856854, 0.36421442), (0.79742247, 0.371601), (0.80856854, 0.36421442), (0.80878454, 0.36463827), (0.80878454, 0.36463827), (0.80856854, 0.36421442), (0.8209489, 0.35908628), (0.80878454, 0.36463827), (0.8209489, 0.35908628), (0.821096, 0.35953867), (0.821096, 0.35953867), (0.8209489, 0.35908628), (0.83397907, 0.3559581), (0.821096, 0.35953867), (0.83397907, 0.3559581), (0.83405346, 0.35642785), (0.83405346, 0.35642785), (0.83397907, 0.3559581), (0.8473382, 0.35490668), (0.83405346, 0.35642785), (0.8473382, 0.35490668), (0.8473382, 0.35538232), (0.8473382, 0.35538232), (0.8473382, 0.35490668), (0.86069727, 0.3559581), (0.8473382, 0.35538232), (0.86069727, 0.3559581), (0.8606229, 0.35642785), (0.8606229, 0.35642785), (0.86069727, 0.3559581), (0.87372756, 0.35908628), (0.8606229, 0.35642785), (0.87372756, 0.35908628), (0.8735806, 0.35953867), (0.8735806, 0.35953867), (0.87372756, 0.35908628), (0.8861079, 0.36421442), (0.8735806, 0.35953867), (0.8861079, 0.36421442), (0.88589203, 0.36463827), (0.88589203, 0.36463827), (0.8861079, 0.36421442), (0.8975338, 0.37121612), (0.88589203, 0.36463827), (0.8975338, 0.37121612), (0.8972541, 0.371601), (0.8972541, 0.371601), (0.8975338, 0.37121612), (0.9077233, 0.37991905), (0.8972541, 0.371601), (0.9077233, 0.37991905), (0.9073874, 0.3802554), (0.9073874, 0.3802554), (0.9077233, 0.37991905), (0.91642654, 0.39010882), (0.9073874, 0.3802554), (0.91642654, 0.39010882), (0.9160416, 0.39038837), (0.9027028, 0.4490732), (0.8880663, 0.45353758), (0.88963497, 0.44700348), (0.9027028, 0.4490732), (0.9006494, 0.457626), (0.8880663, 0.45353758), (0.8972832, 0.46575242), (0.88198364, 0.46547562), (0.8854947, 0.45974588), (0.8972832, 0.46575242), (0.8926872, 0.47325224), (0.88198364, 0.46547562), (0.8926872, 0.47325224), (0.8776194, 0.47058535), (0.88198364, 0.46547562), (0.8926872, 0.47325224), (0.8869747, 0.4799407), (0.8776194, 0.47058535), (0.8869747, 0.4799407), (0.8725095, 0.47494966), (0.8776194, 0.47058535), (0.8869747, 0.4799407), (0.8802861, 0.48565322), (0.8725095, 0.47494966), (0.8802861, 0.48565322), (0.8667799, 0.47846085), (0.8725095, 0.47494966), (0.8802861, 0.48565322), (0.8727864, 0.4902491), (0.8667799, 0.47846085), (0.8727864, 0.4902491), (0.8605715, 0.4810323), (0.8667799, 0.47846085), (0.8727864, 0.4902491), (0.86466, 0.4936151), (0.8605715, 0.4810323), (0.86466, 0.4936151), (0.8540374, 0.4826011), (0.8605715, 0.4810323), (0.86466, 0.4936151), (0.8561071, 0.4956686), (0.8540374, 0.4826011), (0.8561071, 0.4956686), (0.8473383, 0.48312825), (0.8540374, 0.4826011), (0.8561071, 0.4956686), (0.8473383, 0.4963587), (0.8473383, 0.48312825), (0.8473383, 0.4963587), (0.8406391, 0.4826011), (0.8473383, 0.48312825), (0.8473383, 0.4963587), (0.8385696, 0.4956686), (0.8406391, 0.4826011), (0.8385696, 0.4956686), (0.83410496, 0.4810323), (0.8406391, 0.4826011), (0.8385696, 0.4956686), (0.83001655, 0.4936152), (0.83410496, 0.4810323), (0.83001655, 0.4936152), (0.82789654, 0.47846085), (0.83410496, 0.4810323), (0.83001655, 0.4936152), (0.82189006, 0.4902491), (0.82789654, 0.47846085), (0.82189006, 0.4902491), (0.822167, 0.47494966), (0.82789654, 0.47846085), (0.82189006, 0.4902491), (0.8143905, 0.48565322), (0.822167, 0.47494966), (0.8143905, 0.48565322), (0.8170571, 0.47058535), (0.822167, 0.47494966), (0.8143905, 0.48565322), (0.80770177, 0.4799407), (0.8170571, 0.47058535), (0.80770177, 0.4799407), (0.81269294, 0.46547562), (0.8170571, 0.47058535), (0.80770177, 0.4799407), (0.8019894, 0.47325224), (0.81269294, 0.46547562), (0.8019894, 0.47325224), (0.80918187, 0.45974588), (0.81269294, 0.46547562), (0.8019894, 0.47325224), (0.7973935, 0.46575242), (0.80918187, 0.45974588), (0.7973935, 0.46575242), (0.8066103, 0.45353758), (0.80918187, 0.45974588), (0.7973935, 0.46575242), (0.7940274, 0.457626), (0.8066103, 0.45353758), (0.31778818, 0.90065825), (0.30838525, 0.9677411), (0.30838525, 0.90065825), (0.31778818, 0.90065825), (0.31778818, 0.9677411), (0.30838525, 0.9677411), (0.32719105, 0.90065825), (0.31778818, 0.9677411), (0.31778818, 0.90065825), (0.32719105, 0.90065825), (0.32719105, 0.9677411), (0.31778818, 0.9677411), (0.336594, 0.90065825), (0.32719105, 0.9677411), (0.32719105, 0.90065825), (0.336594, 0.90065825), (0.336594, 0.9677411), (0.32719105, 0.9677411), (0.34599686, 0.90065825), (0.336594, 0.9677411), (0.336594, 0.90065825), (0.34599686, 0.90065825), (0.34599686, 0.9677411), (0.336594, 0.9677411), (0.3553998, 0.90065825), (0.34599686, 0.9677411), (0.34599686, 0.90065825), (0.3553998, 0.90065825), (0.3553998, 0.9677411), (0.34599686, 0.9677411), (0.36480266, 0.90065825), (0.3553998, 0.9677411), (0.3553998, 0.90065825), (0.36480266, 0.90065825), (0.36480266, 0.9677411), (0.3553998, 0.9677411), (0.37420553, 0.90065825), (0.36480266, 0.9677411), (0.36480266, 0.90065825), (0.37420553, 0.90065825), (0.37420553, 0.9677411), (0.36480266, 0.9677411), (0.38360846, 0.90065825), (0.37420553, 0.9677411), (0.37420553, 0.90065825), (0.38360846, 0.90065825), (0.38360846, 0.9677411), (0.37420553, 0.9677411), (0.3930114, 0.90065825), (0.38360846, 0.9677411), (0.38360846, 0.90065825), (0.3930114, 0.90065825), (0.3930114, 0.9677411), (0.38360846, 0.9677411), (0.32719105, 0.9001899), (0.336594, 0.90065825), (0.32719105, 0.90065825), (0.32719105, 0.9001899), (0.336594, 0.9001899), (0.336594, 0.90065825), (0.336594, 0.9001899), (0.34599686, 0.90065825), (0.336594, 0.90065825), (0.32719105, 0.8998468), (0.336594, 0.9001899), (0.32719105, 0.9001899), (0.31778818, 0.8998468), (0.32719105, 0.8998468), (0.32719105, 0.9001899), (0.31778818, 0.8997214), (0.32719105, 0.8998468), (0.31778818, 0.8998468), (0.30838525, 0.8997214), (0.31778818, 0.8997214), (0.31778818, 0.8998468), (0.30838525, 0.8997214), (0.31778818, 0.89417964), (0.31778818, 0.8997214), (0.30838525, 0.8997214), (0.30838525, 0.89417964), (0.31778818, 0.89417964), (0.31778818, 0.8997214), (0.31778818, 0.89417964), (0.32719105, 0.89417964), (0.31778818, 0.8997214), (0.32719105, 0.89417964), (0.32719105, 0.8997214), (0.31778818, 0.8997214), (0.32719105, 0.8997214), (0.32719105, 0.8998468), (0.32719105, 0.8997214), (0.32719105, 0.89417964), (0.336594, 0.89417964), (0.32719105, 0.8997214), (0.336594, 0.89417964), (0.336594, 0.8997214), (0.336594, 0.8997214), (0.336594, 0.89417964), (0.34599686, 0.89417964), (0.336594, 0.8997214), (0.34599686, 0.89417964), (0.34599686, 0.8997214), (0.34599686, 0.8997214), (0.34599686, 0.89417964), (0.3553998, 0.89417964), (0.34599686, 0.8997214), (0.3553998, 0.89417964), (0.3553998, 0.8997214), (0.3553998, 0.8997214), (0.3553998, 0.89417964), (0.36480266, 0.89417964), (0.3553998, 0.8997214), (0.36480266, 0.89417964), (0.36480266, 0.8997214), (0.36480266, 0.8997214), (0.36480266, 0.89417964), (0.37420553, 0.89417964), (0.36480266, 0.8997214), (0.37420553, 0.89417964), (0.37420553, 0.8997214), (0.37420553, 0.8997214), (0.37420553, 0.89417964), (0.38360846, 0.89417964), (0.37420553, 0.8997214), (0.38360846, 0.89417964), (0.38360846, 0.8997214), (0.38360846, 0.8997214), (0.38360846, 0.89417964), (0.3930114, 0.89417964), (0.38360846, 0.8997214), (0.3930114, 0.89417964), (0.3930114, 0.8997214), (0.32719105, 0.8997214), (0.336594, 0.8997214), (0.336594, 0.8998468), (0.32719105, 0.8997214), (0.336594, 0.8998468), (0.32719105, 0.8998468), (0.32719105, 0.8998468), (0.336594, 0.8998468), (0.336594, 0.9001899), (0.336594, 0.8998468), (0.34599686, 0.9001899), (0.336594, 0.9001899), (0.336594, 0.9001899), (0.34599686, 0.9001899), (0.34599686, 0.90065825), (0.336594, 0.8998468), (0.34599686, 0.8998468), (0.34599686, 0.9001899), (0.336594, 0.8997214), (0.34599686, 0.8998468), (0.336594, 0.8998468), (0.336594, 0.8997214), (0.34599686, 0.8997214), (0.34599686, 0.8998468), (0.34599686, 0.8997214), (0.3553998, 0.8998468), (0.34599686, 0.8998468), (0.34599686, 0.8997214), (0.3553998, 0.8997214), (0.3553998, 0.8998468), (0.34599686, 0.9001899), (0.3553998, 0.90065825), (0.34599686, 0.90065825), (0.34599686, 0.9001899), (0.3553998, 0.9001899), (0.3553998, 0.90065825), (0.34599686, 0.8998468), (0.3553998, 0.9001899), (0.34599686, 0.9001899), (0.34599686, 0.8998468), (0.3553998, 0.8998468), (0.3553998, 0.9001899), (0.3553998, 0.8997214), (0.36480266, 0.8998468), (0.3553998, 0.8998468), (0.3553998, 0.8997214), (0.36480266, 0.8997214), (0.36480266, 0.8998468), (0.3553998, 0.9001899), (0.36480266, 0.90065825), (0.3553998, 0.90065825), (0.3553998, 0.9001899), (0.36480266, 0.9001899), (0.36480266, 0.90065825), (0.3553998, 0.8998468), (0.36480266, 0.9001899), (0.3553998, 0.9001899), (0.3553998, 0.8998468), (0.36480266, 0.8998468), (0.36480266, 0.9001899), (0.36480266, 0.8997214), (0.37420553, 0.8998468), (0.36480266, 0.8998468), (0.36480266, 0.8997214), (0.37420553, 0.8997214), (0.37420553, 0.8998468), (0.36480266, 0.9001899), (0.37420553, 0.90065825), (0.36480266, 0.90065825), (0.36480266, 0.9001899), (0.37420553, 0.9001899), (0.37420553, 0.90065825), (0.36480266, 0.8998468), (0.37420553, 0.9001899), (0.36480266, 0.9001899), (0.36480266, 0.8998468), (0.37420553, 0.8998468), (0.37420553, 0.9001899), (0.37420553, 0.8997214), (0.38360846, 0.8998468), (0.37420553, 0.8998468), (0.37420553, 0.8997214), (0.38360846, 0.8997214), (0.38360846, 0.8998468), (0.37420553, 0.9001899), (0.38360846, 0.90065825), (0.37420553, 0.90065825), (0.37420553, 0.9001899), (0.38360846, 0.9001899), (0.38360846, 0.90065825), (0.37420553, 0.8998468), (0.38360846, 0.9001899), (0.37420553, 0.9001899), (0.37420553, 0.8998468), (0.38360846, 0.8998468), (0.38360846, 0.9001899), (0.38360846, 0.8997214), (0.3930114, 0.8998468), (0.38360846, 0.8998468), (0.38360846, 0.8997214), (0.3930114, 0.8997214), (0.3930114, 0.8998468), (0.38360846, 0.9001899), (0.3930114, 0.90065825), (0.38360846, 0.90065825), (0.38360846, 0.9001899), (0.3930114, 0.9001899), (0.3930114, 0.90065825), (0.38360846, 0.8998468), (0.3930114, 0.9001899), (0.38360846, 0.9001899), (0.38360846, 0.8998468), (0.3930114, 0.8998468), (0.3930114, 0.9001899), (0.026298255, 0.90065825), (0.016895354, 0.9677411), (0.016895354, 0.90065825), (0.026298255, 0.90065825), (0.026298255, 0.9677411), (0.016895354, 0.9677411), (0.03570117, 0.90065825), (0.026298255, 0.9677411), (0.026298255, 0.90065825), (0.03570117, 0.90065825), (0.03570117, 0.9677411), (0.026298255, 0.9677411), (0.04510407, 0.90065825), (0.03570117, 0.9677411), (0.03570117, 0.90065825), (0.04510407, 0.90065825), (0.04510407, 0.9677411), (0.03570117, 0.9677411), (0.054507002, 0.90065825), (0.04510407, 0.9677411), (0.04510407, 0.90065825), (0.054507002, 0.90065825), (0.054507002, 0.9677411), (0.04510407, 0.9677411), (0.06390987, 0.90065825), (0.054507002, 0.9677411), (0.054507002, 0.90065825), (0.06390987, 0.90065825), (0.06390987, 0.9677411), (0.054507002, 0.9677411), (0.073312804, 0.90065825), (0.06390987, 0.9677411), (0.06390987, 0.90065825), (0.073312804, 0.90065825), (0.073312804, 0.9677411), (0.06390987, 0.9677411), (0.08271566, 0.90065825), (0.073312804, 0.9677411), (0.073312804, 0.90065825), (0.08271566, 0.90065825), (0.08271566, 0.9677411), (0.073312804, 0.9677411), (0.092118606, 0.90065825), (0.08271566, 0.9677411), (0.08271566, 0.90065825), (0.092118606, 0.90065825), (0.092118606, 0.9677411), (0.08271566, 0.9677411), (0.10152146, 0.90065825), (0.092118606, 0.9677411), (0.092118606, 0.90065825), (0.10152146, 0.90065825), (0.10152146, 0.9677411), (0.092118606, 0.9677411), (0.11092439, 0.90065825), (0.10152146, 0.9677411), (0.10152146, 0.90065825), (0.11092439, 0.90065825), (0.11092439, 0.9677411), (0.10152146, 0.9677411), (0.12032728, 0.90065825), (0.11092439, 0.9677411), (0.11092439, 0.90065825), (0.12032728, 0.90065825), (0.12032728, 0.9677411), (0.11092439, 0.9677411), (0.12973021, 0.90065825), (0.12032728, 0.9677411), (0.12032728, 0.90065825), (0.12973021, 0.90065825), (0.12973021, 0.9677411), (0.12032728, 0.9677411), (0.13913308, 0.90065825), (0.12973021, 0.9677411), (0.12973021, 0.90065825), (0.13913308, 0.90065825), (0.13913308, 0.9677411), (0.12973021, 0.9677411), (0.14853598, 0.90065825), (0.13913308, 0.9677411), (0.13913308, 0.90065825), (0.14853598, 0.90065825), (0.14853598, 0.9677411), (0.13913308, 0.9677411), (0.15793891, 0.90065825), (0.14853598, 0.9677411), (0.14853598, 0.90065825), (0.15793891, 0.90065825), (0.15793891, 0.9677411), (0.14853598, 0.9677411), (0.16734178, 0.90065825), (0.15793891, 0.9677411), (0.15793891, 0.90065825), (0.16734178, 0.90065825), (0.16734178, 0.9677411), (0.15793891, 0.9677411), (0.17674465, 0.90065825), (0.16734178, 0.9677411), (0.16734178, 0.90065825), (0.17674465, 0.90065825), (0.17674465, 0.9677411), (0.16734178, 0.9677411), (0.1861476, 0.90065825), (0.17674465, 0.9677411), (0.17674465, 0.90065825), (0.1861476, 0.90065825), (0.1861476, 0.9677411), (0.17674465, 0.9677411), (0.1955505, 0.90065825), (0.1861476, 0.9677411), (0.1861476, 0.90065825), (0.1955505, 0.90065825), (0.1955505, 0.9677411), (0.1861476, 0.9677411), (0.20495331, 0.90065825), (0.1955505, 0.9677411), (0.1955505, 0.90065825), (0.20495331, 0.90065825), (0.20495331, 0.9677411), (0.1955505, 0.9677411), (0.21435636, 0.90065825), (0.20495331, 0.9677411), (0.20495331, 0.90065825), (0.21435636, 0.90065825), (0.21435636, 0.9677411), (0.20495331, 0.9677411), (0.22375917, 0.90065825), (0.21435636, 0.9677411), (0.21435636, 0.90065825), (0.22375917, 0.90065825), (0.22375917, 0.9677411), (0.21435636, 0.9677411), (0.2331621, 0.90065825), (0.22375917, 0.9677411), (0.22375917, 0.90065825), (0.2331621, 0.90065825), (0.2331621, 0.9677411), (0.22375917, 0.9677411), (0.24256498, 0.90065825), (0.2331621, 0.9677411), (0.2331621, 0.90065825), (0.24256498, 0.90065825), (0.24256498, 0.9677411), (0.2331621, 0.9677411), (0.2519679, 0.90065825), (0.24256498, 0.9677411), (0.24256498, 0.90065825), (0.2519679, 0.90065825), (0.2519679, 0.9677411), (0.24256498, 0.9677411), (0.26137078, 0.90065825), (0.2519679, 0.9677411), (0.2519679, 0.90065825), (0.26137078, 0.90065825), (0.26137078, 0.9677411), (0.2519679, 0.9677411), (0.2707737, 0.90065825), (0.26137078, 0.9677411), (0.26137078, 0.90065825), (0.2707737, 0.90065825), (0.2707737, 0.9677411), (0.26137078, 0.9677411), (0.28017658, 0.90065825), (0.2707737, 0.9677411), (0.2707737, 0.90065825), (0.28017658, 0.90065825), (0.28017658, 0.9677411), (0.2707737, 0.9677411), (0.2895795, 0.90065825), (0.28017658, 0.9677411), (0.28017658, 0.90065825), (0.2895795, 0.90065825), (0.2895795, 0.9677411), (0.28017658, 0.9677411), (0.29898238, 0.90065825), (0.2895795, 0.9677411), (0.2895795, 0.90065825), (0.29898238, 0.90065825), (0.29898238, 0.9677411), (0.2895795, 0.9677411), (0.30838525, 0.90065825), (0.29898238, 0.9677411), (0.29898238, 0.90065825), (0.30838525, 0.90065825), (0.30838525, 0.9677411), (0.29898238, 0.9677411), (0.24256498, 0.9001899), (0.2519679, 0.90065825), (0.24256498, 0.90065825), (0.24256498, 0.9001899), (0.2519679, 0.9001899), (0.2519679, 0.90065825), (0.2519679, 0.9001899), (0.26137078, 0.90065825), (0.2519679, 0.90065825), (0.24256498, 0.8998468), (0.2519679, 0.9001899), (0.24256498, 0.9001899), (0.2331621, 0.8998468), (0.24256498, 0.8998468), (0.24256498, 0.9001899), (0.2331621, 0.8997214), (0.24256498, 0.8998468), (0.2331621, 0.8998468), (0.22375917, 0.8997214), (0.2331621, 0.8997214), (0.2331621, 0.8998468), (0.22375917, 0.8997214), (0.2331621, 0.89417964), (0.2331621, 0.8997214), (0.22375917, 0.8997214), (0.22375917, 0.89417964), (0.2331621, 0.89417964), (0.21435636, 0.8997214), (0.22375917, 0.89417964), (0.22375917, 0.8997214), (0.21435636, 0.8997214), (0.21435636, 0.89417964), (0.22375917, 0.89417964), (0.20495331, 0.8997214), (0.21435636, 0.89417964), (0.21435636, 0.8997214), (0.20495331, 0.8997214), (0.20495331, 0.89417964), (0.21435636, 0.89417964), (0.1955505, 0.8997214), (0.20495331, 0.89417964), (0.20495331, 0.8997214), (0.1955505, 0.8997214), (0.1955505, 0.89417964), (0.20495331, 0.89417964), (0.1861476, 0.8997214), (0.1955505, 0.89417964), (0.1955505, 0.8997214), (0.1861476, 0.8997214), (0.1861476, 0.89417964), (0.1955505, 0.89417964), (0.17674465, 0.8997214), (0.1861476, 0.89417964), (0.1861476, 0.8997214), (0.17674465, 0.8997214), (0.17674465, 0.89417964), (0.1861476, 0.89417964), (0.16734178, 0.8997214), (0.17674465, 0.89417964), (0.17674465, 0.8997214), (0.16734178, 0.8997214), (0.16734178, 0.89417964), (0.17674465, 0.89417964), (0.15793891, 0.8997214), (0.16734178, 0.89417964), (0.16734178, 0.8997214), (0.15793891, 0.8997214), (0.15793891, 0.89417964), (0.16734178, 0.89417964), (0.14853598, 0.8997214), (0.15793891, 0.89417964), (0.15793891, 0.8997214), (0.14853598, 0.8997214), (0.14853598, 0.89417964), (0.15793891, 0.89417964), (0.13913308, 0.8997214), (0.14853598, 0.89417964), (0.14853598, 0.8997214), (0.13913308, 0.8997214), (0.13913308, 0.89417964), (0.14853598, 0.89417964), (0.12973021, 0.8997214), (0.13913308, 0.89417964), (0.13913308, 0.8997214), (0.12973021, 0.8997214), (0.12973021, 0.89417964), (0.13913308, 0.89417964), (0.12032728, 0.8997214), (0.12973021, 0.89417964), (0.12973021, 0.8997214), (0.12032728, 0.8997214), (0.12032728, 0.89417964), (0.12973021, 0.89417964), (0.11092439, 0.8997214), (0.12032728, 0.89417964), (0.12032728, 0.8997214), (0.11092439, 0.8997214), (0.11092439, 0.89417964), (0.12032728, 0.89417964), (0.10152146, 0.8997214), (0.11092439, 0.89417964), (0.11092439, 0.8997214), (0.10152146, 0.8997214), (0.10152146, 0.89417964), (0.11092439, 0.89417964), (0.092118606, 0.8997214), (0.10152146, 0.89417964), (0.10152146, 0.8997214), (0.092118606, 0.8997214), (0.092118606, 0.89417964), (0.10152146, 0.89417964), (0.08271566, 0.8997214), (0.092118606, 0.89417964), (0.092118606, 0.8997214), (0.08271566, 0.8997214), (0.08271566, 0.89417964), (0.092118606, 0.89417964), (0.073312804, 0.8997214), (0.08271566, 0.89417964), (0.08271566, 0.8997214), (0.073312804, 0.8997214), (0.073312804, 0.89417964), (0.08271566, 0.89417964), (0.06390987, 0.8997214), (0.073312804, 0.89417964), (0.073312804, 0.8997214), (0.06390987, 0.8997214), (0.06390987, 0.89417964), (0.073312804, 0.89417964), (0.054507002, 0.8997214), (0.06390987, 0.89417964), (0.06390987, 0.8997214), (0.054507002, 0.8997214), (0.054507002, 0.89417964), (0.06390987, 0.89417964), (0.04510407, 0.8997214), (0.054507002, 0.89417964), (0.054507002, 0.8997214), (0.04510407, 0.8997214), (0.04510407, 0.89417964), (0.054507002, 0.89417964), (0.03570117, 0.8997214), (0.04510407, 0.89417964), (0.04510407, 0.8997214), (0.03570117, 0.8997214), (0.03570117, 0.89417964), (0.04510407, 0.89417964), (0.026298255, 0.8997214), (0.03570117, 0.89417964), (0.03570117, 0.8997214), (0.026298255, 0.8997214), (0.026298255, 0.89417964), (0.03570117, 0.89417964), (0.016895354, 0.8997214), (0.026298255, 0.89417964), (0.026298255, 0.8997214), (0.016895354, 0.8997214), (0.016895354, 0.89417964), (0.026298255, 0.89417964), (0.016895354, 0.8997214), (0.026298255, 0.8997214), (0.026298255, 0.8998468), (0.016895354, 0.8997214), (0.026298255, 0.8998468), (0.016895354, 0.8998468), (0.016895354, 0.8998468), (0.026298255, 0.8998468), (0.026298255, 0.9001899), (0.016895354, 0.8998468), (0.026298255, 0.9001899), (0.016895354, 0.9001899), (0.016895354, 0.9001899), (0.026298255, 0.9001899), (0.026298255, 0.90065825), (0.016895354, 0.9001899), (0.026298255, 0.90065825), (0.016895354, 0.90065825), (0.026298255, 0.8997214), (0.03570117, 0.8998468), (0.026298255, 0.8998468), (0.026298255, 0.8997214), (0.03570117, 0.8997214), (0.03570117, 0.8998468), (0.026298255, 0.9001899), (0.03570117, 0.90065825), (0.026298255, 0.90065825), (0.026298255, 0.9001899), (0.03570117, 0.9001899), (0.03570117, 0.90065825), (0.026298255, 0.8998468), (0.03570117, 0.9001899), (0.026298255, 0.9001899), (0.026298255, 0.8998468), (0.03570117, 0.8998468), (0.03570117, 0.9001899), (0.03570117, 0.8997214), (0.04510407, 0.8998468), (0.03570117, 0.8998468), (0.03570117, 0.8997214), (0.04510407, 0.8997214), (0.04510407, 0.8998468), (0.03570117, 0.9001899), (0.04510407, 0.90065825), (0.03570117, 0.90065825), (0.03570117, 0.9001899), (0.04510407, 0.9001899), (0.04510407, 0.90065825), (0.03570117, 0.8998468), (0.04510407, 0.9001899), (0.03570117, 0.9001899), (0.03570117, 0.8998468), (0.04510407, 0.8998468), (0.04510407, 0.9001899), (0.04510407, 0.8997214), (0.054507002, 0.8998468), (0.04510407, 0.8998468), (0.04510407, 0.8997214), (0.054507002, 0.8997214), (0.054507002, 0.8998468), (0.04510407, 0.9001899), (0.054507002, 0.90065825), (0.04510407, 0.90065825), (0.04510407, 0.9001899), (0.054507002, 0.9001899), (0.054507002, 0.90065825), (0.04510407, 0.8998468), (0.054507002, 0.9001899), (0.04510407, 0.9001899), (0.04510407, 0.8998468), (0.054507002, 0.8998468), (0.054507002, 0.9001899), (0.054507002, 0.8997214), (0.06390987, 0.8998468), (0.054507002, 0.8998468), (0.054507002, 0.8997214), (0.06390987, 0.8997214), (0.06390987, 0.8998468), (0.054507002, 0.9001899), (0.06390987, 0.90065825), (0.054507002, 0.90065825), (0.054507002, 0.9001899), (0.06390987, 0.9001899), (0.06390987, 0.90065825), (0.054507002, 0.8998468), (0.06390987, 0.9001899), (0.054507002, 0.9001899), (0.054507002, 0.8998468), (0.06390987, 0.8998468), (0.06390987, 0.9001899), (0.06390987, 0.8997214), (0.073312804, 0.8998468), (0.06390987, 0.8998468), (0.06390987, 0.8997214), (0.073312804, 0.8997214), (0.073312804, 0.8998468), (0.06390987, 0.9001899), (0.073312804, 0.90065825), (0.06390987, 0.90065825), (0.06390987, 0.9001899), (0.073312804, 0.9001899), (0.073312804, 0.90065825), (0.06390987, 0.8998468), (0.073312804, 0.9001899), (0.06390987, 0.9001899), (0.06390987, 0.8998468), (0.073312804, 0.8998468), (0.073312804, 0.9001899), (0.073312804, 0.8997214), (0.08271566, 0.8998468), (0.073312804, 0.8998468), (0.073312804, 0.8997214), (0.08271566, 0.8997214), (0.08271566, 0.8998468), (0.073312804, 0.9001899), (0.08271566, 0.90065825), (0.073312804, 0.90065825), (0.073312804, 0.9001899), (0.08271566, 0.9001899), (0.08271566, 0.90065825), (0.073312804, 0.8998468), (0.08271566, 0.9001899), (0.073312804, 0.9001899), (0.073312804, 0.8998468), (0.08271566, 0.8998468), (0.08271566, 0.9001899), (0.08271566, 0.8997214), (0.092118606, 0.8998468), (0.08271566, 0.8998468), (0.08271566, 0.8997214), (0.092118606, 0.8997214), (0.092118606, 0.8998468), (0.08271566, 0.9001899), (0.092118606, 0.90065825), (0.08271566, 0.90065825), (0.08271566, 0.9001899), (0.092118606, 0.9001899), (0.092118606, 0.90065825), (0.08271566, 0.8998468), (0.092118606, 0.9001899), (0.08271566, 0.9001899), (0.08271566, 0.8998468), (0.092118606, 0.8998468), (0.092118606, 0.9001899), (0.092118606, 0.8997214), (0.10152146, 0.8998468), (0.092118606, 0.8998468), (0.092118606, 0.8997214), (0.10152146, 0.8997214), (0.10152146, 0.8998468), (0.092118606, 0.9001899), (0.10152146, 0.90065825), (0.092118606, 0.90065825), (0.092118606, 0.9001899), (0.10152146, 0.9001899), (0.10152146, 0.90065825), (0.092118606, 0.8998468), (0.10152146, 0.9001899), (0.092118606, 0.9001899), (0.092118606, 0.8998468), (0.10152146, 0.8998468), (0.10152146, 0.9001899), (0.10152146, 0.8997214), (0.11092439, 0.8998468), (0.10152146, 0.8998468), (0.10152146, 0.8997214), (0.11092439, 0.8997214), (0.11092439, 0.8998468), (0.10152146, 0.9001899), (0.11092439, 0.90065825), (0.10152146, 0.90065825), (0.10152146, 0.9001899), (0.11092439, 0.9001899), (0.11092439, 0.90065825), (0.10152146, 0.8998468), (0.11092439, 0.9001899), (0.10152146, 0.9001899), (0.10152146, 0.8998468), (0.11092439, 0.8998468), (0.11092439, 0.9001899), (0.11092439, 0.8997214), (0.12032728, 0.8998468), (0.11092439, 0.8998468), (0.11092439, 0.8997214), (0.12032728, 0.8997214), (0.12032728, 0.8998468), (0.11092439, 0.9001899), (0.12032728, 0.90065825), (0.11092439, 0.90065825), (0.11092439, 0.9001899), (0.12032728, 0.9001899), (0.12032728, 0.90065825), (0.11092439, 0.8998468), (0.12032728, 0.9001899), (0.11092439, 0.9001899), (0.11092439, 0.8998468), (0.12032728, 0.8998468), (0.12032728, 0.9001899), (0.12032728, 0.8997214), (0.12973021, 0.8998468), (0.12032728, 0.8998468), (0.12032728, 0.8997214), (0.12973021, 0.8997214), (0.12973021, 0.8998468), (0.12032728, 0.9001899), (0.12973021, 0.90065825), (0.12032728, 0.90065825), (0.12032728, 0.9001899), (0.12973021, 0.9001899), (0.12973021, 0.90065825), (0.12032728, 0.8998468), (0.12973021, 0.9001899), (0.12032728, 0.9001899), (0.12032728, 0.8998468), (0.12973021, 0.8998468), (0.12973021, 0.9001899), (0.12973021, 0.8997214), (0.13913308, 0.8998468), (0.12973021, 0.8998468), (0.12973021, 0.8997214), (0.13913308, 0.8997214), (0.13913308, 0.8998468), (0.12973021, 0.9001899), (0.13913308, 0.90065825), (0.12973021, 0.90065825), (0.12973021, 0.9001899), (0.13913308, 0.9001899), (0.13913308, 0.90065825), (0.12973021, 0.8998468), (0.13913308, 0.9001899), (0.12973021, 0.9001899), (0.12973021, 0.8998468), (0.13913308, 0.8998468), (0.13913308, 0.9001899), (0.13913308, 0.8997214), (0.14853598, 0.8998468), (0.13913308, 0.8998468), (0.13913308, 0.8997214), (0.14853598, 0.8997214), (0.14853598, 0.8998468), (0.13913308, 0.9001899), (0.14853598, 0.90065825), (0.13913308, 0.90065825), (0.13913308, 0.9001899), (0.14853598, 0.9001899), (0.14853598, 0.90065825), (0.13913308, 0.8998468), (0.14853598, 0.9001899), (0.13913308, 0.9001899), (0.13913308, 0.8998468), (0.14853598, 0.8998468), (0.14853598, 0.9001899), (0.14853598, 0.8997214), (0.15793891, 0.8998468), (0.14853598, 0.8998468), (0.14853598, 0.8997214), (0.15793891, 0.8997214), (0.15793891, 0.8998468), (0.14853598, 0.9001899), (0.15793891, 0.90065825), (0.14853598, 0.90065825), (0.14853598, 0.9001899), (0.15793891, 0.9001899), (0.15793891, 0.90065825), (0.14853598, 0.8998468), (0.15793891, 0.9001899), (0.14853598, 0.9001899), (0.14853598, 0.8998468), (0.15793891, 0.8998468), (0.15793891, 0.9001899), (0.15793891, 0.8997214), (0.16734178, 0.8998468), (0.15793891, 0.8998468), (0.15793891, 0.8997214), (0.16734178, 0.8997214), (0.16734178, 0.8998468), (0.15793891, 0.9001899), (0.16734178, 0.90065825), (0.15793891, 0.90065825), (0.15793891, 0.9001899), (0.16734178, 0.9001899), (0.16734178, 0.90065825), (0.15793891, 0.8998468), (0.16734178, 0.9001899), (0.15793891, 0.9001899), (0.15793891, 0.8998468), (0.16734178, 0.8998468), (0.16734178, 0.9001899), (0.16734178, 0.8997214), (0.17674465, 0.8998468), (0.16734178, 0.8998468), (0.16734178, 0.8997214), (0.17674465, 0.8997214), (0.17674465, 0.8998468), (0.16734178, 0.9001899), (0.17674465, 0.90065825), (0.16734178, 0.90065825), (0.16734178, 0.9001899), (0.17674465, 0.9001899), (0.17674465, 0.90065825), (0.16734178, 0.8998468), (0.17674465, 0.9001899), (0.16734178, 0.9001899), (0.16734178, 0.8998468), (0.17674465, 0.8998468), (0.17674465, 0.9001899), (0.17674465, 0.8997214), (0.1861476, 0.8998468), (0.17674465, 0.8998468), (0.17674465, 0.8997214), (0.1861476, 0.8997214), (0.1861476, 0.8998468), (0.17674465, 0.9001899), (0.1861476, 0.90065825), (0.17674465, 0.90065825), (0.17674465, 0.9001899), (0.1861476, 0.9001899), (0.1861476, 0.90065825), (0.17674465, 0.8998468), (0.1861476, 0.9001899), (0.17674465, 0.9001899), (0.17674465, 0.8998468), (0.1861476, 0.8998468), (0.1861476, 0.9001899), (0.1861476, 0.8997214), (0.1955505, 0.8998468), (0.1861476, 0.8998468), (0.1861476, 0.8997214), (0.1955505, 0.8997214), (0.1955505, 0.8998468), (0.1861476, 0.9001899), (0.1955505, 0.90065825), (0.1861476, 0.90065825), (0.1861476, 0.9001899), (0.1955505, 0.9001899), (0.1955505, 0.90065825), (0.1861476, 0.8998468), (0.1955505, 0.9001899), (0.1861476, 0.9001899), (0.1861476, 0.8998468), (0.1955505, 0.8998468), (0.1955505, 0.9001899), (0.1955505, 0.8997214), (0.20495331, 0.8998468), (0.1955505, 0.8998468), (0.1955505, 0.8997214), (0.20495331, 0.8997214), (0.20495331, 0.8998468), (0.1955505, 0.9001899), (0.20495331, 0.90065825), (0.1955505, 0.90065825), (0.1955505, 0.9001899), (0.20495331, 0.9001899), (0.20495331, 0.90065825), (0.1955505, 0.8998468), (0.20495331, 0.9001899), (0.1955505, 0.9001899), (0.1955505, 0.8998468), (0.20495331, 0.8998468), (0.20495331, 0.9001899), (0.20495331, 0.8997214), (0.21435636, 0.8998468), (0.20495331, 0.8998468), (0.20495331, 0.8997214), (0.21435636, 0.8997214), (0.21435636, 0.8998468), (0.20495331, 0.9001899), (0.21435636, 0.90065825), (0.20495331, 0.90065825), (0.20495331, 0.9001899), (0.21435636, 0.9001899), (0.21435636, 0.90065825), (0.20495331, 0.8998468), (0.21435636, 0.9001899), (0.20495331, 0.9001899), (0.20495331, 0.8998468), (0.21435636, 0.8998468), (0.21435636, 0.9001899), (0.21435636, 0.8997214), (0.22375917, 0.8998468), (0.21435636, 0.8998468), (0.21435636, 0.8997214), (0.22375917, 0.8997214), (0.22375917, 0.8998468), (0.21435636, 0.9001899), (0.22375917, 0.90065825), (0.21435636, 0.90065825), (0.21435636, 0.9001899), (0.22375917, 0.9001899), (0.22375917, 0.90065825), (0.21435636, 0.8998468), (0.22375917, 0.9001899), (0.21435636, 0.9001899), (0.21435636, 0.8998468), (0.22375917, 0.8998468), (0.22375917, 0.9001899), (0.22375917, 0.8997214), (0.2331621, 0.8998468), (0.22375917, 0.8998468), (0.22375917, 0.9001899), (0.2331621, 0.90065825), (0.22375917, 0.90065825), (0.22375917, 0.9001899), (0.2331621, 0.9001899), (0.2331621, 0.90065825), (0.22375917, 0.8998468), (0.2331621, 0.9001899), (0.22375917, 0.9001899), (0.22375917, 0.8998468), (0.2331621, 0.8998468), (0.2331621, 0.9001899), (0.2331621, 0.9001899), (0.24256498, 0.90065825), (0.2331621, 0.90065825), (0.2331621, 0.9001899), (0.24256498, 0.9001899), (0.24256498, 0.90065825), (0.2331621, 0.8998468), (0.24256498, 0.9001899), (0.2331621, 0.9001899), (0.2331621, 0.8997214), (0.24256498, 0.89417964), (0.24256498, 0.8997214), (0.2331621, 0.8997214), (0.2331621, 0.89417964), (0.24256498, 0.89417964), (0.24256498, 0.8997214), (0.24256498, 0.89417964), (0.2519679, 0.89417964), (0.24256498, 0.8997214), (0.2519679, 0.89417964), (0.2519679, 0.8997214), (0.2519679, 0.8997214), (0.2519679, 0.89417964), (0.26137078, 0.89417964), (0.2519679, 0.8997214), (0.26137078, 0.89417964), (0.26137078, 0.8997214), (0.26137078, 0.8997214), (0.26137078, 0.89417964), (0.2707737, 0.89417964), (0.26137078, 0.8997214), (0.2707737, 0.89417964), (0.2707737, 0.8997214), (0.2707737, 0.8997214), (0.2707737, 0.89417964), (0.28017658, 0.89417964), (0.2707737, 0.8997214), (0.28017658, 0.89417964), (0.28017658, 0.8997214), (0.28017658, 0.8997214), (0.28017658, 0.89417964), (0.2895795, 0.89417964), (0.28017658, 0.8997214), (0.2895795, 0.89417964), (0.2895795, 0.8997214), (0.2895795, 0.8997214), (0.2895795, 0.89417964), (0.29898238, 0.89417964), (0.2895795, 0.8997214), (0.29898238, 0.89417964), (0.29898238, 0.8997214), (0.29898238, 0.8997214), (0.29898238, 0.89417964), (0.30838525, 0.89417964), (0.29898238, 0.8997214), (0.30838525, 0.89417964), (0.30838525, 0.8997214), (0.2519679, 0.8997214), (0.26137078, 0.8997214), (0.26137078, 0.8998468), (0.2519679, 0.8997214), (0.26137078, 0.8998468), (0.2519679, 0.8998468), (0.24256498, 0.8997214), (0.2519679, 0.8997214), (0.2519679, 0.8998468), (0.24256498, 0.8997214), (0.2519679, 0.8998468), (0.24256498, 0.8998468), (0.2331621, 0.8997214), (0.24256498, 0.8997214), (0.24256498, 0.8998468), (0.24256498, 0.8998468), (0.2519679, 0.8998468), (0.2519679, 0.9001899), (0.2519679, 0.8998468), (0.26137078, 0.9001899), (0.2519679, 0.9001899), (0.2519679, 0.8998468), (0.26137078, 0.8998468), (0.26137078, 0.9001899), (0.2519679, 0.9001899), (0.26137078, 0.9001899), (0.26137078, 0.90065825), (0.26137078, 0.9001899), (0.2707737, 0.90065825), (0.26137078, 0.90065825), (0.26137078, 0.9001899), (0.2707737, 0.9001899), (0.2707737, 0.90065825), (0.26137078, 0.8998468), (0.2707737, 0.9001899), (0.26137078, 0.9001899), (0.26137078, 0.8998468), (0.2707737, 0.8998468), (0.2707737, 0.9001899), (0.26137078, 0.8997214), (0.2707737, 0.8998468), (0.26137078, 0.8998468), (0.26137078, 0.8997214), (0.2707737, 0.8997214), (0.2707737, 0.8998468), (0.2707737, 0.8997214), (0.28017658, 0.8998468), (0.2707737, 0.8998468), (0.2707737, 0.8997214), (0.28017658, 0.8997214), (0.28017658, 0.8998468), (0.2707737, 0.9001899), (0.28017658, 0.90065825), (0.2707737, 0.90065825), (0.2707737, 0.9001899), (0.28017658, 0.9001899), (0.28017658, 0.90065825), (0.2707737, 0.8998468), (0.28017658, 0.9001899), (0.2707737, 0.9001899), (0.2707737, 0.8998468), (0.28017658, 0.8998468), (0.28017658, 0.9001899), (0.28017658, 0.8997214), (0.2895795, 0.8998468), (0.28017658, 0.8998468), (0.28017658, 0.8997214), (0.2895795, 0.8997214), (0.2895795, 0.8998468), (0.28017658, 0.9001899), (0.2895795, 0.90065825), (0.28017658, 0.90065825), (0.28017658, 0.9001899), (0.2895795, 0.9001899), (0.2895795, 0.90065825), (0.28017658, 0.8998468), (0.2895795, 0.9001899), (0.28017658, 0.9001899), (0.28017658, 0.8998468), (0.2895795, 0.8998468), (0.2895795, 0.9001899), (0.2895795, 0.8997214), (0.29898238, 0.8998468), (0.2895795, 0.8998468), (0.2895795, 0.8997214), (0.29898238, 0.8997214), (0.29898238, 0.8998468), (0.2895795, 0.9001899), (0.29898238, 0.90065825), (0.2895795, 0.90065825), (0.2895795, 0.9001899), (0.29898238, 0.9001899), (0.29898238, 0.90065825), (0.2895795, 0.8998468), (0.29898238, 0.9001899), (0.2895795, 0.9001899), (0.2895795, 0.8998468), (0.29898238, 0.8998468), (0.29898238, 0.9001899), (0.30838525, 0.8998468), (0.29898238, 0.8998468), (0.29898238, 0.8997214), (0.30838525, 0.8998468), (0.29898238, 0.8997214), (0.30838525, 0.8997214), (0.30838525, 0.8997214), (0.31778818, 0.8998468), (0.30838525, 0.8998468), (0.30838525, 0.8998468), (0.31778818, 0.8998468), (0.31778818, 0.9001899), (0.30838525, 0.8998468), (0.31778818, 0.9001899), (0.30838525, 0.9001899), (0.30838525, 0.9001899), (0.29898238, 0.8998468), (0.30838525, 0.8998468), (0.30838525, 0.9001899), (0.29898238, 0.9001899), (0.29898238, 0.8998468), (0.30838525, 0.9001899), (0.31778818, 0.9001899), (0.31778818, 0.90065825), (0.30838525, 0.9001899), (0.31778818, 0.90065825), (0.30838525, 0.90065825), (0.30838525, 0.90065825), (0.29898238, 0.9001899), (0.30838525, 0.9001899), (0.30838525, 0.90065825), (0.29898238, 0.90065825), (0.29898238, 0.9001899), (0.31778818, 0.9001899), (0.32719105, 0.90065825), (0.31778818, 0.90065825), (0.31778818, 0.9001899), (0.32719105, 0.9001899), (0.32719105, 0.90065825), (0.31778818, 0.8998468), (0.32719105, 0.9001899), (0.31778818, 0.9001899), (0.3083853, 0.8931539), (0.31778818, 0.87535787), (0.31778818, 0.8931539), (0.3083853, 0.8931539), (0.3083853, 0.87535787), (0.31778818, 0.87535787), (0.31778818, 0.8931539), (0.31778818, 0.87535787), (0.32719105, 0.87535787), (0.31778818, 0.8931539), (0.32719105, 0.87535787), (0.32719105, 0.8931539), (0.32719105, 0.8931539), (0.32719105, 0.87535787), (0.336594, 0.87535787), (0.32719105, 0.8931539), (0.336594, 0.87535787), (0.336594, 0.8931539), (0.336594, 0.8931539), (0.336594, 0.87535787), (0.34599686, 0.87535787), (0.336594, 0.8931539), (0.34599686, 0.87535787), (0.34599686, 0.8931539), (0.34599686, 0.8931539), (0.34599686, 0.87535787), (0.3553998, 0.87535787), (0.34599686, 0.8931539), (0.3553998, 0.87535787), (0.3553998, 0.8931539), (0.3553998, 0.8931539), (0.3553998, 0.87535787), (0.36480266, 0.87535787), (0.3553998, 0.8931539), (0.36480266, 0.87535787), (0.36480266, 0.8931539), (0.36480266, 0.8931539), (0.36480266, 0.87535787), (0.37420553, 0.87535787), (0.36480266, 0.8931539), (0.37420553, 0.87535787), (0.37420553, 0.8931539), (0.37420553, 0.8931539), (0.37420553, 0.87535787), (0.38360846, 0.87535787), (0.37420553, 0.8931539), (0.38360846, 0.87535787), (0.38360846, 0.8931539), (0.38360846, 0.8931539), (0.38360846, 0.87535787), (0.3930114, 0.87535787), (0.38360846, 0.8931539), (0.3930114, 0.87535787), (0.3930114, 0.8931539), (0.32719105, 0.8931539), (0.336594, 0.8931539), (0.336594, 0.893654), (0.32719105, 0.8931539), (0.336594, 0.893654), (0.32719105, 0.893654), (0.31778818, 0.8931539), (0.32719105, 0.8931539), (0.32719105, 0.893654), (0.31778818, 0.8931539), (0.32719105, 0.893654), (0.31778818, 0.893654), (0.3083853, 0.8931539), (0.31778818, 0.8931539), (0.31778818, 0.893654), (0.3083853, 0.8931539), (0.31778818, 0.893654), (0.3083853, 0.893654), (0.3083853, 0.893654), (0.31778818, 0.893654), (0.31778818, 0.8940587), (0.3083853, 0.893654), (0.31778818, 0.8940587), (0.30838525, 0.8940587), (0.30838525, 0.8940587), (0.31778818, 0.8940587), (0.31778818, 0.89417964), (0.30838525, 0.8940587), (0.31778818, 0.89417964), (0.30838525, 0.89417964), (0.31778818, 0.8940587), (0.32719105, 0.89417964), (0.31778818, 0.89417964), (0.31778818, 0.8940587), (0.32719105, 0.8940587), (0.32719105, 0.89417964), (0.31778818, 0.893654), (0.32719105, 0.8940587), (0.31778818, 0.8940587), (0.31778818, 0.893654), (0.32719105, 0.893654), (0.32719105, 0.8940587), (0.32719105, 0.8940587), (0.336594, 0.89417964), (0.32719105, 0.89417964), (0.32719105, 0.8940587), (0.336594, 0.8940587), (0.336594, 0.89417964), (0.32719105, 0.893654), (0.336594, 0.8940587), (0.32719105, 0.8940587), (0.32719105, 0.893654), (0.336594, 0.893654), (0.336594, 0.8940587), (0.336594, 0.8940587), (0.34599686, 0.89417964), (0.336594, 0.89417964), (0.336594, 0.8940587), (0.34599686, 0.8940587), (0.34599686, 0.89417964), (0.336594, 0.893654), (0.34599686, 0.8940587), (0.336594, 0.8940587), (0.336594, 0.893654), (0.34599686, 0.893654), (0.34599686, 0.8940587), (0.336594, 0.8931539), (0.34599686, 0.893654), (0.336594, 0.893654), (0.336594, 0.8931539), (0.34599686, 0.8931539), (0.34599686, 0.893654), (0.34599686, 0.8931539), (0.3553998, 0.893654), (0.34599686, 0.893654), (0.34599686, 0.8931539), (0.3553998, 0.8931539), (0.3553998, 0.893654), (0.34599686, 0.8940587), (0.3553998, 0.89417964), (0.34599686, 0.89417964), (0.34599686, 0.8940587), (0.3553998, 0.8940587), (0.3553998, 0.89417964), (0.34599686, 0.893654), (0.3553998, 0.8940587), (0.34599686, 0.8940587), (0.34599686, 0.893654), (0.3553998, 0.893654), (0.3553998, 0.8940587), (0.3553998, 0.8931539), (0.36480266, 0.893654), (0.3553998, 0.893654), (0.3553998, 0.8931539), (0.36480266, 0.8931539), (0.36480266, 0.893654), (0.3553998, 0.8940587), (0.36480266, 0.89417964), (0.3553998, 0.89417964), (0.3553998, 0.8940587), (0.36480266, 0.8940587), (0.36480266, 0.89417964), (0.3553998, 0.893654), (0.36480266, 0.8940587), (0.3553998, 0.8940587), (0.3553998, 0.893654), (0.36480266, 0.893654), (0.36480266, 0.8940587), (0.36480266, 0.8931539), (0.37420553, 0.893654), (0.36480266, 0.893654), (0.36480266, 0.8931539), (0.37420553, 0.8931539), (0.37420553, 0.893654), (0.36480266, 0.8940587), (0.37420553, 0.89417964), (0.36480266, 0.89417964), (0.36480266, 0.8940587), (0.37420553, 0.8940587), (0.37420553, 0.89417964), (0.36480266, 0.893654), (0.37420553, 0.8940587), (0.36480266, 0.8940587), (0.36480266, 0.893654), (0.37420553, 0.893654), (0.37420553, 0.8940587), (0.37420553, 0.8931539), (0.38360846, 0.893654), (0.37420553, 0.893654), (0.37420553, 0.8931539), (0.38360846, 0.8931539), (0.38360846, 0.893654), (0.37420553, 0.8940587), (0.38360846, 0.89417964), (0.37420553, 0.89417964), (0.37420553, 0.8940587), (0.38360846, 0.8940587), (0.38360846, 0.89417964), (0.37420553, 0.893654), (0.38360846, 0.8940587), (0.37420553, 0.8940587), (0.37420553, 0.893654), (0.38360846, 0.893654), (0.38360846, 0.8940587), (0.38360846, 0.8931539), (0.3930114, 0.893654), (0.38360846, 0.893654), (0.38360846, 0.8931539), (0.3930114, 0.8931539), (0.3930114, 0.893654), (0.38360846, 0.8940587), (0.3930114, 0.89417964), (0.38360846, 0.89417964), (0.38360846, 0.8940587), (0.3930114, 0.8940587), (0.3930114, 0.89417964), (0.38360846, 0.893654), (0.3930114, 0.8940587), (0.38360846, 0.8940587), (0.38360846, 0.893654), (0.3930114, 0.893654), (0.3930114, 0.8940587), (0.016895354, 0.8931539), (0.026298255, 0.87535787), (0.026298255, 0.8931539), (0.016895354, 0.8931539), (0.016895354, 0.87535787), (0.026298255, 0.87535787), (0.026298255, 0.8931539), (0.026298255, 0.87535787), (0.03570117, 0.87535787), (0.026298255, 0.8931539), (0.03570117, 0.87535787), (0.03570117, 0.8931539), (0.03570117, 0.8931539), (0.03570117, 0.87535787), (0.04510407, 0.87535787), (0.03570117, 0.8931539), (0.04510407, 0.87535787), (0.04510407, 0.8931539), (0.04510407, 0.8931539), (0.04510407, 0.87535787), (0.054507002, 0.87535787), (0.04510407, 0.8931539), (0.054507002, 0.87535787), (0.054507002, 0.8931539), (0.054507002, 0.8931539), (0.054507002, 0.87535787), (0.06390987, 0.87535787), (0.054507002, 0.8931539), (0.06390987, 0.87535787), (0.06390987, 0.8931539), (0.06390987, 0.8931539), (0.06390987, 0.87535787), (0.073312804, 0.87535787), (0.06390987, 0.8931539), (0.073312804, 0.87535787), (0.073312804, 0.8931539), (0.073312804, 0.8931539), (0.073312804, 0.87535787), (0.08271566, 0.87535787), (0.073312804, 0.8931539), (0.08271566, 0.87535787), (0.08271566, 0.8931539), (0.08271566, 0.8931539), (0.08271566, 0.87535787), (0.092118606, 0.87535787), (0.08271566, 0.8931539), (0.092118606, 0.87535787), (0.092118606, 0.8931539), (0.092118606, 0.8931539), (0.092118606, 0.87535787), (0.10152146, 0.87535787), (0.092118606, 0.8931539), (0.10152146, 0.87535787), (0.10152146, 0.8931539), (0.10152146, 0.8931539), (0.10152146, 0.87535787), (0.11092439, 0.87535787), (0.10152146, 0.8931539), (0.11092439, 0.87535787), (0.11092439, 0.8931539), (0.11092439, 0.8931539), (0.11092439, 0.87535787), (0.12032728, 0.87535787), (0.11092439, 0.8931539), (0.12032728, 0.87535787), (0.12032728, 0.8931539), (0.12032728, 0.8931539), (0.12032728, 0.87535787), (0.12973021, 0.87535787), (0.12032728, 0.8931539), (0.12973021, 0.87535787), (0.12973021, 0.8931539), (0.12973021, 0.8931539), (0.12973021, 0.87535787), (0.13913308, 0.87535787), (0.12973021, 0.8931539), (0.13913308, 0.87535787), (0.13913308, 0.8931539), (0.13913308, 0.8931539), (0.13913308, 0.87535787), (0.14853598, 0.87535787), (0.13913308, 0.8931539), (0.14853598, 0.87535787), (0.14853598, 0.8931539), (0.14853598, 0.8931539), (0.14853598, 0.87535787), (0.15793891, 0.87535787), (0.14853598, 0.8931539), (0.15793891, 0.87535787), (0.15793891, 0.8931539), (0.15793891, 0.8931539), (0.15793891, 0.87535787), (0.16734178, 0.87535787), (0.15793891, 0.8931539), (0.16734178, 0.87535787), (0.16734184, 0.8931539), (0.16734184, 0.8931539), (0.16734178, 0.87535787), (0.17674465, 0.87535787), (0.16734184, 0.8931539), (0.17674465, 0.87535787), (0.17674465, 0.8931539), (0.17674465, 0.8931539), (0.17674465, 0.87535787), (0.1861476, 0.87535787), (0.17674465, 0.8931539), (0.1861476, 0.87535787), (0.1861476, 0.8931539), (0.1861476, 0.8931539), (0.1861476, 0.87535787), (0.1955505, 0.87535787), (0.1861476, 0.8931539), (0.1955505, 0.87535787), (0.1955505, 0.8931539), (0.1955505, 0.8931539), (0.1955505, 0.87535787), (0.20495331, 0.87535787), (0.1955505, 0.8931539), (0.20495331, 0.87535787), (0.20495331, 0.8931539), (0.20495331, 0.8931539), (0.20495331, 0.87535787), (0.21435624, 0.87535787), (0.20495331, 0.8931539), (0.21435624, 0.87535787), (0.21435636, 0.8931539), (0.21435636, 0.8931539), (0.21435624, 0.87535787), (0.22375917, 0.87535787), (0.21435636, 0.8931539), (0.22375917, 0.87535787), (0.22375917, 0.8931539), (0.22375917, 0.8931539), (0.22375917, 0.87535787), (0.2331621, 0.87535787), (0.22375917, 0.8931539), (0.2331621, 0.87535787), (0.2331621, 0.8931539), (0.2331621, 0.8931539), (0.2331621, 0.87535787), (0.24256498, 0.87535787), (0.2331621, 0.8931539), (0.24256498, 0.87535787), (0.24256498, 0.8931539), (0.24256498, 0.8931539), (0.24256498, 0.87535787), (0.2519679, 0.87535787), (0.24256498, 0.8931539), (0.2519679, 0.87535787), (0.2519679, 0.8931539), (0.2519679, 0.8931539), (0.2519679, 0.87535787), (0.26137078, 0.87535787), (0.2519679, 0.8931539), (0.26137078, 0.87535787), (0.26137078, 0.8931539), (0.26137078, 0.8931539), (0.26137078, 0.87535787), (0.2707737, 0.87535787), (0.26137078, 0.8931539), (0.2707737, 0.87535787), (0.2707737, 0.8931539), (0.2707737, 0.8931539), (0.2707737, 0.87535787), (0.28017658, 0.87535787), (0.2707737, 0.8931539), (0.28017658, 0.87535787), (0.28017658, 0.8931539), (0.28017658, 0.8931539), (0.28017658, 0.87535787), (0.2895795, 0.87535787), (0.28017658, 0.8931539), (0.2895795, 0.87535787), (0.2895795, 0.8931539), (0.2895795, 0.8931539), (0.2895795, 0.87535787), (0.29898238, 0.87535787), (0.2895795, 0.8931539), (0.29898238, 0.87535787), (0.29898238, 0.8931539), (0.29898238, 0.8931539), (0.29898238, 0.87535787), (0.3083853, 0.87535787), (0.29898238, 0.8931539), (0.3083853, 0.87535787), (0.3083853, 0.8931539), (0.24256498, 0.8931539), (0.2519679, 0.8931539), (0.2519679, 0.893654), (0.24256498, 0.8931539), (0.2519679, 0.893654), (0.24256498, 0.893654), (0.2331621, 0.8931539), (0.24256498, 0.8931539), (0.24256498, 0.893654), (0.2331621, 0.8931539), (0.24256498, 0.893654), (0.2331621, 0.893654), (0.22375917, 0.8931539), (0.2331621, 0.8931539), (0.2331621, 0.893654), (0.22375917, 0.8931539), (0.2331621, 0.893654), (0.22375917, 0.893654), (0.21435636, 0.8931539), (0.22375917, 0.8931539), (0.22375917, 0.893654), (0.21435636, 0.8931539), (0.22375917, 0.893654), (0.21435636, 0.893654), (0.20495331, 0.8931539), (0.21435636, 0.8931539), (0.21435636, 0.893654), (0.20495331, 0.8931539), (0.21435636, 0.893654), (0.20495331, 0.893654), (0.1955505, 0.8931539), (0.20495331, 0.8931539), (0.20495331, 0.893654), (0.1955505, 0.8931539), (0.20495331, 0.893654), (0.1955505, 0.893654), (0.1861476, 0.8931539), (0.1955505, 0.8931539), (0.1955505, 0.893654), (0.1861476, 0.8931539), (0.1955505, 0.893654), (0.1861476, 0.893654), (0.17674465, 0.8931539), (0.1861476, 0.8931539), (0.1861476, 0.893654), (0.17674465, 0.8931539), (0.1861476, 0.893654), (0.17674465, 0.893654), (0.16734184, 0.8931539), (0.17674465, 0.8931539), (0.17674465, 0.893654), (0.16734184, 0.8931539), (0.17674465, 0.893654), (0.16734184, 0.893654), (0.15793891, 0.8931539), (0.16734184, 0.8931539), (0.16734184, 0.893654), (0.15793891, 0.8931539), (0.16734184, 0.893654), (0.15793891, 0.893654), (0.14853598, 0.8931539), (0.15793891, 0.8931539), (0.15793891, 0.893654), (0.14853598, 0.8931539), (0.15793891, 0.893654), (0.14853598, 0.893654), (0.13913308, 0.8931539), (0.14853598, 0.8931539), (0.14853598, 0.893654), (0.13913308, 0.8931539), (0.14853598, 0.893654), (0.13913308, 0.893654), (0.12973021, 0.8931539), (0.13913308, 0.8931539), (0.13913308, 0.893654), (0.12973021, 0.8931539), (0.13913308, 0.893654), (0.12973021, 0.893654), (0.12032728, 0.8931539), (0.12973021, 0.8931539), (0.12973021, 0.893654), (0.12032728, 0.8931539), (0.12973021, 0.893654), (0.12032728, 0.893654), (0.11092439, 0.8931539), (0.12032728, 0.8931539), (0.12032728, 0.893654), (0.11092439, 0.8931539), (0.12032728, 0.893654), (0.11092439, 0.893654), (0.10152146, 0.8931539), (0.11092439, 0.8931539), (0.11092439, 0.893654), (0.10152146, 0.8931539), (0.11092439, 0.893654), (0.10152146, 0.893654), (0.092118606, 0.8931539), (0.10152146, 0.8931539), (0.10152146, 0.893654), (0.092118606, 0.8931539), (0.10152146, 0.893654), (0.092118606, 0.893654), (0.08271566, 0.8931539), (0.092118606, 0.8931539), (0.092118606, 0.893654), (0.08271566, 0.8931539), (0.092118606, 0.893654), (0.08271566, 0.893654), (0.073312804, 0.8931539), (0.08271566, 0.8931539), (0.08271566, 0.893654), (0.073312804, 0.8931539), (0.08271566, 0.893654), (0.073312804, 0.893654), (0.06390987, 0.8931539), (0.073312804, 0.8931539), (0.073312804, 0.893654), (0.06390987, 0.8931539), (0.073312804, 0.893654), (0.06390987, 0.893654), (0.054507002, 0.8931539), (0.06390987, 0.8931539), (0.06390987, 0.893654), (0.054507002, 0.8931539), (0.06390987, 0.893654), (0.054507002, 0.893654), (0.04510407, 0.8931539), (0.054507002, 0.8931539), (0.054507002, 0.893654), (0.04510407, 0.8931539), (0.054507002, 0.893654), (0.04510407, 0.893654), (0.03570117, 0.8931539), (0.04510407, 0.8931539), (0.04510407, 0.893654), (0.03570117, 0.8931539), (0.04510407, 0.893654), (0.03570117, 0.893654), (0.026298255, 0.8931539), (0.03570117, 0.8931539), (0.03570117, 0.893654), (0.026298255, 0.8931539), (0.03570117, 0.893654), (0.026298255, 0.893654), (0.016895354, 0.8931539), (0.026298255, 0.8931539), (0.026298255, 0.893654), (0.016895354, 0.8931539), (0.026298255, 0.893654), (0.016895354, 0.893654), (0.016895354, 0.893654), (0.026298255, 0.893654), (0.026298255, 0.8940587), (0.016895354, 0.893654), (0.026298255, 0.8940587), (0.016895354, 0.8940587), (0.016895354, 0.8940587), (0.026298255, 0.8940587), (0.026298255, 0.89417964), (0.016895354, 0.8940587), (0.026298255, 0.89417964), (0.016895354, 0.89417964), (0.026298255, 0.8940587), (0.03570117, 0.89417964), (0.026298255, 0.89417964), (0.026298255, 0.8940587), (0.03570117, 0.8940587), (0.03570117, 0.89417964), (0.026298255, 0.893654), (0.03570117, 0.8940587), (0.026298255, 0.8940587), (0.026298255, 0.893654), (0.03570117, 0.893654), (0.03570117, 0.8940587), (0.03570117, 0.8940587), (0.04510407, 0.89417964), (0.03570117, 0.89417964), (0.03570117, 0.8940587), (0.04510407, 0.8940587), (0.04510407, 0.89417964), (0.03570117, 0.893654), (0.04510407, 0.8940587), (0.03570117, 0.8940587), (0.03570117, 0.893654), (0.04510407, 0.893654), (0.04510407, 0.8940587), (0.04510407, 0.8940587), (0.054507002, 0.89417964), (0.04510407, 0.89417964), (0.04510407, 0.8940587), (0.054507002, 0.8940587), (0.054507002, 0.89417964), (0.04510407, 0.893654), (0.054507002, 0.8940587), (0.04510407, 0.8940587), (0.04510407, 0.893654), (0.054507002, 0.893654), (0.054507002, 0.8940587), (0.054507002, 0.8940587), (0.06390987, 0.89417964), (0.054507002, 0.89417964), (0.054507002, 0.8940587), (0.06390987, 0.8940587), (0.06390987, 0.89417964), (0.054507002, 0.893654), (0.06390987, 0.8940587), (0.054507002, 0.8940587), (0.054507002, 0.893654), (0.06390987, 0.893654), (0.06390987, 0.8940587), (0.06390987, 0.8940587), (0.073312804, 0.89417964), (0.06390987, 0.89417964), (0.06390987, 0.8940587), (0.073312804, 0.8940587), (0.073312804, 0.89417964), (0.06390987, 0.893654), (0.073312804, 0.8940587), (0.06390987, 0.8940587), (0.06390987, 0.893654), (0.073312804, 0.893654), (0.073312804, 0.8940587), (0.073312804, 0.8940587), (0.08271566, 0.89417964), (0.073312804, 0.89417964), (0.073312804, 0.8940587), (0.08271566, 0.8940587), (0.08271566, 0.89417964), (0.073312804, 0.893654), (0.08271566, 0.8940587), (0.073312804, 0.8940587), (0.073312804, 0.893654), (0.08271566, 0.893654), (0.08271566, 0.8940587), (0.08271566, 0.8940587), (0.092118606, 0.89417964), (0.08271566, 0.89417964), (0.08271566, 0.8940587), (0.092118606, 0.8940587), (0.092118606, 0.89417964), (0.08271566, 0.893654), (0.092118606, 0.8940587), (0.08271566, 0.8940587), (0.08271566, 0.893654), (0.092118606, 0.893654), (0.092118606, 0.8940587), (0.092118606, 0.8940587), (0.10152146, 0.89417964), (0.092118606, 0.89417964), (0.092118606, 0.8940587), (0.10152146, 0.8940587), (0.10152146, 0.89417964), (0.092118606, 0.893654), (0.10152146, 0.8940587), (0.092118606, 0.8940587), (0.092118606, 0.893654), (0.10152146, 0.893654), (0.10152146, 0.8940587), (0.10152146, 0.8940587), (0.11092439, 0.89417964), (0.10152146, 0.89417964), (0.10152146, 0.8940587), (0.11092439, 0.8940587), (0.11092439, 0.89417964), (0.10152146, 0.893654), (0.11092439, 0.8940587), (0.10152146, 0.8940587), (0.10152146, 0.893654), (0.11092439, 0.893654), (0.11092439, 0.8940587), (0.11092439, 0.8940587), (0.12032728, 0.89417964), (0.11092439, 0.89417964), (0.11092439, 0.8940587), (0.12032728, 0.8940587), (0.12032728, 0.89417964), (0.11092439, 0.893654), (0.12032728, 0.8940587), (0.11092439, 0.8940587), (0.11092439, 0.893654), (0.12032728, 0.893654), (0.12032728, 0.8940587), (0.12032728, 0.8940587), (0.12973021, 0.89417964), (0.12032728, 0.89417964), (0.12032728, 0.8940587), (0.12973021, 0.8940587), (0.12973021, 0.89417964), (0.12032728, 0.893654), (0.12973021, 0.8940587), (0.12032728, 0.8940587), (0.12032728, 0.893654), (0.12973021, 0.893654), (0.12973021, 0.8940587), (0.12973021, 0.8940587), (0.13913308, 0.89417964), (0.12973021, 0.89417964), (0.12973021, 0.8940587), (0.13913308, 0.8940587), (0.13913308, 0.89417964), (0.12973021, 0.893654), (0.13913308, 0.8940587), (0.12973021, 0.8940587), (0.12973021, 0.893654), (0.13913308, 0.893654), (0.13913308, 0.8940587), (0.13913308, 0.8940587), (0.14853598, 0.89417964), (0.13913308, 0.89417964), (0.13913308, 0.8940587), (0.14853598, 0.8940587), (0.14853598, 0.89417964), (0.13913308, 0.893654), (0.14853598, 0.8940587), (0.13913308, 0.8940587), (0.13913308, 0.893654), (0.14853598, 0.893654), (0.14853598, 0.8940587), (0.14853598, 0.8940587), (0.15793891, 0.89417964), (0.14853598, 0.89417964), (0.14853598, 0.8940587), (0.15793891, 0.8940587), (0.15793891, 0.89417964), (0.14853598, 0.893654), (0.15793891, 0.8940587), (0.14853598, 0.8940587), (0.14853598, 0.893654), (0.15793891, 0.893654), (0.15793891, 0.8940587), (0.15793891, 0.8940587), (0.16734178, 0.89417964), (0.15793891, 0.89417964), (0.15793891, 0.8940587), (0.16734184, 0.8940587), (0.16734178, 0.89417964), (0.15793891, 0.893654), (0.16734184, 0.8940587), (0.15793891, 0.8940587), (0.15793891, 0.893654), (0.16734184, 0.893654), (0.16734184, 0.8940587), (0.16734184, 0.8940587), (0.17674465, 0.89417964), (0.16734178, 0.89417964), (0.16734184, 0.8940587), (0.17674465, 0.8940587), (0.17674465, 0.89417964), (0.16734184, 0.893654), (0.17674465, 0.8940587), (0.16734184, 0.8940587), (0.16734184, 0.893654), (0.17674465, 0.893654), (0.17674465, 0.8940587), (0.17674465, 0.8940587), (0.1861476, 0.89417964), (0.17674465, 0.89417964), (0.17674465, 0.8940587), (0.1861476, 0.8940587), (0.1861476, 0.89417964), (0.17674465, 0.893654), (0.1861476, 0.8940587), (0.17674465, 0.8940587), (0.17674465, 0.893654), (0.1861476, 0.893654), (0.1861476, 0.8940587), (0.1861476, 0.8940587), (0.1955505, 0.89417964), (0.1861476, 0.89417964), (0.1861476, 0.8940587), (0.1955505, 0.8940587), (0.1955505, 0.89417964), (0.1861476, 0.893654), (0.1955505, 0.8940587), (0.1861476, 0.8940587), (0.1861476, 0.893654), (0.1955505, 0.893654), (0.1955505, 0.8940587), (0.1955505, 0.8940587), (0.20495331, 0.89417964), (0.1955505, 0.89417964), (0.1955505, 0.8940587), (0.20495331, 0.8940587), (0.20495331, 0.89417964), (0.1955505, 0.893654), (0.20495331, 0.8940587), (0.1955505, 0.8940587), (0.1955505, 0.893654), (0.20495331, 0.893654), (0.20495331, 0.8940587), (0.20495331, 0.8940587), (0.21435636, 0.89417964), (0.20495331, 0.89417964), (0.20495331, 0.8940587), (0.21435636, 0.8940587), (0.21435636, 0.89417964), (0.20495331, 0.893654), (0.21435636, 0.8940587), (0.20495331, 0.8940587), (0.20495331, 0.893654), (0.21435636, 0.893654), (0.21435636, 0.8940587), (0.21435636, 0.8940587), (0.22375917, 0.89417964), (0.21435636, 0.89417964), (0.21435636, 0.8940587), (0.22375917, 0.8940587), (0.22375917, 0.89417964), (0.21435636, 0.893654), (0.22375917, 0.8940587), (0.21435636, 0.8940587), (0.21435636, 0.893654), (0.22375917, 0.893654), (0.22375917, 0.8940587), (0.22375917, 0.8940587), (0.2331621, 0.89417964), (0.22375917, 0.89417964), (0.22375917, 0.8940587), (0.2331621, 0.8940587), (0.2331621, 0.89417964), (0.22375917, 0.893654), (0.2331621, 0.8940587), (0.22375917, 0.8940587), (0.22375917, 0.893654), (0.2331621, 0.893654), (0.2331621, 0.8940587), (0.2331621, 0.8940587), (0.24256498, 0.89417964), (0.2331621, 0.89417964), (0.2331621, 0.8940587), (0.24256498, 0.8940587), (0.24256498, 0.89417964), (0.2331621, 0.893654), (0.24256498, 0.8940587), (0.2331621, 0.8940587), (0.2331621, 0.893654), (0.24256498, 0.893654), (0.24256498, 0.8940587), (0.24256498, 0.8940587), (0.2519679, 0.89417964), (0.24256498, 0.89417964), (0.24256498, 0.8940587), (0.2519679, 0.8940587), (0.2519679, 0.89417964), (0.24256498, 0.893654), (0.2519679, 0.8940587), (0.24256498, 0.8940587), (0.24256498, 0.893654), (0.2519679, 0.893654), (0.2519679, 0.8940587), (0.2519679, 0.8940587), (0.26137078, 0.89417964), (0.2519679, 0.89417964), (0.2519679, 0.8940587), (0.26137078, 0.8940587), (0.26137078, 0.89417964), (0.2519679, 0.893654), (0.26137078, 0.8940587), (0.2519679, 0.8940587), (0.2519679, 0.893654), (0.26137078, 0.893654), (0.26137078, 0.8940587), (0.2519679, 0.8931539), (0.26137078, 0.893654), (0.2519679, 0.893654), (0.2519679, 0.8931539), (0.26137078, 0.8931539), (0.26137078, 0.893654), (0.26137078, 0.8931539), (0.2707737, 0.893654), (0.26137078, 0.893654), (0.26137078, 0.8931539), (0.2707737, 0.8931539), (0.2707737, 0.893654), (0.26137078, 0.8940587), (0.2707737, 0.89417964), (0.26137078, 0.89417964), (0.26137078, 0.8940587), (0.2707737, 0.8940587), (0.2707737, 0.89417964), (0.26137078, 0.893654), (0.2707737, 0.8940587), (0.26137078, 0.8940587), (0.26137078, 0.893654), (0.2707737, 0.893654), (0.2707737, 0.8940587), (0.2707737, 0.8931539), (0.28017658, 0.893654), (0.2707737, 0.893654), (0.2707737, 0.8931539), (0.28017658, 0.8931539), (0.28017658, 0.893654), (0.2707737, 0.8940587), (0.28017658, 0.89417964), (0.2707737, 0.89417964), (0.2707737, 0.8940587), (0.28017658, 0.8940587), (0.28017658, 0.89417964), (0.2707737, 0.893654), (0.28017658, 0.8940587), (0.2707737, 0.8940587), (0.2707737, 0.893654), (0.28017658, 0.893654), (0.28017658, 0.8940587), (0.28017658, 0.8931539), (0.2895795, 0.893654), (0.28017658, 0.893654), (0.28017658, 0.8931539), (0.2895795, 0.8931539), (0.2895795, 0.893654), (0.28017658, 0.8940587), (0.2895795, 0.89417964), (0.28017658, 0.89417964), (0.28017658, 0.8940587), (0.2895795, 0.8940587), (0.2895795, 0.89417964), (0.28017658, 0.893654), (0.2895795, 0.8940587), (0.28017658, 0.8940587), (0.28017658, 0.893654), (0.2895795, 0.893654), (0.2895795, 0.8940587), (0.2895795, 0.8931539), (0.29898238, 0.893654), (0.2895795, 0.893654), (0.2895795, 0.8931539), (0.29898238, 0.8931539), (0.29898238, 0.893654), (0.2895795, 0.8940587), (0.29898238, 0.89417964), (0.2895795, 0.89417964), (0.2895795, 0.8940587), (0.29898238, 0.8940587), (0.29898238, 0.89417964), (0.2895795, 0.893654), (0.29898238, 0.8940587), (0.2895795, 0.8940587), (0.2895795, 0.893654), (0.29898238, 0.893654), (0.29898238, 0.8940587), (0.3083853, 0.893654), (0.29898238, 0.893654), (0.29898238, 0.8931539), (0.3083853, 0.893654), (0.29898238, 0.8931539), (0.3083853, 0.8931539), (0.30838525, 0.8940587), (0.29898238, 0.893654), (0.3083853, 0.893654), (0.30838525, 0.8940587), (0.29898238, 0.8940587), (0.29898238, 0.893654), (0.30838525, 0.89417964), (0.29898238, 0.8940587), (0.30838525, 0.8940587), (0.30838525, 0.89417964), (0.29898238, 0.89417964), (0.29898238, 0.8940587), (0.26137078, 0.9677411), (0.2519679, 0.96866876), (0.2519679, 0.9677411), (0.26137078, 0.9677411), (0.26137078, 0.96866876), (0.2519679, 0.96866876), (0.2519679, 0.9677411), (0.2519679, 0.96866876), (0.24256498, 0.96866876), (0.2519679, 0.9677411), (0.24256498, 0.96866876), (0.24256498, 0.9677411), (0.24256498, 0.9677411), (0.24256498, 0.96866876), (0.2331621, 0.96866876), (0.24256498, 0.9677411), (0.2331621, 0.96866876), (0.2331621, 0.9677411), (0.2331621, 0.9677411), (0.2331621, 0.96866876), (0.22375917, 0.96866876), (0.2331621, 0.9677411), (0.22375917, 0.96866876), (0.22375917, 0.9677411), (0.22375917, 0.9677411), (0.22375917, 0.96866876), (0.21435636, 0.96866876), (0.22375917, 0.9677411), (0.21435636, 0.96866876), (0.21435636, 0.9677411), (0.21435636, 0.9677411), (0.21435636, 0.96866876), (0.20495331, 0.96866876), (0.21435636, 0.9677411), (0.20495331, 0.96866876), (0.20495331, 0.9677411), (0.20495331, 0.9677411), (0.20495331, 0.96866876), (0.1955505, 0.96866876), (0.20495331, 0.9677411), (0.1955505, 0.96866876), (0.1955505, 0.9677411), (0.1955505, 0.9677411), (0.1955505, 0.96866876), (0.1861476, 0.96866876), (0.1955505, 0.9677411), (0.1861476, 0.96866876), (0.1861476, 0.9677411), (0.1861476, 0.9677411), (0.1861476, 0.96866876), (0.17674465, 0.96866876), (0.1861476, 0.9677411), (0.17674465, 0.96866876), (0.17674465, 0.9677411), (0.17674465, 0.9677411), (0.17674465, 0.96866876), (0.16734178, 0.96866876), (0.17674465, 0.9677411), (0.16734178, 0.96866876), (0.16734178, 0.9677411), (0.16734178, 0.9677411), (0.16734178, 0.96866876), (0.15793891, 0.96866876), (0.16734178, 0.9677411), (0.15793891, 0.96866876), (0.15793891, 0.9677411), (0.15793891, 0.9677411), (0.15793891, 0.96866876), (0.14853598, 0.96866876), (0.15793891, 0.9677411), (0.14853598, 0.96866876), (0.14853598, 0.9677411), (0.14853598, 0.9677411), (0.14853598, 0.96866876), (0.13913308, 0.96866876), (0.14853598, 0.9677411), (0.13913308, 0.96866876), (0.13913308, 0.9677411), (0.13913308, 0.9677411), (0.13913308, 0.96866876), (0.12973021, 0.96866876), (0.13913308, 0.9677411), (0.12973021, 0.96866876), (0.12973021, 0.9677411), (0.12973021, 0.9677411), (0.12973021, 0.96866876), (0.12032728, 0.96866876), (0.12973021, 0.9677411), (0.12032728, 0.96866876), (0.12032728, 0.9677411), (0.12032728, 0.9677411), (0.12032728, 0.96866876), (0.11092439, 0.96866876), (0.12032728, 0.9677411), (0.11092439, 0.96866876), (0.11092439, 0.9677411), (0.11092439, 0.9677411), (0.11092439, 0.96866876), (0.10152146, 0.96866876), (0.11092439, 0.9677411), (0.10152146, 0.96866876), (0.10152146, 0.9677411), (0.10152146, 0.9677411), (0.10152146, 0.96866876), (0.092118606, 0.96866876), (0.10152146, 0.9677411), (0.092118606, 0.96866876), (0.092118606, 0.9677411), (0.092118606, 0.9677411), (0.092118606, 0.96866876), (0.08271566, 0.96866876), (0.092118606, 0.9677411), (0.08271566, 0.96866876), (0.08271566, 0.9677411), (0.08271566, 0.9677411), (0.08271566, 0.96866876), (0.073312804, 0.96866876), (0.08271566, 0.9677411), (0.073312804, 0.96866876), (0.073312804, 0.9677411), (0.073312804, 0.9677411), (0.073312804, 0.96866876), (0.06390987, 0.96866876), (0.073312804, 0.9677411), (0.06390987, 0.96866876), (0.06390987, 0.9677411), (0.06390987, 0.9677411), (0.06390987, 0.96866876), (0.054507002, 0.96866876), (0.06390987, 0.9677411), (0.054507002, 0.96866876), (0.054507002, 0.9677411), (0.054507002, 0.9677411), (0.054507002, 0.96866876), (0.04510407, 0.96866876), (0.054507002, 0.9677411), (0.04510407, 0.96866876), (0.04510407, 0.9677411), (0.04510407, 0.9677411), (0.04510407, 0.96866876), (0.03570117, 0.96866876), (0.04510407, 0.9677411), (0.03570117, 0.96866876), (0.03570117, 0.9677411), (0.03570117, 0.9677411), (0.03570117, 0.96866876), (0.026298255, 0.96866876), (0.03570117, 0.9677411), (0.026298255, 0.96866876), (0.026298255, 0.9677411), (0.026298255, 0.9677411), (0.026298255, 0.96866876), (0.016895354, 0.96866876), (0.026298255, 0.9677411), (0.016895354, 0.96866876), (0.016895354, 0.9677411), (0.3930114, 0.9677411), (0.38360846, 0.96866876), (0.38360846, 0.9677411), (0.3930114, 0.9677411), (0.3930114, 0.96866876), (0.38360846, 0.96866876), (0.38360846, 0.9677411), (0.38360846, 0.96866876), (0.37420553, 0.96866876), (0.38360846, 0.9677411), (0.37420553, 0.96866876), (0.37420553, 0.9677411), (0.37420553, 0.9677411), (0.37420553, 0.96866876), (0.36480266, 0.96866876), (0.37420553, 0.9677411), (0.36480266, 0.96866876), (0.36480266, 0.9677411), (0.36480266, 0.9677411), (0.36480266, 0.96866876), (0.3553998, 0.96866876), (0.36480266, 0.9677411), (0.3553998, 0.96866876), (0.3553998, 0.9677411), (0.3553998, 0.9677411), (0.3553998, 0.96866876), (0.34599686, 0.96866876), (0.3553998, 0.9677411), (0.34599686, 0.96866876), (0.34599686, 0.9677411), (0.34599686, 0.9677411), (0.34599686, 0.96866876), (0.336594, 0.96866876), (0.34599686, 0.9677411), (0.336594, 0.96866876), (0.336594, 0.9677411), (0.336594, 0.9677411), (0.336594, 0.96866876), (0.32719105, 0.96866876), (0.336594, 0.9677411), (0.32719105, 0.96866876), (0.32719105, 0.9677411), (0.32719105, 0.9677411), (0.32719105, 0.96866876), (0.31778818, 0.96866876), (0.32719105, 0.9677411), (0.31778818, 0.96866876), (0.31778818, 0.9677411), (0.31778818, 0.9677411), (0.31778818, 0.96866876), (0.30838525, 0.96866876), (0.31778818, 0.9677411), (0.30838525, 0.96866876), (0.30838525, 0.9677411), (0.30838525, 0.9677411), (0.30838525, 0.96866876), (0.29898238, 0.96866876), (0.30838525, 0.9677411), (0.29898238, 0.96866876), (0.29898238, 0.9677411), (0.29898238, 0.9677411), (0.29898238, 0.96866876), (0.2895795, 0.96866876), (0.29898238, 0.9677411), (0.2895795, 0.96866876), (0.2895795, 0.9677411), (0.2895795, 0.9677411), (0.2895795, 0.96866876), (0.28017658, 0.96866876), (0.2895795, 0.9677411), (0.28017658, 0.96866876), (0.28017658, 0.9677411), (0.28017658, 0.9677411), (0.28017658, 0.96866876), (0.2707737, 0.96866876), (0.28017658, 0.9677411), (0.2707737, 0.96866876), (0.2707737, 0.9677411), (0.2707737, 0.9677411), (0.2707737, 0.96866876), (0.26137078, 0.96866876), (0.2707737, 0.9677411), (0.26137078, 0.96866876), (0.26137078, 0.9677411), (0.44253564, 0.086000025), (0.4254617, 0.222), (0.4254617, 0.086000025), (0.44253564, 0.086000025), (0.44253564, 0.222), (0.4254617, 0.222), (0.4596095, 0.086000025), (0.44253564, 0.222), (0.44253564, 0.086000025), (0.4596095, 0.086000025), (0.4596095, 0.222), (0.44253564, 0.222), (0.4715309, 0.086000025), (0.4596095, 0.222), (0.4596095, 0.086000025), (0.47567925, 0.09046757), (0.4596095, 0.222), (0.4715309, 0.086000025), (0.4756807, 0.21673661), (0.4596095, 0.222), (0.47567925, 0.09046757), (0.471669, 0.222), (0.4596095, 0.222), (0.4756807, 0.21673661), (0.471669, 0.222), (0.4596095, 0.26359546), (0.4596095, 0.222), (0.4757934, 0.22672749), (0.4596095, 0.26359546), (0.471669, 0.222), (0.47668335, 0.26359546), (0.4596095, 0.26359546), (0.4757934, 0.22672749), (0.4596095, 0.26359546), (0.47668335, 0.26359546), (0.47668338, 0.26578534), (0.4596095, 0.26359546), (0.47668338, 0.26578534), (0.4596095, 0.26578534), (0.44253564, 0.26359546), (0.4596095, 0.26359546), (0.4596095, 0.26578534), (0.4596095, 0.222), (0.44253564, 0.26359546), (0.44253564, 0.222), (0.4596095, 0.222), (0.4596095, 0.26359546), (0.44253564, 0.26359546), (0.44253564, 0.26359546), (0.4596095, 0.26578534), (0.44253564, 0.26578534), (0.4254617, 0.26359546), (0.44253564, 0.26359546), (0.44253564, 0.26578534), (0.44253564, 0.222), (0.44253564, 0.26359546), (0.4254617, 0.26359546), (0.4254617, 0.26359546), (0.44253564, 0.26578534), (0.4254617, 0.26578534), (0.4083879, 0.26359546), (0.4254617, 0.26359546), (0.4254617, 0.26578534), (0.4083879, 0.26359546), (0.4254617, 0.26578534), (0.4083879, 0.26578534), (0.39131403, 0.26359546), (0.4083879, 0.26359546), (0.4083879, 0.26578534), (0.39131403, 0.26359546), (0.4083879, 0.26578534), (0.39131403, 0.26578534), (0.37424016, 0.26359546), (0.39131403, 0.26359546), (0.39131403, 0.26578534), (0.37424016, 0.26359546), (0.39131403, 0.26578534), (0.37424016, 0.26578534), (0.35716635, 0.26359546), (0.37424016, 0.26359546), (0.37424016, 0.26578534), (0.35716635, 0.26359546), (0.37424016, 0.26578534), (0.35716635, 0.26578534), (0.34009242, 0.26359546), (0.35716635, 0.26359546), (0.35716635, 0.26578534), (0.34009242, 0.26359546), (0.35716635, 0.26578534), (0.34009242, 0.26578534), (0.3230186, 0.26359546), (0.34009242, 0.26359546), (0.34009242, 0.26578534), (0.3230186, 0.26359546), (0.34009242, 0.26578534), (0.3230186, 0.26578534), (0.30594474, 0.26359546), (0.3230186, 0.26359546), (0.3230186, 0.26578534), (0.30594474, 0.26359546), (0.3230186, 0.26578534), (0.30594474, 0.26578534), (0.28887087, 0.26359546), (0.30594474, 0.26359546), (0.30594474, 0.26578534), (0.28887087, 0.26359546), (0.30594474, 0.26578534), (0.28887087, 0.26578534), (0.27179706, 0.26359546), (0.28887087, 0.26359546), (0.28887087, 0.26578534), (0.27179706, 0.26359546), (0.28887087, 0.26578534), (0.27179706, 0.26578534), (0.25472313, 0.26359546), (0.27179706, 0.26359546), (0.27179706, 0.26578534), (0.25472313, 0.26359546), (0.27179706, 0.26578534), (0.25472313, 0.26578534), (0.23764926, 0.26359546), (0.25472313, 0.26359546), (0.25472313, 0.26578534), (0.23764926, 0.26359546), (0.25472313, 0.26578534), (0.23764926, 0.26578534), (0.2205754, 0.26359546), (0.23764926, 0.26359546), (0.23764926, 0.26578534), (0.2205754, 0.26359546), (0.23764926, 0.26578534), (0.2205754, 0.26578534), (0.20350155, 0.26359546), (0.2205754, 0.26359546), (0.2205754, 0.26578534), (0.20350155, 0.26359546), (0.2205754, 0.26578534), (0.20350155, 0.26578534), (0.18642767, 0.26359546), (0.20350155, 0.26359546), (0.20350155, 0.26578534), (0.18642767, 0.26359546), (0.20350155, 0.26578534), (0.18642767, 0.26578534), (0.16935386, 0.26359546), (0.18642767, 0.26359546), (0.18642767, 0.26578534), (0.16935386, 0.26359546), (0.18642767, 0.26578534), (0.16935386, 0.26578534), (0.15228003, 0.26359546), (0.16935386, 0.26359546), (0.16935386, 0.26578534), (0.15228003, 0.26359546), (0.16935386, 0.26578534), (0.15228003, 0.26578534), (0.13520603, 0.26359546), (0.15228003, 0.26359546), (0.15228003, 0.26578534), (0.13520603, 0.26359546), (0.15228003, 0.26578534), (0.13520601, 0.26578534), (0.11813229, 0.26359546), (0.13520603, 0.26359546), (0.13520601, 0.26578534), (0.11813229, 0.26359546), (0.13520601, 0.26578534), (0.11813228, 0.26578534), (0.10105838, 0.26359546), (0.11813229, 0.26359546), (0.11813228, 0.26578534), (0.10105838, 0.26359546), (0.11813228, 0.26578534), (0.10105838, 0.26578534), (0.08398448, 0.26359546), (0.10105838, 0.26359546), (0.10105838, 0.26578534), (0.08398448, 0.26359546), (0.10105838, 0.26578534), (0.08398448, 0.26578534), (0.06691062, 0.26359546), (0.08398448, 0.26359546), (0.08398448, 0.26578534), (0.06691062, 0.26359546), (0.08398448, 0.26578534), (0.06691061, 0.26578534), (0.04983674, 0.26359546), (0.06691062, 0.26359546), (0.06691061, 0.26578534), (0.04983674, 0.26359546), (0.06691061, 0.26578534), (0.04983674, 0.26578534), (0.032762893, 0.26359546), (0.04983674, 0.26359546), (0.04983674, 0.26578534), (0.032762893, 0.26359546), (0.04983674, 0.26578534), (0.032762893, 0.26578534), (0.015689027, 0.26359546), (0.032762893, 0.26359546), (0.032762893, 0.26578534), (0.015689027, 0.26359546), (0.032762893, 0.26578534), (0.015689027, 0.26578534), (0.11813229, 0.26359546), (0.13431281, 0.22659439), (0.13520603, 0.26359546), (0.13431281, 0.22659439), (0.11813229, 0.26359546), (0.13004108, 0.222), (0.13004108, 0.222), (0.11813229, 0.26359546), (0.11813228, 0.222), (0.11813228, 0.222), (0.11813229, 0.26359546), (0.10105838, 0.26359546), (0.13420217, 0.09047127), (0.13004108, 0.222), (0.11813228, 0.222), (0.13420217, 0.09047127), (0.11813228, 0.222), (0.13005354, 0.086000025), (0.13005354, 0.086000025), (0.11813228, 0.222), (0.11813228, 0.086000025), (0.13420334, 0.21700865), (0.13004108, 0.222), (0.13420217, 0.09047127), (0.11813228, 0.086000025), (0.11813228, 0.222), (0.10105838, 0.222), (0.11813228, 0.086000025), (0.10105838, 0.222), (0.10105838, 0.086000025), (0.10105838, 0.086000025), (0.10105838, 0.222), (0.08398448, 0.222), (0.10105838, 0.086000025), (0.08398448, 0.222), (0.08398448, 0.086000025), (0.11813228, 0.222), (0.10105838, 0.26359546), (0.10105838, 0.222), (0.10105838, 0.222), (0.08398448, 0.26359546), (0.08398448, 0.222), (0.10105838, 0.222), (0.10105838, 0.26359546), (0.08398448, 0.26359546), (0.10105838, 0.051435173), (0.10105838, 0.086000025), (0.08398448, 0.086000025), (0.10105838, 0.051435173), (0.08398448, 0.086000025), (0.08398448, 0.051435173), (0.072061144, 0.086000025), (0.08398448, 0.051435173), (0.08398448, 0.086000025), (0.08398448, 0.222), (0.072061144, 0.086000025), (0.08398448, 0.086000025), (0.072061144, 0.086000025), (0.06777926, 0.08087742), (0.08398448, 0.051435173), (0.08398448, 0.051435173), (0.06777926, 0.08087742), (0.06691061, 0.051435173), (0.11813228, 0.051435173), (0.10105838, 0.086000025), (0.10105838, 0.051435173), (0.11813228, 0.051435173), (0.11813228, 0.086000025), (0.10105838, 0.086000025), (0.11813228, 0.051435173), (0.13005354, 0.086000025), (0.11813228, 0.086000025), (0.13433605, 0.08087611), (0.13005354, 0.086000025), (0.11813228, 0.051435173), (0.13433605, 0.08087611), (0.11813228, 0.051435173), (0.13520601, 0.051435173), (0.06691061, 0.051435173), (0.06777926, 0.08087742), (0.04983674, 0.051435173), (0.04983674, 0.051435173), (0.06777926, 0.08087742), (0.063387446, 0.08399999), (0.04983674, 0.051435173), (0.063387446, 0.08399999), (0.04982592, 0.08399999), (0.04983674, 0.051435173), (0.04982592, 0.08399999), (0.032752104, 0.08399999), (0.04982595, 0.086512804), (0.032752104, 0.08399999), (0.04982592, 0.08399999), (0.04982595, 0.086512804), (0.032752097, 0.086512744), (0.032752104, 0.08399999), (0.032752097, 0.086512744), (0.015678208, 0.08399999), (0.032752104, 0.08399999), (0.032752097, 0.086512744), (0.015678208, 0.086512744), (0.015678208, 0.08399999), (0.032752097, 0.086512744), (0.015678208, 0.08830547), (0.015678208, 0.086512744), (0.032752097, 0.086512744), (0.032752108, 0.08830547), (0.015678208, 0.08830547), (0.04982595, 0.086512804), (0.032752108, 0.08830547), (0.032752097, 0.086512744), (0.015678208, 0.08830547), (0.032752108, 0.08830547), (0.032752108, 0.09000003), (0.015678208, 0.08830547), (0.032752108, 0.09000003), (0.015678208, 0.09000003), (0.032752108, 0.08830547), (0.04982592, 0.09000003), (0.032752108, 0.09000003), (0.032752108, 0.08830547), (0.049825925, 0.08830547), (0.04982592, 0.09000003), (0.04982595, 0.086512804), (0.049825925, 0.08830547), (0.032752108, 0.08830547), (0.032762893, 0.051435173), (0.032752104, 0.08399999), (0.015678208, 0.08399999), (0.04983674, 0.051435173), (0.032752104, 0.08399999), (0.032762893, 0.051435173), (0.032762893, 0.051435173), (0.015678208, 0.08399999), (0.015689027, 0.051435173), (0.015689027, 0.047707617), (0.032762893, 0.051435173), (0.015689027, 0.051435173), (0.015689027, 0.047707617), (0.032762893, 0.047707617), (0.032762893, 0.051435173), (0.015689027, 0.0445475), (0.032762893, 0.047707617), (0.015689027, 0.047707617), (0.015689027, 0.0445475), (0.032762893, 0.0445475), (0.032762893, 0.047707617), (0.015689027, 0.042436004), (0.032762893, 0.0445475), (0.015689027, 0.0445475), (0.015689027, 0.042436004), (0.032762893, 0.042436004), (0.032762893, 0.0445475), (0.032762893, 0.042436004), (0.04983674, 0.0445475), (0.032762893, 0.0445475), (0.032762893, 0.042436004), (0.04983674, 0.042436004), (0.04983674, 0.0445475), (0.032762893, 0.047707617), (0.04983674, 0.051435173), (0.032762893, 0.051435173), (0.032762893, 0.047707617), (0.04983674, 0.047707617), (0.04983674, 0.051435173), (0.032762893, 0.0445475), (0.04983674, 0.047707617), (0.032762893, 0.047707617), (0.032762893, 0.0445475), (0.04983674, 0.0445475), (0.04983674, 0.047707617), (0.04983674, 0.042436004), (0.06691061, 0.0445475), (0.04983674, 0.0445475), (0.04983674, 0.042436004), (0.06691061, 0.042436004), (0.06691061, 0.0445475), (0.04983674, 0.047707617), (0.06691061, 0.051435173), (0.04983674, 0.051435173), (0.04983674, 0.047707617), (0.06691061, 0.047707617), (0.06691061, 0.051435173), (0.04983674, 0.0445475), (0.06691061, 0.047707617), (0.04983674, 0.047707617), (0.04983674, 0.0445475), (0.06691061, 0.0445475), (0.06691061, 0.047707617), (0.06691061, 0.042436004), (0.08398448, 0.0445475), (0.06691061, 0.0445475), (0.06691061, 0.042436004), (0.08398448, 0.042436004), (0.08398448, 0.0445475), (0.06691061, 0.047707617), (0.08398448, 0.051435173), (0.06691061, 0.051435173), (0.06691061, 0.047707617), (0.08398448, 0.047707617), (0.08398448, 0.051435173), (0.06691061, 0.0445475), (0.08398448, 0.047707617), (0.06691061, 0.047707617), (0.06691061, 0.0445475), (0.08398448, 0.0445475), (0.08398448, 0.047707617), (0.08398448, 0.042436004), (0.10105838, 0.0445475), (0.08398448, 0.0445475), (0.08398448, 0.042436004), (0.10105835, 0.042436004), (0.10105838, 0.0445475), (0.08398448, 0.047707617), (0.10105838, 0.051435173), (0.08398448, 0.051435173), (0.08398448, 0.047707617), (0.10105838, 0.047707617), (0.10105838, 0.051435173), (0.08398448, 0.0445475), (0.10105838, 0.047707617), (0.08398448, 0.047707617), (0.08398448, 0.0445475), (0.10105838, 0.0445475), (0.10105838, 0.047707617), (0.10105835, 0.042436004), (0.11813228, 0.0445475), (0.10105838, 0.0445475), (0.10105835, 0.042436004), (0.11813228, 0.042436004), (0.11813228, 0.0445475), (0.10105838, 0.047707617), (0.11813228, 0.051435173), (0.10105838, 0.051435173), (0.10105838, 0.047707617), (0.11813228, 0.047707617), (0.11813228, 0.051435173), (0.10105838, 0.0445475), (0.11813228, 0.047707617), (0.10105838, 0.047707617), (0.10105838, 0.0445475), (0.11813228, 0.0445475), (0.11813228, 0.047707617), (0.11813228, 0.042436004), (0.13520601, 0.0445475), (0.11813228, 0.0445475), (0.11813228, 0.042436004), (0.13520601, 0.042436004), (0.13520601, 0.0445475), (0.11813228, 0.047707617), (0.13520601, 0.051435173), (0.11813228, 0.051435173), (0.11813228, 0.047707617), (0.13520601, 0.047707617), (0.13520601, 0.051435173), (0.11813228, 0.0445475), (0.13520601, 0.047707617), (0.11813228, 0.047707617), (0.11813228, 0.0445475), (0.13520601, 0.0445475), (0.13520601, 0.047707617), (0.13520601, 0.042436004), (0.15228003, 0.0445475), (0.13520601, 0.0445475), (0.13520601, 0.042436004), (0.15228003, 0.042436004), (0.15228003, 0.0445475), (0.13520601, 0.047707617), (0.15228003, 0.051435173), (0.13520601, 0.051435173), (0.15228003, 0.051435173), (0.13433605, 0.08087611), (0.13520601, 0.051435173), (0.13433605, 0.08087611), (0.15228003, 0.051435173), (0.13872421, 0.08399999), (0.13872421, 0.08399999), (0.15228003, 0.051435173), (0.15226907, 0.08399999), (0.16935386, 0.051435173), (0.15226907, 0.08399999), (0.15228003, 0.051435173), (0.16935386, 0.051435173), (0.16934295, 0.08399999), (0.15226907, 0.08399999), (0.16934295, 0.086512804), (0.15226907, 0.08399999), (0.16934295, 0.08399999), (0.18641688, 0.086512804), (0.16934295, 0.086512804), (0.16934295, 0.08399999), (0.18641688, 0.086512804), (0.16934295, 0.08399999), (0.18641688, 0.08399999), (0.2034907, 0.086512804), (0.18641688, 0.086512804), (0.18641688, 0.08399999), (0.2034907, 0.086512804), (0.18641688, 0.08399999), (0.2034907, 0.08399999), (0.2205645, 0.086512804), (0.2034907, 0.086512804), (0.2034907, 0.08399999), (0.2205645, 0.086512804), (0.2034907, 0.08399999), (0.2205645, 0.08399999), (0.16934295, 0.086512804), (0.15226907, 0.086512804), (0.15226907, 0.08399999), (0.16934295, 0.086512804), (0.15226907, 0.08830547), (0.15226907, 0.086512804), (0.16934295, 0.086512804), (0.16934295, 0.08830547), (0.15226907, 0.08830547), (0.18641688, 0.086512804), (0.16934295, 0.08830547), (0.16934295, 0.086512804), (0.15226907, 0.08830547), (0.16934295, 0.08830547), (0.16934295, 0.09000003), (0.15226907, 0.08830547), (0.16934295, 0.09000003), (0.15226907, 0.09000003), (0.16934295, 0.08830547), (0.18641688, 0.09000003), (0.16934295, 0.09000003), (0.16934295, 0.08830547), (0.18641688, 0.08830547), (0.18641688, 0.09000003), (0.18641688, 0.086512804), (0.18641688, 0.08830547), (0.16934295, 0.08830547), (0.2034907, 0.086512804), (0.18641688, 0.08830547), (0.18641688, 0.086512804), (0.18641688, 0.08830547), (0.2034907, 0.09000003), (0.18641688, 0.09000003), (0.18641688, 0.08830547), (0.2034907, 0.08830547), (0.2034907, 0.09000003), (0.2034907, 0.086512804), (0.2034907, 0.08830547), (0.18641688, 0.08830547), (0.2205645, 0.086512804), (0.2034907, 0.08830547), (0.2034907, 0.086512804), (0.2034907, 0.08830547), (0.2205645, 0.09000003), (0.2034907, 0.09000003), (0.2034907, 0.08830547), (0.2205645, 0.08830547), (0.2205645, 0.09000003), (0.2205645, 0.086512804), (0.2205645, 0.08830547), (0.2034907, 0.08830547), (0.20350155, 0.051435173), (0.2034907, 0.08399999), (0.18641688, 0.08399999), (0.2205754, 0.051435173), (0.2034907, 0.08399999), (0.20350155, 0.051435173), (0.2205754, 0.051435173), (0.2205645, 0.08399999), (0.2034907, 0.08399999), (0.2205754, 0.051435173), (0.2341261, 0.08399999), (0.2205645, 0.08399999), (0.2205754, 0.051435173), (0.23851793, 0.08087742), (0.2341261, 0.08399999), (0.23764926, 0.051435173), (0.23851793, 0.08087742), (0.2205754, 0.051435173), (0.25472313, 0.051435173), (0.23851793, 0.08087742), (0.23764926, 0.051435173), (0.24279979, 0.086000025), (0.23851793, 0.08087742), (0.25472313, 0.051435173), (0.24279979, 0.086000025), (0.25472313, 0.051435173), (0.25472313, 0.086000025), (0.27179706, 0.051435173), (0.25472313, 0.086000025), (0.25472313, 0.051435173), (0.27179706, 0.051435173), (0.27179706, 0.086000025), (0.25472313, 0.086000025), (0.27179706, 0.086000025), (0.25472313, 0.222), (0.25472313, 0.086000025), (0.25472313, 0.222), (0.24279979, 0.086000025), (0.25472313, 0.086000025), (0.27179706, 0.086000025), (0.27179706, 0.222), (0.25472313, 0.222), (0.28887087, 0.086000025), (0.27179706, 0.222), (0.27179706, 0.086000025), (0.28887087, 0.086000025), (0.28887087, 0.222), (0.27179706, 0.222), (0.30079222, 0.086000025), (0.28887087, 0.222), (0.28887087, 0.086000025), (0.30494088, 0.09047127), (0.28887087, 0.222), (0.30079222, 0.086000025), (0.30494088, 0.09047127), (0.3007798, 0.222), (0.28887087, 0.222), (0.3049421, 0.21700865), (0.3007798, 0.222), (0.30494088, 0.09047127), (0.3007798, 0.222), (0.28887087, 0.26359546), (0.28887087, 0.222), (0.30505157, 0.22659439), (0.28887087, 0.26359546), (0.3007798, 0.222), (0.30594474, 0.26359546), (0.28887087, 0.26359546), (0.30505157, 0.22659439), (0.28887087, 0.222), (0.27179706, 0.26359546), (0.27179706, 0.222), (0.28887087, 0.222), (0.28887087, 0.26359546), (0.27179706, 0.26359546), (0.27179706, 0.222), (0.25472313, 0.26359546), (0.25472313, 0.222), (0.27179706, 0.222), (0.27179706, 0.26359546), (0.25472313, 0.26359546), (0.28887087, 0.051435173), (0.27179706, 0.086000025), (0.27179706, 0.051435173), (0.28887087, 0.051435173), (0.28887087, 0.086000025), (0.27179706, 0.086000025), (0.28887087, 0.051435173), (0.30079222, 0.086000025), (0.28887087, 0.086000025), (0.30507475, 0.08087611), (0.30079222, 0.086000025), (0.28887087, 0.051435173), (0.30507475, 0.08087611), (0.28887087, 0.051435173), (0.30594474, 0.051435173), (0.3230186, 0.051435173), (0.30507475, 0.08087611), (0.30594474, 0.051435173), (0.30507475, 0.08087611), (0.3230186, 0.051435173), (0.3094629, 0.08399999), (0.3094629, 0.08399999), (0.3230186, 0.051435173), (0.32300767, 0.08399999), (0.34009242, 0.051435173), (0.32300767, 0.08399999), (0.3230186, 0.051435173), (0.34009242, 0.051435173), (0.3400816, 0.08399999), (0.32300767, 0.08399999), (0.3400816, 0.086512804), (0.32300767, 0.08399999), (0.3400816, 0.08399999), (0.3571555, 0.086512804), (0.3400816, 0.086512804), (0.3400816, 0.08399999), (0.3571555, 0.086512804), (0.3400816, 0.08399999), (0.3571555, 0.08399999), (0.37422925, 0.086512804), (0.3571555, 0.086512804), (0.3571555, 0.08399999), (0.37422925, 0.086512804), (0.3571555, 0.08399999), (0.37422925, 0.08399999), (0.39130318, 0.086512804), (0.37422925, 0.086512804), (0.37422925, 0.08399999), (0.39130318, 0.086512804), (0.37422925, 0.08399999), (0.39130318, 0.08399999), (0.3400816, 0.086512804), (0.32300767, 0.086512804), (0.32300767, 0.08399999), (0.3400816, 0.086512804), (0.32300767, 0.08830547), (0.32300767, 0.086512804), (0.3400816, 0.086512804), (0.3400816, 0.08830547), (0.32300767, 0.08830547), (0.3571555, 0.086512804), (0.3400816, 0.08830547), (0.3400816, 0.086512804), (0.32300767, 0.08830547), (0.3400816, 0.08830547), (0.3400816, 0.09000003), (0.32300767, 0.08830547), (0.3400816, 0.09000003), (0.32300767, 0.09000003), (0.3400816, 0.08830547), (0.3571555, 0.09000003), (0.3400816, 0.09000003), (0.3400816, 0.08830547), (0.3571555, 0.08830547), (0.3571555, 0.09000003), (0.3571555, 0.086512804), (0.3571555, 0.08830547), (0.3400816, 0.08830547), (0.37422925, 0.086512804), (0.3571555, 0.08830547), (0.3571555, 0.086512804), (0.3571555, 0.08830547), (0.37422925, 0.09000003), (0.3571555, 0.09000003), (0.3571555, 0.08830547), (0.37422925, 0.08830547), (0.37422925, 0.09000003), (0.37422925, 0.086512804), (0.37422925, 0.08830547), (0.3571555, 0.08830547), (0.39130318, 0.086512804), (0.37422925, 0.08830547), (0.37422925, 0.086512804), (0.37422925, 0.08830547), (0.39130318, 0.09000003), (0.37422925, 0.09000003), (0.37422925, 0.08830547), (0.39130318, 0.08830547), (0.39130318, 0.09000003), (0.39130318, 0.086512804), (0.39130318, 0.08830547), (0.37422925, 0.08830547), (0.37424016, 0.051435173), (0.37422925, 0.08399999), (0.3571555, 0.08399999), (0.39131403, 0.051435173), (0.37422925, 0.08399999), (0.37424016, 0.051435173), (0.39131403, 0.051435173), (0.39130318, 0.08399999), (0.37422925, 0.08399999), (0.39131403, 0.051435173), (0.4048647, 0.08399999), (0.39130318, 0.08399999), (0.39131403, 0.051435173), (0.4092565, 0.08087742), (0.4048647, 0.08399999), (0.4083879, 0.051435173), (0.4092565, 0.08087742), (0.39131403, 0.051435173), (0.4254617, 0.051435173), (0.4092565, 0.08087742), (0.4083879, 0.051435173), (0.41353837, 0.086000025), (0.4092565, 0.08087742), (0.4254617, 0.051435173), (0.41353837, 0.086000025), (0.4254617, 0.051435173), (0.4254617, 0.086000025), (0.44253564, 0.051435173), (0.4254617, 0.086000025), (0.4254617, 0.051435173), (0.44253564, 0.051435173), (0.44253564, 0.086000025), (0.4254617, 0.086000025), (0.4596095, 0.051435173), (0.44253564, 0.086000025), (0.44253564, 0.051435173), (0.4596095, 0.051435173), (0.4596095, 0.086000025), (0.44253564, 0.086000025), (0.4596095, 0.051435173), (0.4715309, 0.086000025), (0.4596095, 0.086000025), (0.47581336, 0.08087611), (0.4715309, 0.086000025), (0.4596095, 0.051435173), (0.47581336, 0.08087611), (0.4596095, 0.051435173), (0.47668338, 0.051435173), (0.4937573, 0.051435173), (0.47581336, 0.08087611), (0.47668338, 0.051435173), (0.47581336, 0.08087611), (0.4937573, 0.051435173), (0.48021, 0.08399999), (0.48021, 0.08399999), (0.4937573, 0.051435173), (0.49374634, 0.08399999), (0.510831, 0.051435173), (0.49374634, 0.08399999), (0.4937573, 0.051435173), (0.510831, 0.051435173), (0.51082015, 0.08399999), (0.49374634, 0.08399999), (0.51082015, 0.086512804), (0.49374634, 0.08399999), (0.51082015, 0.08399999), (0.52789414, 0.086512804), (0.51082015, 0.086512804), (0.51082015, 0.08399999), (0.52789414, 0.086512804), (0.51082015, 0.08399999), (0.52789414, 0.08399999), (0.5449679, 0.086512804), (0.52789414, 0.086512804), (0.52789414, 0.08399999), (0.5449679, 0.086512804), (0.52789414, 0.08399999), (0.5449679, 0.08399999), (0.56204176, 0.086512804), (0.5449679, 0.086512804), (0.5449679, 0.08399999), (0.56204176, 0.086512804), (0.5449679, 0.08399999), (0.56204176, 0.08399999), (0.51082015, 0.086512804), (0.49374634, 0.086512804), (0.49374634, 0.08399999), (0.51082015, 0.086512804), (0.49374634, 0.08830547), (0.49374634, 0.086512804), (0.51082015, 0.086512804), (0.51082015, 0.08830547), (0.49374634, 0.08830547), (0.52789414, 0.086512804), (0.51082015, 0.08830547), (0.51082015, 0.086512804), (0.49374634, 0.08830547), (0.51082015, 0.08830547), (0.51082015, 0.09000003), (0.49374634, 0.08830547), (0.51082015, 0.09000003), (0.49374634, 0.09000003), (0.51082015, 0.08830547), (0.52789414, 0.09000003), (0.51082015, 0.09000003), (0.51082015, 0.08830547), (0.52789414, 0.08830547), (0.52789414, 0.09000003), (0.52789414, 0.086512804), (0.52789414, 0.08830547), (0.51082015, 0.08830547), (0.5449679, 0.086512804), (0.52789414, 0.08830547), (0.52789414, 0.086512804), (0.52789414, 0.08830547), (0.5449679, 0.09000003), (0.52789414, 0.09000003), (0.52789414, 0.08830547), (0.5449679, 0.08830547), (0.5449679, 0.09000003), (0.5449679, 0.086512804), (0.5449679, 0.08830547), (0.52789414, 0.08830547), (0.56204176, 0.086512804), (0.5449679, 0.08830547), (0.5449679, 0.086512804), (0.5449679, 0.08830547), (0.56204176, 0.09000003), (0.5449679, 0.09000003), (0.5449679, 0.08830547), (0.56204176, 0.08830547), (0.56204176, 0.09000003), (0.56204176, 0.086512804), (0.56204176, 0.08830547), (0.5449679, 0.08830547), (0.5620526, 0.051435173), (0.56204176, 0.08399999), (0.5449679, 0.08399999), (0.5620526, 0.051435173), (0.5449679, 0.08399999), (0.54497886, 0.051435173), (0.5620526, 0.051435173), (0.5756033, 0.08399999), (0.56204176, 0.08399999), (0.5620526, 0.051435173), (0.57999516, 0.08087742), (0.5756033, 0.08399999), (0.5791266, 0.051435173), (0.57999516, 0.08087742), (0.5620526, 0.051435173), (0.5962003, 0.051435173), (0.57999516, 0.08087742), (0.5791266, 0.051435173), (0.58427703, 0.086000025), (0.57999516, 0.08087742), (0.5962003, 0.051435173), (0.58427703, 0.086000025), (0.5962003, 0.051435173), (0.5962003, 0.086000025), (0.6132742, 0.051435173), (0.5962003, 0.086000025), (0.5962003, 0.051435173), (0.6132742, 0.051435173), (0.6132742, 0.086000025), (0.5962003, 0.086000025), (0.6132742, 0.086000025), (0.5962003, 0.222), (0.5962003, 0.086000025), (0.5962003, 0.222), (0.58427703, 0.086000025), (0.5962003, 0.086000025), (0.6132742, 0.086000025), (0.6132742, 0.222), (0.5962003, 0.222), (0.630348, 0.086000025), (0.6132742, 0.222), (0.6132742, 0.086000025), (0.630348, 0.086000025), (0.630348, 0.222), (0.6132742, 0.222), (0.6422695, 0.086000025), (0.630348, 0.222), (0.630348, 0.086000025), (0.646418, 0.09047127), (0.630348, 0.222), (0.6422695, 0.086000025), (0.646418, 0.09047127), (0.6422569, 0.222), (0.630348, 0.222), (0.6464192, 0.21692818), (0.6422569, 0.222), (0.646418, 0.09047127), (0.6422569, 0.222), (0.630348, 0.26359546), (0.630348, 0.222), (0.64652866, 0.22659439), (0.630348, 0.26359546), (0.6422569, 0.222), (0.64742184, 0.26359546), (0.630348, 0.26359546), (0.64652866, 0.22659439), (0.630348, 0.26359546), (0.64742184, 0.26359546), (0.64742184, 0.26578534), (0.630348, 0.26359546), (0.64742184, 0.26578534), (0.630348, 0.26578534), (0.6132742, 0.26359546), (0.630348, 0.26359546), (0.630348, 0.26578534), (0.630348, 0.222), (0.6132742, 0.26359546), (0.6132742, 0.222), (0.630348, 0.222), (0.630348, 0.26359546), (0.6132742, 0.26359546), (0.6132742, 0.26359546), (0.630348, 0.26578534), (0.6132742, 0.26578534), (0.5962003, 0.26359546), (0.6132742, 0.26359546), (0.6132742, 0.26578534), (0.6132742, 0.222), (0.5962003, 0.26359546), (0.5962003, 0.222), (0.6132742, 0.222), (0.6132742, 0.26359546), (0.5962003, 0.26359546), (0.5962003, 0.26359546), (0.6132742, 0.26578534), (0.5962003, 0.26578534), (0.5791266, 0.26359546), (0.5962003, 0.26359546), (0.5962003, 0.26578534), (0.5791266, 0.26359546), (0.5962003, 0.26578534), (0.5791266, 0.26578534), (0.5620526, 0.26359546), (0.5791266, 0.26359546), (0.5791266, 0.26578534), (0.5620526, 0.26359546), (0.5791266, 0.26578534), (0.5620526, 0.26578534), (0.54497886, 0.26359546), (0.5620526, 0.26359546), (0.5620526, 0.26578534), (0.54497886, 0.26359546), (0.5620526, 0.26578534), (0.54497886, 0.26578534), (0.54497886, 0.26578534), (0.52790487, 0.26359546), (0.54497886, 0.26359546), (0.54497886, 0.26578534), (0.527905, 0.26578534), (0.52790487, 0.26359546), (0.64742184, 0.26359546), (0.66449577, 0.26578534), (0.64742184, 0.26578534), (0.64742184, 0.26359546), (0.66449577, 0.26359546), (0.66449577, 0.26578534), (0.66449577, 0.26359546), (0.6815697, 0.26578534), (0.66449577, 0.26578534), (0.66449577, 0.26359546), (0.6815697, 0.26359546), (0.6815697, 0.26578534), (0.6815697, 0.26359546), (0.6986435, 0.26578534), (0.6815697, 0.26578534), (0.6815697, 0.26359546), (0.6986435, 0.26359546), (0.6986435, 0.26578534), (0.510831, 0.26359546), (0.52790487, 0.26359546), (0.527905, 0.26578534), (0.510831, 0.26359546), (0.527905, 0.26578534), (0.510831, 0.26578534), (0.4937573, 0.26359546), (0.510831, 0.26359546), (0.510831, 0.26578534), (0.4937573, 0.26359546), (0.510831, 0.26578534), (0.4937573, 0.26578534), (0.47668335, 0.26359546), (0.4937573, 0.26359546), (0.4937573, 0.26578534), (0.47668335, 0.26359546), (0.4937573, 0.26578534), (0.47668338, 0.26578534), (0.69863266, 0.22299999), (0.6986435, 0.26359546), (0.6815697, 0.26359546), (0.69863266, 0.22299999), (0.6815697, 0.26359546), (0.68155885, 0.22299999), (0.68155885, 0.22299999), (0.6815697, 0.26359546), (0.66449577, 0.26359546), (0.69863266, 0.22299999), (0.68155885, 0.22299999), (0.68155885, 0.22096717), (0.69863266, 0.22299999), (0.68155885, 0.22096717), (0.69863266, 0.22096717), (0.68155885, 0.22299999), (0.6644849, 0.22096717), (0.68155885, 0.22096717), (0.68155885, 0.22299999), (0.6644849, 0.22299999), (0.6644849, 0.22096717), (0.68155885, 0.22299999), (0.66449577, 0.26359546), (0.6644849, 0.22299999), (0.51082015, 0.22299999), (0.510831, 0.26359546), (0.4937573, 0.26359546), (0.52789414, 0.22299999), (0.510831, 0.26359546), (0.51082015, 0.22299999), (0.52789414, 0.22299999), (0.51082015, 0.22299999), (0.51082015, 0.22096717), (0.52789414, 0.22299999), (0.51082015, 0.22096717), (0.52789414, 0.22096717), (0.5449679, 0.22299999), (0.52789414, 0.22299999), (0.52789414, 0.22096717), (0.5449679, 0.22299999), (0.52789414, 0.22096717), (0.5449679, 0.22096717), (0.56204176, 0.22299999), (0.5449679, 0.22299999), (0.5449679, 0.22096717), (0.56204176, 0.22299999), (0.5449679, 0.22096717), (0.56204176, 0.22096717), (0.51082015, 0.22299999), (0.49374634, 0.22096717), (0.51082015, 0.22096717), (0.51082015, 0.22299999), (0.49374634, 0.22299999), (0.49374634, 0.22096717), (0.56204176, 0.22299999), (0.54497886, 0.26359546), (0.5449679, 0.22299999), (0.56204176, 0.22299999), (0.5620526, 0.26359546), (0.54497886, 0.26359546), (0.57641506, 0.22299999), (0.5620526, 0.26359546), (0.56204176, 0.22299999), (0.5800212, 0.22659576), (0.5620526, 0.26359546), (0.57641506, 0.22299999), (0.5791266, 0.26359546), (0.5620526, 0.26359546), (0.5800212, 0.22659576), (0.5449679, 0.22299999), (0.52790487, 0.26359546), (0.52789414, 0.22299999), (0.5449679, 0.22299999), (0.54497886, 0.26359546), (0.52790487, 0.26359546), (0.52789414, 0.22299999), (0.52790487, 0.26359546), (0.510831, 0.26359546), (0.5449679, 0.22096717), (0.56204176, 0.218054), (0.56204176, 0.22096717), (0.5449679, 0.22096717), (0.5449679, 0.218054), (0.56204176, 0.218054), (0.52789414, 0.22096717), (0.5449679, 0.218054), (0.5449679, 0.22096717), (0.5449679, 0.21700001), (0.56204176, 0.218054), (0.5449679, 0.218054), (0.52789414, 0.21700001), (0.5449679, 0.21700001), (0.5449679, 0.218054), (0.52789414, 0.21700001), (0.5449679, 0.218054), (0.52789414, 0.218054), (0.51082015, 0.21700001), (0.52789414, 0.21700001), (0.52789414, 0.218054), (0.51082015, 0.21700001), (0.52789414, 0.218054), (0.51082015, 0.218054), (0.49374634, 0.21700001), (0.51082015, 0.21700001), (0.51082015, 0.218054), (0.49374634, 0.21700001), (0.51082015, 0.218054), (0.49374634, 0.218054), (0.5449679, 0.21700001), (0.5620418, 0.21700001), (0.56204176, 0.218054), (0.52789414, 0.22096717), (0.52789414, 0.218054), (0.5449679, 0.218054), (0.51082015, 0.22096717), (0.52789414, 0.218054), (0.52789414, 0.22096717), (0.51082015, 0.22096717), (0.51082015, 0.218054), (0.52789414, 0.218054), (0.49374634, 0.22096717), (0.51082015, 0.218054), (0.51082015, 0.22096717), (0.49374634, 0.22096717), (0.49374634, 0.218054), (0.51082015, 0.218054), (0.49374634, 0.21700001), (0.49374634, 0.218054), (0.48525578, 0.218054), (0.49374634, 0.21700001), (0.48525578, 0.218054), (0.48676005, 0.21700001), (0.48419204, 0.21665704), (0.48676005, 0.21700001), (0.48525578, 0.218054), (0.48419204, 0.21665704), (0.48600224, 0.21607119), (0.48676005, 0.21700001), (0.48518252, 0.21425867), (0.48600224, 0.21607119), (0.48419204, 0.21665704), (0.48518252, 0.21425867), (0.48419204, 0.21665704), (0.48298612, 0.21478498), (0.4843052, 0.21231884), (0.48518252, 0.21425867), (0.48298612, 0.21478498), (0.4843052, 0.21231884), (0.48298612, 0.21478498), (0.48167276, 0.2129426), (0.4815206, 0.093378186), (0.4843052, 0.21231884), (0.48167276, 0.2129426), (0.47693604, 0.09177059), (0.4815206, 0.093378186), (0.48167276, 0.2129426), (0.47870043, 0.08960521), (0.4815206, 0.093378186), (0.47693604, 0.09177059), (0.47870043, 0.08960521), (0.4828119, 0.09172577), (0.4815206, 0.093378186), (0.48042315, 0.08771044), (0.4828119, 0.09172577), (0.47870043, 0.08960521), (0.48042315, 0.08771044), (0.48407117, 0.089897215), (0.4828119, 0.09172577), (0.48282018, 0.086512804), (0.48407117, 0.089897215), (0.48042315, 0.08771044), (0.48282018, 0.086512804), (0.48511213, 0.08830547), (0.48407117, 0.089897215), (0.47693604, 0.09177059), (0.48167276, 0.2129426), (0.47698405, 0.21566021), (0.47693604, 0.09177059), (0.47698405, 0.21566021), (0.4756807, 0.21673661), (0.47693604, 0.09177059), (0.4756807, 0.21673661), (0.47567925, 0.09046757), (0.47567925, 0.09046757), (0.47870043, 0.08960521), (0.47693604, 0.09177059), (0.4815206, 0.093378186), (0.48382396, 0.09411055), (0.4843052, 0.21231884), (0.4828119, 0.09172577), (0.48382396, 0.09411055), (0.4815206, 0.093378186), (0.49374634, 0.08830547), (0.48511213, 0.08830547), (0.48282018, 0.086512804), (0.48511213, 0.08830547), (0.49374634, 0.08830547), (0.49374634, 0.09000003), (0.48511213, 0.08830547), (0.49374634, 0.09000003), (0.4864703, 0.09000003), (0.4864703, 0.09000003), (0.48407117, 0.089897215), (0.48511213, 0.08830547), (0.49374634, 0.08830547), (0.48282018, 0.086512804), (0.49374634, 0.086512804), (0.48282018, 0.086512804), (0.49374634, 0.08399999), (0.49374634, 0.086512804), (0.48282018, 0.086512804), (0.48021, 0.08399999), (0.49374634, 0.08399999), (0.48042315, 0.08771044), (0.48021, 0.08399999), (0.48282018, 0.086512804), (0.47567925, 0.09046757), (0.47627604, 0.08788675), (0.47870043, 0.08960521), (0.48042315, 0.08771044), (0.47790527, 0.08586794), (0.48021, 0.08399999), (0.47870043, 0.08960521), (0.47790527, 0.08586794), (0.48042315, 0.08771044), (0.47870043, 0.08960521), (0.47627604, 0.08788675), (0.47790527, 0.08586794), (0.4864703, 0.09000003), (0.48557788, 0.090831876), (0.48407117, 0.089897215), (0.47827908, 0.2174896), (0.4756807, 0.21673661), (0.47698405, 0.21566021), (0.47827908, 0.2174896), (0.47618875, 0.21946764), (0.4756807, 0.21673661), (0.47991526, 0.21949029), (0.47618875, 0.21946764), (0.47827908, 0.2174896), (0.47991526, 0.21949029), (0.47795826, 0.22145373), (0.47618875, 0.21946764), (0.4799563, 0.22299999), (0.47795826, 0.22145373), (0.47991526, 0.21949029), (0.4799563, 0.22299999), (0.47991526, 0.21949029), (0.4816831, 0.22096717), (0.4816831, 0.22096717), (0.49374634, 0.22299999), (0.4799563, 0.22299999), (0.4937573, 0.26359546), (0.4799563, 0.22299999), (0.49374634, 0.22299999), (0.51082015, 0.22299999), (0.4937573, 0.26359546), (0.49374634, 0.22299999), (0.4937573, 0.26359546), (0.4757934, 0.22672749), (0.4799563, 0.22299999), (0.4937573, 0.26359546), (0.47668335, 0.26359546), (0.4757934, 0.22672749), (0.4816831, 0.22096717), (0.49374634, 0.22096717), (0.49374634, 0.22299999), (0.4816831, 0.22096717), (0.49374634, 0.218054), (0.49374634, 0.22096717), (0.4816831, 0.22096717), (0.48525578, 0.218054), (0.49374634, 0.218054), (0.48419204, 0.21665704), (0.4816831, 0.22096717), (0.47991526, 0.21949029), (0.48419204, 0.21665704), (0.48525578, 0.218054), (0.4816831, 0.22096717), (0.48298612, 0.21478498), (0.47991526, 0.21949029), (0.47827908, 0.2174896), (0.48298612, 0.21478498), (0.48419204, 0.21665704), (0.47991526, 0.21949029), (0.48167276, 0.2129426), (0.48298612, 0.21478498), (0.47827908, 0.2174896), (0.47576675, 0.22364956), (0.4799563, 0.22299999), (0.4757934, 0.22672749), (0.47576675, 0.22364956), (0.47795826, 0.22145373), (0.4799563, 0.22299999), (0.47576675, 0.22364956), (0.4757934, 0.22672749), (0.471669, 0.222), (0.47576675, 0.22364956), (0.471669, 0.222), (0.47397336, 0.22195143), (0.47618875, 0.21946764), (0.47397336, 0.22195143), (0.471669, 0.222), (0.47576675, 0.22364956), (0.47397336, 0.22195143), (0.47618875, 0.21946764), (0.47618875, 0.21946764), (0.471669, 0.222), (0.4756807, 0.21673661), (0.47576675, 0.22364956), (0.47618875, 0.21946764), (0.47795826, 0.22145373), (0.48167276, 0.2129426), (0.47827908, 0.2174896), (0.47698405, 0.21566021), (0.54497886, 0.26359546), (0.52790487, 0.26578534), (0.54497886, 0.26578534), (0.54497886, 0.26359546), (0.52790487, 0.26359546), (0.52790487, 0.26578534), (0.54497886, 0.26578534), (0.5620526, 0.26359546), (0.54497886, 0.26359546), (0.54497886, 0.26578534), (0.5620526, 0.26578534), (0.5620526, 0.26359546), (0.5620526, 0.26578534), (0.5791266, 0.26359546), (0.5620526, 0.26359546), (0.5620526, 0.26578534), (0.5791266, 0.26578534), (0.5791266, 0.26359546), (0.5791266, 0.26578534), (0.5962003, 0.26359546), (0.5791266, 0.26359546), (0.5791266, 0.26578534), (0.5962003, 0.26578534), (0.5962003, 0.26359546), (0.5962003, 0.26578534), (0.6132742, 0.26359546), (0.5962003, 0.26359546), (0.5962003, 0.26578534), (0.6132742, 0.26578534), (0.6132742, 0.26359546), (0.6132742, 0.26578534), (0.630348, 0.26359546), (0.6132742, 0.26359546), (0.6132742, 0.26578534), (0.630348, 0.26578534), (0.630348, 0.26359546), (0.630348, 0.26578534), (0.64742184, 0.26359546), (0.630348, 0.26359546), (0.630348, 0.26578534), (0.64742184, 0.26578534), (0.64742184, 0.26359546), (0.64742184, 0.26578534), (0.66449577, 0.26359546), (0.64742184, 0.26359546), (0.64742184, 0.26578534), (0.66449577, 0.26578534), (0.66449577, 0.26359546), (0.66449577, 0.26578534), (0.6815697, 0.26359546), (0.66449577, 0.26359546), (0.66449577, 0.26578534), (0.6815697, 0.26578534), (0.6815697, 0.26359546), (0.6815697, 0.26578534), (0.6986435, 0.26359546), (0.6815697, 0.26359546), (0.6815697, 0.26578534), (0.6986435, 0.26578534), (0.6986435, 0.26359546), (0.6815697, 0.26578534), (0.6986435, 0.26578534), (0.6986435, 0.26578534), (0.6815697, 0.26578534), (0.6815697, 0.26578534), (0.6986435, 0.26578534), (0.66449577, 0.26578534), (0.6815697, 0.26578534), (0.6815697, 0.26578534), (0.66449577, 0.26578534), (0.66449577, 0.26578534), (0.6815697, 0.26578534), (0.64742184, 0.26578534), (0.66449577, 0.26578534), (0.66449577, 0.26578534), (0.64742184, 0.26578534), (0.64742184, 0.26578534), (0.66449577, 0.26578534), (0.630348, 0.26578534), (0.64742184, 0.26578534), (0.64742184, 0.26578534), (0.630348, 0.26578534), (0.630348, 0.26578534), (0.64742184, 0.26578534), (0.6132742, 0.26578534), (0.630348, 0.26578534), (0.630348, 0.26578534), (0.6132742, 0.26578534), (0.6132742, 0.26578534), (0.630348, 0.26578534), (0.5962003, 0.26578534), (0.6132742, 0.26578534), (0.6132742, 0.26578534), (0.5962003, 0.26578534), (0.5962003, 0.26578534), (0.6132742, 0.26578534), (0.5791266, 0.26578534), (0.5962003, 0.26578534), (0.5962003, 0.26578534), (0.5791266, 0.26578534), (0.5791266, 0.26578534), (0.5962003, 0.26578534), (0.5620526, 0.26578534), (0.5791266, 0.26578534), (0.5791266, 0.26578534), (0.5620526, 0.26578534), (0.5620526, 0.26578534), (0.5791266, 0.26578534), (0.54497886, 0.26578534), (0.5620526, 0.26578534), (0.5620526, 0.26578534), (0.54497886, 0.26578534), (0.54497886, 0.26578534), (0.5620526, 0.26578534), (0.52790487, 0.26578534), (0.54497886, 0.26578534), (0.54497886, 0.26578534), (0.52790487, 0.26578534), (0.527905, 0.26578534), (0.54497886, 0.26578534), (0.510831, 0.26578534), (0.527905, 0.26578534), (0.52790487, 0.26578534), (0.510831, 0.26578534), (0.52790487, 0.26578534), (0.52790487, 0.26359546), (0.510831, 0.26578534), (0.52790487, 0.26359546), (0.510831, 0.26359546), (0.4937573, 0.26578534), (0.510831, 0.26578534), (0.510831, 0.26359546), (0.4937573, 0.26578534), (0.510831, 0.26359546), (0.4937573, 0.26359546), (0.47668338, 0.26578534), (0.4937573, 0.26578534), (0.4937573, 0.26359546), (0.47668338, 0.26578534), (0.4937573, 0.26359546), (0.47668338, 0.26359546), (0.4596095, 0.26578534), (0.47668338, 0.26578534), (0.47668338, 0.26359546), (0.4596095, 0.26578534), (0.47668338, 0.26359546), (0.4596095, 0.26359546), (0.44253564, 0.26578534), (0.4596095, 0.26578534), (0.4596095, 0.26359546), (0.44253564, 0.26578534), (0.4596095, 0.26359546), (0.44253564, 0.26359546), (0.4254617, 0.26578534), (0.44253564, 0.26578534), (0.44253564, 0.26359546), (0.4254617, 0.26578534), (0.44253564, 0.26359546), (0.4254617, 0.26359546), (0.4083879, 0.26578534), (0.4254617, 0.26578534), (0.4254617, 0.26359546), (0.4083879, 0.26578534), (0.4254617, 0.26359546), (0.4083879, 0.26359546), (0.39131403, 0.26578534), (0.4083879, 0.26578534), (0.4083879, 0.26359546), (0.39131403, 0.26578534), (0.4083879, 0.26359546), (0.39131403, 0.26359546), (0.37424016, 0.26578534), (0.39131403, 0.26578534), (0.39131403, 0.26359546), (0.37424016, 0.26578534), (0.39131403, 0.26359546), (0.37424016, 0.26359546), (0.35716635, 0.26578534), (0.37424016, 0.26578534), (0.37424016, 0.26359546), (0.35716635, 0.26578534), (0.37424016, 0.26359546), (0.35716635, 0.26359546), (0.34009242, 0.26578534), (0.35716635, 0.26578534), (0.35716635, 0.26359546), (0.34009242, 0.26578534), (0.35716635, 0.26359546), (0.34009242, 0.26359546), (0.3230186, 0.26578534), (0.34009242, 0.26578534), (0.34009242, 0.26359546), (0.3230186, 0.26578534), (0.34009242, 0.26359546), (0.3230186, 0.26359546), (0.30594474, 0.26578534), (0.3230186, 0.26578534), (0.3230186, 0.26359546), (0.30594474, 0.26578534), (0.3230186, 0.26359546), (0.30594474, 0.26359546), (0.28887087, 0.26578534), (0.30594474, 0.26578534), (0.30594474, 0.26359546), (0.28887087, 0.26578534), (0.30594474, 0.26359546), (0.28887087, 0.26359546), (0.27179706, 0.26578534), (0.28887087, 0.26578534), (0.28887087, 0.26359546), (0.27179706, 0.26578534), (0.28887087, 0.26359546), (0.27179706, 0.26359546), (0.25472313, 0.26578534), (0.27179706, 0.26578534), (0.27179706, 0.26359546), (0.25472313, 0.26578534), (0.27179706, 0.26359546), (0.25472313, 0.26359546), (0.23764929, 0.26578534), (0.25472313, 0.26578534), (0.25472313, 0.26359546), (0.23764929, 0.26578534), (0.25472313, 0.26359546), (0.23764929, 0.26359546), (0.2205754, 0.26578534), (0.23764929, 0.26578534), (0.23764929, 0.26359546), (0.2205754, 0.26578534), (0.23764929, 0.26359546), (0.2205754, 0.26359546), (0.20350155, 0.26578534), (0.2205754, 0.26578534), (0.2205754, 0.26359546), (0.20350155, 0.26578534), (0.2205754, 0.26359546), (0.20350155, 0.26359546), (0.18642767, 0.26578534), (0.20350155, 0.26578534), (0.20350155, 0.26359546), (0.18642767, 0.26578534), (0.20350155, 0.26359546), (0.18642767, 0.26359546), (0.16935386, 0.26578534), (0.18642767, 0.26578534), (0.18642767, 0.26359546), (0.16935386, 0.26578534), (0.18642767, 0.26359546), (0.16935386, 0.26359546), (0.15228003, 0.26578534), (0.16935386, 0.26578534), (0.16935386, 0.26359546), (0.15228003, 0.26578534), (0.16935386, 0.26359546), (0.15228003, 0.26359546), (0.13520601, 0.26578534), (0.15228003, 0.26578534), (0.15228003, 0.26359546), (0.13520601, 0.26578534), (0.15228003, 0.26359546), (0.13520601, 0.26359546), (0.11813228, 0.26578534), (0.13520601, 0.26578534), (0.13520601, 0.26359546), (0.11813228, 0.26578534), (0.13520601, 0.26359546), (0.11813228, 0.26359546), (0.10105838, 0.26578534), (0.11813228, 0.26578534), (0.11813228, 0.26359546), (0.10105838, 0.26578534), (0.11813228, 0.26359546), (0.10105838, 0.26359546), (0.08398448, 0.26578534), (0.10105838, 0.26578534), (0.10105838, 0.26359546), (0.08398448, 0.26578534), (0.10105838, 0.26359546), (0.08398448, 0.26359546), (0.06691061, 0.26578534), (0.08398448, 0.26578534), (0.08398448, 0.26359546), (0.06691061, 0.26578534), (0.08398448, 0.26359546), (0.06691061, 0.26359546), (0.04983674, 0.26578534), (0.06691061, 0.26578534), (0.06691061, 0.26359546), (0.04983674, 0.26578534), (0.06691061, 0.26359546), (0.04983674, 0.26359546), (0.032762893, 0.26578534), (0.04983674, 0.26578534), (0.04983674, 0.26359546), (0.032762893, 0.26578534), (0.04983674, 0.26359546), (0.032762893, 0.26359546), (0.015689027, 0.26578534), (0.032762893, 0.26578534), (0.032762893, 0.26359546), (0.015689027, 0.26578534), (0.032762893, 0.26359546), (0.015689027, 0.26359546), (0.11813228, 0.26578534), (0.13520601, 0.26578534), (0.13520601, 0.26578534), (0.11813228, 0.26578534), (0.11813228, 0.26578534), (0.13520601, 0.26578534), (0.10105838, 0.26578534), (0.11813228, 0.26578534), (0.11813228, 0.26578534), (0.10105838, 0.26578534), (0.10105838, 0.26578534), (0.11813228, 0.26578534), (0.08398448, 0.26578534), (0.10105838, 0.26578534), (0.10105838, 0.26578534), (0.08398448, 0.26578534), (0.08398448, 0.26578534), (0.10105838, 0.26578534), (0.06691061, 0.26578534), (0.08398448, 0.26578534), (0.08398448, 0.26578534), (0.06691061, 0.26578534), (0.06691061, 0.26578534), (0.08398448, 0.26578534), (0.04983674, 0.26578534), (0.06691061, 0.26578534), (0.06691061, 0.26578534), (0.04983674, 0.26578534), (0.04983674, 0.26578534), (0.06691061, 0.26578534), (0.032762893, 0.26578534), (0.04983674, 0.26578534), (0.04983674, 0.26578534), (0.032762893, 0.26578534), (0.032762893, 0.26578534), (0.04983674, 0.26578534), (0.015689027, 0.26578534), (0.032762893, 0.26578534), (0.032762893, 0.26578534), (0.015689027, 0.26578534), (0.015689027, 0.26578534), (0.032762893, 0.26578534), (0.13520601, 0.26578534), (0.13520601, 0.26578534), (0.15228003, 0.26578534), (0.13520601, 0.26578534), (0.15228003, 0.26578534), (0.15228003, 0.26578534), (0.15228003, 0.26578534), (0.15228003, 0.26578534), (0.16935386, 0.26578534), (0.15228003, 0.26578534), (0.16935386, 0.26578534), (0.16935386, 0.26578534), (0.16935386, 0.26578534), (0.16935386, 0.26578534), (0.18642767, 0.26578534), (0.16935386, 0.26578534), (0.18642767, 0.26578534), (0.18642767, 0.26578534), (0.18642767, 0.26578534), (0.18642767, 0.26578534), (0.20350155, 0.26578534), (0.18642767, 0.26578534), (0.20350155, 0.26578534), (0.20350155, 0.26578534), (0.20350155, 0.26578534), (0.20350155, 0.26578534), (0.2205754, 0.26578534), (0.20350155, 0.26578534), (0.2205754, 0.26578534), (0.2205754, 0.26578534), (0.2205754, 0.26578534), (0.2205754, 0.26578534), (0.23764926, 0.26578534), (0.2205754, 0.26578534), (0.23764926, 0.26578534), (0.23764929, 0.26578534), (0.23764929, 0.26578534), (0.23764926, 0.26578534), (0.25472313, 0.26578534), (0.23764929, 0.26578534), (0.25472313, 0.26578534), (0.25472313, 0.26578534), (0.25472313, 0.26578534), (0.25472313, 0.26578534), (0.27179706, 0.26578534), (0.25472313, 0.26578534), (0.27179706, 0.26578534), (0.27179706, 0.26578534), (0.27179706, 0.26578534), (0.27179706, 0.26578534), (0.28887087, 0.26578534), (0.27179706, 0.26578534), (0.28887087, 0.26578534), (0.28887087, 0.26578534), (0.28887087, 0.26578534), (0.28887087, 0.26578534), (0.30594474, 0.26578534), (0.28887087, 0.26578534), (0.30594474, 0.26578534), (0.30594474, 0.26578534), (0.30594474, 0.26578534), (0.30594474, 0.26578534), (0.3230186, 0.26578534), (0.30594474, 0.26578534), (0.3230186, 0.26578534), (0.3230186, 0.26578534), (0.3230186, 0.26578534), (0.3230186, 0.26578534), (0.34009242, 0.26578534), (0.3230186, 0.26578534), (0.34009242, 0.26578534), (0.34009242, 0.26578534), (0.34009242, 0.26578534), (0.34009242, 0.26578534), (0.35716635, 0.26578534), (0.34009242, 0.26578534), (0.35716635, 0.26578534), (0.35716635, 0.26578534), (0.35716635, 0.26578534), (0.35716635, 0.26578534), (0.37424016, 0.26578534), (0.35716635, 0.26578534), (0.37424016, 0.26578534), (0.37424016, 0.26578534), (0.37424016, 0.26578534), (0.37424016, 0.26578534), (0.39131403, 0.26578534), (0.37424016, 0.26578534), (0.39131403, 0.26578534), (0.39131403, 0.26578534), (0.39131403, 0.26578534), (0.39131403, 0.26578534), (0.4083879, 0.26578534), (0.39131403, 0.26578534), (0.4083879, 0.26578534), (0.4083879, 0.26578534), (0.4083879, 0.26578534), (0.4083879, 0.26578534), (0.4254617, 0.26578534), (0.4083879, 0.26578534), (0.4254617, 0.26578534), (0.4254617, 0.26578534), (0.4254617, 0.26578534), (0.4254617, 0.26578534), (0.44253564, 0.26578534), (0.4254617, 0.26578534), (0.44253564, 0.26578534), (0.44253564, 0.26578534), (0.44253564, 0.26578534), (0.44253564, 0.26578534), (0.4596095, 0.26578534), (0.44253564, 0.26578534), (0.4596095, 0.26578534), (0.4596095, 0.26578534), (0.4596095, 0.26578534), (0.4596095, 0.26578534), (0.47668338, 0.26578534), (0.4596095, 0.26578534), (0.47668338, 0.26578534), (0.47668338, 0.26578534), (0.47668338, 0.26578534), (0.47668338, 0.26578534), (0.4937573, 0.26578534), (0.47668338, 0.26578534), (0.4937573, 0.26578534), (0.4937573, 0.26578534), (0.4937573, 0.26578534), (0.4937573, 0.26578534), (0.510831, 0.26578534), (0.4937573, 0.26578534), (0.510831, 0.26578534), (0.510831, 0.26578534), (0.510831, 0.26578534), (0.510831, 0.26578534), (0.527905, 0.26578534), (0.69863266, 0.086512804), (0.68155885, 0.08399999), (0.69863266, 0.08399999), (0.69863266, 0.086512804), (0.68155885, 0.086512804), (0.68155885, 0.08399999), (0.68155885, 0.086512804), (0.6644849, 0.08399999), (0.68155885, 0.08399999), (0.68155885, 0.086512804), (0.6644849, 0.086512804), (0.6644849, 0.08399999), (0.68155885, 0.086512804), (0.6644849, 0.08830547), (0.6644849, 0.086512804), (0.68155885, 0.086512804), (0.68155885, 0.08830547), (0.6644849, 0.08830547), (0.69863266, 0.086512804), (0.68155885, 0.08830547), (0.68155885, 0.086512804), (0.6644849, 0.08830547), (0.68155885, 0.08830547), (0.68155885, 0.09000003), (0.69863266, 0.09000003), (0.68155885, 0.09000003), (0.68155885, 0.08830547), (0.69863266, 0.09000003), (0.68155885, 0.08830547), (0.69863266, 0.08830547), (0.69863266, 0.086512804), (0.69863266, 0.08830547), (0.68155885, 0.08830547), (0.6644849, 0.08830547), (0.68155885, 0.09000003), (0.6644849, 0.09000003), (0.6815697, 0.051435173), (0.68155885, 0.08399999), (0.6644849, 0.08399999), (0.6815697, 0.051435173), (0.6644849, 0.08399999), (0.66449577, 0.051435173), (0.65094006, 0.08399999), (0.66449577, 0.051435173), (0.6644849, 0.08399999), (0.6465519, 0.08087611), (0.66449577, 0.051435173), (0.65094006, 0.08399999), (0.66449577, 0.051435173), (0.6465519, 0.08087611), (0.64742184, 0.051435173), (0.6465519, 0.08087611), (0.630348, 0.051435173), (0.64742184, 0.051435173), (0.6465519, 0.08087611), (0.6422695, 0.086000025), (0.630348, 0.051435173), (0.630348, 0.051435173), (0.6422695, 0.086000025), (0.630348, 0.086000025), (0.630348, 0.051435173), (0.630348, 0.086000025), (0.6132742, 0.086000025), (0.630348, 0.051435173), (0.6132742, 0.086000025), (0.6132742, 0.051435173), (0.6132742, 0.047707617), (0.630348, 0.051435173), (0.6132742, 0.051435173), (0.5962003, 0.047707617), (0.6132742, 0.047707617), (0.6132742, 0.051435173), (0.5962003, 0.047707617), (0.6132742, 0.051435173), (0.5962003, 0.051435173), (0.5791266, 0.047707617), (0.5962003, 0.047707617), (0.5962003, 0.051435173), (0.5791266, 0.047707617), (0.5962003, 0.051435173), (0.5791266, 0.051435173), (0.5620526, 0.047707617), (0.5791266, 0.047707617), (0.5791266, 0.051435173), (0.5620526, 0.047707617), (0.5791266, 0.051435173), (0.5620526, 0.051435173), (0.54497886, 0.047707617), (0.5620526, 0.047707617), (0.5620526, 0.051435173), (0.54497886, 0.047707617), (0.5620526, 0.051435173), (0.54497886, 0.051435173), (0.54497886, 0.0445475), (0.5620526, 0.047707617), (0.54497886, 0.047707617), (0.54497886, 0.0445475), (0.5620526, 0.0445475), (0.5620526, 0.047707617), (0.5620526, 0.0445475), (0.5791266, 0.047707617), (0.5620526, 0.047707617), (0.54497886, 0.042436004), (0.5620526, 0.0445475), (0.54497886, 0.0445475), (0.54497886, 0.042436004), (0.5620526, 0.042436004), (0.5620526, 0.0445475), (0.5620526, 0.042436004), (0.5791266, 0.0445475), (0.5620526, 0.0445475), (0.5620526, 0.0445475), (0.5791266, 0.0445475), (0.5791266, 0.047707617), (0.5791266, 0.0445475), (0.5962003, 0.047707617), (0.5791266, 0.047707617), (0.5620526, 0.042436004), (0.5791266, 0.042436004), (0.5791266, 0.0445475), (0.5791266, 0.042436004), (0.5962003, 0.0445475), (0.5791266, 0.0445475), (0.5791266, 0.0445475), (0.5962003, 0.0445475), (0.5962003, 0.047707617), (0.5962003, 0.0445475), (0.6132742, 0.047707617), (0.5962003, 0.047707617), (0.5791266, 0.042436004), (0.5962003, 0.042436004), (0.5962003, 0.0445475), (0.5962003, 0.042436004), (0.6132742, 0.0445475), (0.5962003, 0.0445475), (0.5962003, 0.042436004), (0.6132742, 0.042436004), (0.6132742, 0.0445475), (0.5962003, 0.0445475), (0.6132742, 0.0445475), (0.6132742, 0.047707617), (0.6132742, 0.042436004), (0.630348, 0.0445475), (0.6132742, 0.0445475), (0.6132742, 0.042436004), (0.630348, 0.042436004), (0.630348, 0.0445475), (0.6132742, 0.0445475), (0.630348, 0.047707617), (0.6132742, 0.047707617), (0.6132742, 0.0445475), (0.630348, 0.0445475), (0.630348, 0.047707617), (0.6132742, 0.047707617), (0.630348, 0.047707617), (0.630348, 0.051435173), (0.630348, 0.042436004), (0.64742184, 0.0445475), (0.630348, 0.0445475), (0.630348, 0.042436004), (0.64742184, 0.042436004), (0.64742184, 0.0445475), (0.630348, 0.047707617), (0.64742184, 0.051435173), (0.630348, 0.051435173), (0.630348, 0.047707617), (0.64742184, 0.047707617), (0.64742184, 0.051435173), (0.630348, 0.0445475), (0.64742184, 0.047707617), (0.630348, 0.047707617), (0.630348, 0.0445475), (0.64742184, 0.0445475), (0.64742184, 0.047707617), (0.64742184, 0.042436004), (0.66449577, 0.0445475), (0.64742184, 0.0445475), (0.64742184, 0.042436004), (0.66449577, 0.042436004), (0.66449577, 0.0445475), (0.64742184, 0.047707617), (0.66449577, 0.051435173), (0.64742184, 0.051435173), (0.64742184, 0.047707617), (0.66449577, 0.047707617), (0.66449577, 0.051435173), (0.64742184, 0.0445475), (0.66449577, 0.047707617), (0.64742184, 0.047707617), (0.64742184, 0.0445475), (0.66449577, 0.0445475), (0.66449577, 0.047707617), (0.66449577, 0.042436004), (0.6815697, 0.0445475), (0.66449577, 0.0445475), (0.66449577, 0.042436004), (0.6815697, 0.042436004), (0.6815697, 0.0445475), (0.66449577, 0.047707617), (0.6815697, 0.051435173), (0.66449577, 0.051435173), (0.66449577, 0.047707617), (0.6815697, 0.047707617), (0.6815697, 0.051435173), (0.66449577, 0.0445475), (0.6815697, 0.047707617), (0.66449577, 0.047707617), (0.66449577, 0.0445475), (0.6815697, 0.0445475), (0.6815697, 0.047707617), (0.6815697, 0.042436004), (0.6986435, 0.0445475), (0.6815697, 0.0445475), (0.6815697, 0.042436004), (0.6986435, 0.042436004), (0.6986435, 0.0445475), (0.6815697, 0.047707617), (0.6986435, 0.051435173), (0.6815697, 0.051435173), (0.6986435, 0.051435173), (0.68155885, 0.08399999), (0.6815697, 0.051435173), (0.6986435, 0.051435173), (0.69863266, 0.08399999), (0.68155885, 0.08399999), (0.6815697, 0.047707617), (0.6986435, 0.047707617), (0.6986435, 0.051435173), (0.6815697, 0.0445475), (0.6986435, 0.047707617), (0.6815697, 0.047707617), (0.6815697, 0.0445475), (0.6986435, 0.0445475), (0.6986435, 0.047707617), (0.39130318, 0.22299999), (0.37422925, 0.22096717), (0.39130318, 0.22096717), (0.39130318, 0.22299999), (0.37422925, 0.22299999), (0.37422925, 0.22096717), (0.37422925, 0.22299999), (0.3571555, 0.22096717), (0.37422925, 0.22096717), (0.37422925, 0.22299999), (0.3571555, 0.22299999), (0.3571555, 0.22096717), (0.3571555, 0.22299999), (0.3400816, 0.22096717), (0.3571555, 0.22096717), (0.3571555, 0.22299999), (0.3400816, 0.22299999), (0.3400816, 0.22096717), (0.3400816, 0.22299999), (0.32300767, 0.22096717), (0.3400816, 0.22096717), (0.3400816, 0.22299999), (0.32300767, 0.22299999), (0.32300767, 0.22096717), (0.39130318, 0.22299999), (0.37424016, 0.26359546), (0.37422925, 0.22299999), (0.39130318, 0.22299999), (0.39131403, 0.26359546), (0.37424016, 0.26359546), (0.37422925, 0.22299999), (0.35716635, 0.26359546), (0.3571555, 0.22299999), (0.37422925, 0.22299999), (0.37424016, 0.26359546), (0.35716635, 0.26359546), (0.3571555, 0.22299999), (0.34009242, 0.26359546), (0.3400816, 0.22299999), (0.3571555, 0.22299999), (0.35716635, 0.26359546), (0.34009242, 0.26359546), (0.3400816, 0.22299999), (0.3230186, 0.26359546), (0.32300767, 0.22299999), (0.3400816, 0.22299999), (0.34009242, 0.26359546), (0.3230186, 0.26359546), (0.40486425, 0.22299999), (0.39131403, 0.26359546), (0.39130318, 0.22299999), (0.40928245, 0.22659576), (0.39131403, 0.26359546), (0.40486425, 0.22299999), (0.4083879, 0.26359546), (0.39131403, 0.26359546), (0.40928245, 0.22659576), (0.3400816, 0.22096717), (0.3571555, 0.21805394), (0.3571555, 0.22096717), (0.3571555, 0.22096717), (0.3571555, 0.21805394), (0.37422925, 0.218054), (0.3571555, 0.21700001), (0.37422925, 0.218054), (0.3571555, 0.21805394), (0.3400816, 0.21700001), (0.3571555, 0.21700001), (0.3571555, 0.21805394), (0.3400816, 0.21700001), (0.3571555, 0.21805394), (0.3400816, 0.218054), (0.32300767, 0.21700001), (0.3400816, 0.21700001), (0.3400816, 0.218054), (0.32300767, 0.21700001), (0.3400816, 0.218054), (0.32300767, 0.218054), (0.3571555, 0.21700001), (0.37422925, 0.21700001), (0.37422925, 0.218054), (0.37422925, 0.21700001), (0.39130318, 0.218054), (0.37422925, 0.218054), (0.37422925, 0.21700001), (0.39130318, 0.21700001), (0.39130318, 0.218054), (0.37422925, 0.22096717), (0.37422925, 0.218054), (0.39130318, 0.218054), (0.37422925, 0.22096717), (0.39130318, 0.218054), (0.39130318, 0.22096717), (0.3571555, 0.22096717), (0.37422925, 0.218054), (0.37422925, 0.22096717), (0.3400816, 0.22096717), (0.3400816, 0.218054), (0.3571555, 0.21805394), (0.32300767, 0.22096717), (0.3400816, 0.218054), (0.3400816, 0.22096717), (0.32300767, 0.22096717), (0.32300767, 0.218054), (0.3400816, 0.218054), (0.32300767, 0.21700001), (0.32300767, 0.218054), (0.3144983, 0.218054), (0.32300767, 0.21700001), (0.3144983, 0.218054), (0.31575575, 0.21700001), (0.3133669, 0.21672076), (0.31575575, 0.21700001), (0.3144983, 0.218054), (0.3133669, 0.21672076), (0.31496772, 0.21605104), (0.31575575, 0.21700001), (0.31413308, 0.21430475), (0.31496772, 0.21605104), (0.3133669, 0.21672076), (0.31413308, 0.21430475), (0.3133669, 0.21672076), (0.31214175, 0.21484637), (0.3132543, 0.21246606), (0.31413308, 0.21430475), (0.31214175, 0.21484637), (0.3132543, 0.21246606), (0.31214175, 0.21484637), (0.31093416, 0.21296942), (0.31093416, 0.21296942), (0.3130737, 0.09444368), (0.3132543, 0.21246606), (0.31093416, 0.21296942), (0.310782, 0.093387246), (0.3130737, 0.09444368), (0.30619735, 0.09177059), (0.310782, 0.093387246), (0.31093416, 0.21296942), (0.3079626, 0.089535594), (0.310782, 0.093387246), (0.30619735, 0.09177059), (0.3079626, 0.089535594), (0.31207484, 0.09182304), (0.310782, 0.093387246), (0.31207484, 0.09182304), (0.3130737, 0.09444368), (0.310782, 0.093387246), (0.3096833, 0.08763957), (0.31207484, 0.09182304), (0.3079626, 0.089535594), (0.3096833, 0.08763957), (0.31330916, 0.089965165), (0.31207484, 0.09182304), (0.31248757, 0.086512804), (0.31330916, 0.089965165), (0.3096833, 0.08763957), (0.31248757, 0.086512804), (0.3143799, 0.08830547), (0.31330916, 0.089965165), (0.30619735, 0.09177059), (0.31093416, 0.21296942), (0.3062454, 0.21570951), (0.30619735, 0.09177059), (0.3062454, 0.21570951), (0.3049421, 0.21700865), (0.30619735, 0.09177059), (0.3049421, 0.21700865), (0.30494088, 0.09047127), (0.30494088, 0.09047127), (0.3079626, 0.089535594), (0.30619735, 0.09177059), (0.32300767, 0.08830547), (0.3143799, 0.08830547), (0.31248757, 0.086512804), (0.3143799, 0.08830547), (0.32300767, 0.08830547), (0.32300767, 0.09000003), (0.3143799, 0.08830547), (0.32300767, 0.09000003), (0.31563595, 0.09000003), (0.31563595, 0.09000003), (0.31330916, 0.089965165), (0.3143799, 0.08830547), (0.32300767, 0.08830547), (0.31248757, 0.086512804), (0.32300767, 0.086512804), (0.31248757, 0.086512804), (0.32300767, 0.08399999), (0.32300767, 0.086512804), (0.31248757, 0.086512804), (0.3094629, 0.08399999), (0.32300767, 0.08399999), (0.3096833, 0.08763957), (0.3094629, 0.08399999), (0.31248757, 0.086512804), (0.30494088, 0.09047127), (0.30553502, 0.08788788), (0.3079626, 0.089535594), (0.3096833, 0.08763957), (0.30716044, 0.08587003), (0.3094629, 0.08399999), (0.3079626, 0.089535594), (0.30716044, 0.08587003), (0.3096833, 0.08763957), (0.3079626, 0.089535594), (0.30553502, 0.08788788), (0.30716044, 0.08587003), (0.31563595, 0.09000003), (0.31482014, 0.090848446), (0.31330916, 0.089965165), (0.31330916, 0.089965165), (0.31482014, 0.090848446), (0.3139655, 0.092607796), (0.31330916, 0.089965165), (0.3139655, 0.092607796), (0.31207484, 0.09182304), (0.31207484, 0.09182304), (0.3139655, 0.092607796), (0.3130737, 0.09444368), (0.30487537, 0.08386654), (0.3094629, 0.08399999), (0.30716044, 0.08587003), (0.30487537, 0.08386654), (0.30507475, 0.08087611), (0.3094629, 0.08399999), (0.30374226, 0.085446775), (0.30507475, 0.08087611), (0.30487537, 0.08386654), (0.30374226, 0.085446775), (0.30716044, 0.08587003), (0.30553502, 0.08788788), (0.30374226, 0.085446775), (0.30487537, 0.08386654), (0.30716044, 0.08587003), (0.30374226, 0.085446775), (0.30079222, 0.086000025), (0.30507475, 0.08087611), (0.30374226, 0.085446775), (0.30494088, 0.09047127), (0.30079222, 0.086000025), (0.30374226, 0.085446775), (0.30553502, 0.08788788), (0.30494088, 0.09047127), (0.2205645, 0.22299999), (0.2034907, 0.22096717), (0.2205645, 0.22096717), (0.2205645, 0.22299999), (0.2034907, 0.22299999), (0.2034907, 0.22096717), (0.2034907, 0.22299999), (0.18641688, 0.22096717), (0.2034907, 0.22096717), (0.2034907, 0.22299999), (0.18641688, 0.22299999), (0.18641688, 0.22096717), (0.18641688, 0.22299999), (0.16934295, 0.22096717), (0.18641688, 0.22096717), (0.18641688, 0.22299999), (0.16934295, 0.22299999), (0.16934295, 0.22096717), (0.16934295, 0.22299999), (0.15226907, 0.22096717), (0.16934295, 0.22096717), (0.16934295, 0.22299999), (0.15228002, 0.22299999), (0.15226907, 0.22096717), (0.2205645, 0.22299999), (0.20350155, 0.26359546), (0.2034907, 0.22299999), (0.2205645, 0.22299999), (0.2205754, 0.26359546), (0.20350155, 0.26359546), (0.23412564, 0.22299999), (0.2205754, 0.26359546), (0.2205645, 0.22299999), (0.23854384, 0.22659576), (0.2205754, 0.26359546), (0.23412564, 0.22299999), (0.23764926, 0.26359546), (0.2205754, 0.26359546), (0.23854384, 0.22659576), (0.2034907, 0.22299999), (0.18642767, 0.26359546), (0.18641688, 0.22299999), (0.2034907, 0.22299999), (0.20350155, 0.26359546), (0.18642767, 0.26359546), (0.18641688, 0.22299999), (0.16935386, 0.26359546), (0.16934295, 0.22299999), (0.18641688, 0.22299999), (0.18642767, 0.26359546), (0.16935386, 0.26359546), (0.16934295, 0.22299999), (0.15228003, 0.26359546), (0.15228002, 0.22299999), (0.16934295, 0.22299999), (0.16935386, 0.26359546), (0.15228003, 0.26359546), (0.16934295, 0.22096717), (0.18641688, 0.218054), (0.18641688, 0.22096717), (0.18641688, 0.22096717), (0.18641688, 0.218054), (0.2034907, 0.218054), (0.18641688, 0.21700001), (0.2034907, 0.218054), (0.18641688, 0.218054), (0.16934295, 0.21700001), (0.18641688, 0.21700001), (0.18641688, 0.218054), (0.16934295, 0.21700001), (0.18641688, 0.218054), (0.16934295, 0.218054), (0.15226907, 0.21700001), (0.16934295, 0.21700001), (0.16934295, 0.218054), (0.15226907, 0.21700001), (0.16934295, 0.218054), (0.15226907, 0.218054), (0.18641688, 0.21700001), (0.2034907, 0.21700001), (0.2034907, 0.218054), (0.2034907, 0.21700001), (0.2205645, 0.218054), (0.2034907, 0.218054), (0.2034907, 0.21700001), (0.2205645, 0.21700001), (0.2205645, 0.218054), (0.2034907, 0.22096717), (0.2034907, 0.218054), (0.2205645, 0.218054), (0.2034907, 0.22096717), (0.2205645, 0.218054), (0.2205645, 0.22096717), (0.18641688, 0.22096717), (0.2034907, 0.218054), (0.2034907, 0.22096717), (0.16934295, 0.22096717), (0.16934295, 0.218054), (0.18641688, 0.218054), (0.15226907, 0.22096717), (0.16934295, 0.218054), (0.16934295, 0.22096717), (0.15226907, 0.22096717), (0.15226907, 0.218054), (0.16934295, 0.218054), (0.15226907, 0.21700001), (0.15226907, 0.218054), (0.14367618, 0.21805239), (0.15226907, 0.21700001), (0.14367618, 0.21805239), (0.14517774, 0.21700001), (0.14254704, 0.21667367), (0.14517774, 0.21700001), (0.14367618, 0.21805239), (0.14254704, 0.21667367), (0.1443755, 0.2159375), (0.14517774, 0.21700001), (0.14353628, 0.21418601), (0.1443755, 0.2159375), (0.14254704, 0.21667367), (0.14353628, 0.21418601), (0.14254704, 0.21667367), (0.14130823, 0.21482164), (0.14266165, 0.21236056), (0.14353628, 0.21418601), (0.14130823, 0.21482164), (0.14266165, 0.21236056), (0.14130823, 0.21482164), (0.14007914, 0.21296334), (0.14007914, 0.21296334), (0.14236468, 0.0947603), (0.14266165, 0.21236056), (0.14007914, 0.21296334), (0.14005743, 0.0934782), (0.14236468, 0.0947603), (0.14005743, 0.0934782), (0.14007914, 0.21296334), (0.13547201, 0.21570957), (0.14005743, 0.0934782), (0.13547201, 0.21570957), (0.13546322, 0.09177059), (0.13713649, 0.08946663), (0.14005743, 0.0934782), (0.13546322, 0.09177059), (0.13713649, 0.08946663), (0.14125767, 0.09194183), (0.14005743, 0.0934782), (0.14125767, 0.09194183), (0.14236468, 0.0947603), (0.14005743, 0.0934782), (0.13885726, 0.08757126), (0.14125767, 0.09194183), (0.13713649, 0.08946663), (0.13885726, 0.08757126), (0.14248985, 0.09008497), (0.14125767, 0.09194183), (0.1416722, 0.086512804), (0.14248985, 0.09008497), (0.13885726, 0.08757126), (0.1416722, 0.086512804), (0.14363064, 0.08830547), (0.14248985, 0.09008497), (0.13546322, 0.09177059), (0.13547201, 0.21570957), (0.13420334, 0.21700865), (0.13546322, 0.09177059), (0.13420334, 0.21700865), (0.13420217, 0.09047127), (0.13420217, 0.09047127), (0.13713649, 0.08946663), (0.13546322, 0.09177059), (0.15226907, 0.08830547), (0.14363064, 0.08830547), (0.1416722, 0.086512804), (0.14363064, 0.08830547), (0.15226907, 0.08830547), (0.15226907, 0.09000003), (0.14363064, 0.08830547), (0.15226907, 0.09000003), (0.14497903, 0.09000003), (0.14497903, 0.09000003), (0.14248985, 0.09008497), (0.14363064, 0.08830547), (0.15226907, 0.08830547), (0.1416722, 0.086512804), (0.15226907, 0.086512804), (0.1416722, 0.086512804), (0.15226907, 0.08399999), (0.15226907, 0.086512804), (0.1416722, 0.086512804), (0.13872421, 0.08399999), (0.15226907, 0.08399999), (0.13885726, 0.08757126), (0.13872421, 0.08399999), (0.1416722, 0.086512804), (0.13420217, 0.09047127), (0.13478747, 0.0878945), (0.13713649, 0.08946663), (0.13885726, 0.08757126), (0.1364248, 0.08587122), (0.13872421, 0.08399999), (0.13713649, 0.08946663), (0.1364248, 0.08587122), (0.13885726, 0.08757126), (0.13713649, 0.08946663), (0.13478747, 0.0878945), (0.1364248, 0.08587122), (0.14497903, 0.09000003), (0.1441509, 0.09107697), (0.14248985, 0.09008497), (0.14248985, 0.09008497), (0.14327875, 0.09287542), (0.14125767, 0.09194183), (0.14248985, 0.09008497), (0.1441509, 0.09107697), (0.14327875, 0.09287542), (0.13413042, 0.08386642), (0.13872421, 0.08399999), (0.1364248, 0.08587122), (0.13413042, 0.08386642), (0.1364248, 0.08587122), (0.13478747, 0.0878945), (0.13413042, 0.08386642), (0.13433605, 0.08087611), (0.13872421, 0.08399999), (0.13413042, 0.08386642), (0.13005354, 0.086000025), (0.13433605, 0.08087611), (0.13413042, 0.08386642), (0.13184717, 0.085546255), (0.13005354, 0.086000025), (0.13184717, 0.085546255), (0.13420217, 0.09047127), (0.13005354, 0.086000025), (0.13184717, 0.085546255), (0.13478747, 0.0878945), (0.13420217, 0.09047127), (0.13413042, 0.08386642), (0.13478747, 0.0878945), (0.13184717, 0.085546255), (0.14125767, 0.09194183), (0.14327875, 0.09287542), (0.14236468, 0.0947603), (0.04982592, 0.22299999), (0.032752104, 0.22096717), (0.04982592, 0.22096717), (0.04982592, 0.22299999), (0.032752104, 0.22299999), (0.032752104, 0.22096717), (0.032752104, 0.22299999), (0.015678208, 0.22096717), (0.032752104, 0.22096717), (0.032752104, 0.22299999), (0.015678208, 0.22299999), (0.015678208, 0.22096717), (0.04982592, 0.22299999), (0.032762893, 0.26359546), (0.032752104, 0.22299999), (0.04982592, 0.22299999), (0.04983674, 0.26359546), (0.032762893, 0.26359546), (0.06338702, 0.22299999), (0.04983674, 0.26359546), (0.04982592, 0.22299999), (0.06780519, 0.22659576), (0.04983674, 0.26359546), (0.06338702, 0.22299999), (0.06691062, 0.26359546), (0.04983674, 0.26359546), (0.06780519, 0.22659576), (0.032752104, 0.22299999), (0.015689027, 0.26359546), (0.015678208, 0.22299999), (0.032752104, 0.22299999), (0.032762893, 0.26359546), (0.015689027, 0.26359546), (0.032752104, 0.22096717), (0.04982592, 0.218054), (0.04982592, 0.22096717), (0.032752104, 0.22096717), (0.032752104, 0.21805406), (0.04982592, 0.218054), (0.015678216, 0.21805406), (0.032752104, 0.22096717), (0.015678208, 0.22096717), (0.015678216, 0.21805406), (0.032752104, 0.21805406), (0.032752104, 0.22096717), (0.015678216, 0.21805406), (0.032752104, 0.21700001), (0.032752104, 0.21805406), (0.015678216, 0.21805406), (0.015678208, 0.21700001), (0.032752104, 0.21700001), (0.032752104, 0.21805406), (0.04982592, 0.21700001), (0.04982592, 0.218054), (0.032752104, 0.21805406), (0.032752104, 0.21700001), (0.04982592, 0.21700001), (0.08398448, 0.26359546), (0.06691062, 0.26359546), (0.06780519, 0.22659576), (0.08398448, 0.26359546), (0.06780519, 0.22659576), (0.0720775, 0.222), (0.08398448, 0.26359546), (0.0720775, 0.222), (0.08398448, 0.222), (0.0720775, 0.222), (0.06791328, 0.09047073), (0.08398448, 0.222), (0.08398448, 0.222), (0.06791328, 0.09047073), (0.072061144, 0.086000025), (0.06791471, 0.21701282), (0.06791328, 0.09047073), (0.0720775, 0.222), (0.06791328, 0.09047073), (0.06791471, 0.21701282), (0.06689979, 0.21570581), (0.06791471, 0.21701282), (0.065456, 0.21767628), (0.06689979, 0.21570581), (0.06791471, 0.21701282), (0.067583375, 0.21980476), (0.065456, 0.21767628), (0.065456, 0.21767628), (0.067583375, 0.21980476), (0.06570557, 0.22158492), (0.065456, 0.21767628), (0.06570557, 0.22158492), (0.063707165, 0.21956682), (0.063707165, 0.21956682), (0.06570557, 0.22158492), (0.06338702, 0.22299999), (0.063707165, 0.21956682), (0.06338702, 0.22299999), (0.061182287, 0.22096717), (0.06791328, 0.09047073), (0.06689979, 0.21570581), (0.06689998, 0.09177101), (0.062118668, 0.2128253), (0.06689998, 0.09177101), (0.06689979, 0.21570581), (0.065456, 0.21767628), (0.062118668, 0.2128253), (0.06689979, 0.21570581), (0.062118668, 0.2128253), (0.06211911, 0.093378544), (0.06689998, 0.09177101), (0.06211911, 0.093378544), (0.06474377, 0.089562714), (0.06689998, 0.09177101), (0.06474377, 0.089562714), (0.06791328, 0.09047073), (0.06689998, 0.09177101), (0.06211911, 0.093378544), (0.06092082, 0.09174025), (0.06474377, 0.089562714), (0.06092082, 0.09174025), (0.06309026, 0.087604225), (0.06474377, 0.089562714), (0.06092082, 0.09174025), (0.059660144, 0.089897275), (0.06309026, 0.087604225), (0.059660144, 0.089897275), (0.060372606, 0.086512804), (0.06309026, 0.087604225), (0.059660144, 0.089897275), (0.058502775, 0.08830547), (0.060372606, 0.086512804), (0.04982592, 0.22299999), (0.061182287, 0.22096717), (0.06338702, 0.22299999), (0.04982592, 0.22299999), (0.04982592, 0.22096717), (0.061182287, 0.22096717), (0.05972872, 0.21235323), (0.06211911, 0.093378544), (0.062118668, 0.2128253), (0.06093237, 0.21474713), (0.05972872, 0.21235323), (0.062118668, 0.2128253), (0.06093237, 0.21474713), (0.058821533, 0.21422505), (0.05972872, 0.21235323), (0.059690718, 0.21660185), (0.058821533, 0.21422505), (0.06093237, 0.21474713), (0.059690718, 0.21660185), (0.057962604, 0.21599728), (0.058821533, 0.21422505), (0.05715478, 0.21700001), (0.057962604, 0.21599728), (0.059690718, 0.21660185), (0.05715478, 0.21700001), (0.059690718, 0.21660185), (0.058525763, 0.21805406), (0.05972872, 0.21235323), (0.05972871, 0.09430492), (0.06211911, 0.093378544), (0.060372606, 0.086512804), (0.058502775, 0.08830547), (0.049825925, 0.08830547), (0.058502775, 0.08830547), (0.04982592, 0.09000003), (0.049825925, 0.08830547), (0.058502775, 0.08830547), (0.057133514, 0.09000003), (0.04982592, 0.09000003), (0.059660144, 0.089897275), (0.057133514, 0.09000003), (0.058502775, 0.08830547), (0.060372606, 0.086512804), (0.049825925, 0.08830547), (0.04982595, 0.086512804), (0.060372606, 0.086512804), (0.04982595, 0.086512804), (0.04982592, 0.08399999), (0.060372606, 0.086512804), (0.04982592, 0.08399999), (0.063387446, 0.08399999), (0.04982592, 0.21700001), (0.05715478, 0.21700001), (0.058525763, 0.21805406), (0.04982592, 0.21700001), (0.058525763, 0.21805406), (0.04982592, 0.218054), (0.04982592, 0.218054), (0.058525763, 0.21805406), (0.061182287, 0.22096717), (0.061182287, 0.22096717), (0.058525763, 0.21805406), (0.059690718, 0.21660185), (0.04982592, 0.218054), (0.061182287, 0.22096717), (0.04982592, 0.22096717), (0.063387446, 0.08399999), (0.06309026, 0.087604225), (0.060372606, 0.086512804), (0.063387446, 0.08399999), (0.06566256, 0.08591062), (0.06309026, 0.087604225), (0.06566256, 0.08591062), (0.06474377, 0.089562714), (0.06309026, 0.087604225), (0.06566256, 0.08591062), (0.06740211, 0.08784473), (0.06474377, 0.089562714), (0.06474377, 0.089562714), (0.06740211, 0.08784473), (0.06791328, 0.09047073), (0.07028179, 0.085535884), (0.06791328, 0.09047073), (0.06740211, 0.08784473), (0.07028179, 0.085535884), (0.072061144, 0.086000025), (0.06791328, 0.09047073), (0.06798, 0.08387309), (0.072061144, 0.086000025), (0.07028179, 0.085535884), (0.06798, 0.08387309), (0.06566256, 0.08591062), (0.063387446, 0.08399999), (0.06798, 0.08387309), (0.06740211, 0.08784473), (0.06566256, 0.08591062), (0.06798, 0.08387309), (0.07028179, 0.085535884), (0.06740211, 0.08784473), (0.06798, 0.08387309), (0.06777926, 0.08087742), (0.072061144, 0.086000025), (0.06798, 0.08387309), (0.063387446, 0.08399999), (0.06777926, 0.08087742), (0.061182287, 0.22096717), (0.059690718, 0.21660185), (0.063707165, 0.21956682), (0.063707165, 0.21956682), (0.059690718, 0.21660185), (0.06093237, 0.21474713), (0.063707165, 0.21956682), (0.06093237, 0.21474713), (0.065456, 0.21767628), (0.065456, 0.21767628), (0.06093237, 0.21474713), (0.062118668, 0.2128253), (0.44253564, 0.222), (0.4254617, 0.26359546), (0.4254617, 0.222), (0.4254617, 0.26359546), (0.41355473, 0.222), (0.4254617, 0.222), (0.4254617, 0.26359546), (0.40928245, 0.22659576), (0.41355473, 0.222), (0.4254617, 0.26359546), (0.4083879, 0.26359546), (0.40928245, 0.22659576), (0.41355473, 0.222), (0.4093905, 0.09047073), (0.4254617, 0.222), (0.4254617, 0.222), (0.4093905, 0.09047073), (0.41353837, 0.086000025), (0.4254617, 0.222), (0.41353837, 0.086000025), (0.4254617, 0.086000025), (0.4093919, 0.21701282), (0.4093905, 0.09047073), (0.41355473, 0.222), (0.4093905, 0.09047073), (0.4093919, 0.21701282), (0.40811667, 0.21570581), (0.4093919, 0.21701282), (0.40676245, 0.21768385), (0.40811667, 0.21570581), (0.4093919, 0.21701282), (0.40904385, 0.21972561), (0.40676245, 0.21768385), (0.40676245, 0.21768385), (0.40904385, 0.21972561), (0.4071593, 0.22158659), (0.40676245, 0.21768385), (0.4071593, 0.22158659), (0.40503928, 0.21957535), (0.40503928, 0.21957535), (0.4071593, 0.22158659), (0.40486425, 0.22299999), (0.40503928, 0.21957535), (0.40486425, 0.22299999), (0.40312195, 0.22096717), (0.4093905, 0.09047073), (0.40811667, 0.21570581), (0.40809348, 0.09177101), (0.40811667, 0.21570581), (0.40341797, 0.09337878), (0.40809348, 0.09177101), (0.40811667, 0.21570581), (0.40348965, 0.21297455), (0.40341797, 0.09337878), (0.40676245, 0.21768385), (0.40348965, 0.21297455), (0.40811667, 0.21570581), (0.39130318, 0.22299999), (0.40312195, 0.22096717), (0.40486425, 0.22299999), (0.39130318, 0.22299999), (0.39130318, 0.22096717), (0.40312195, 0.22096717), (0.40116978, 0.21251774), (0.40341797, 0.09337878), (0.40348965, 0.21297455), (0.40116978, 0.21251774), (0.40079212, 0.09430796), (0.40341797, 0.09337878), (0.40079212, 0.09430796), (0.4021254, 0.091757774), (0.40341797, 0.09337878), (0.40079212, 0.09430796), (0.39994687, 0.092558205), (0.4021254, 0.091757774), (0.39994687, 0.092558205), (0.40088147, 0.08990085), (0.4021254, 0.091757774), (0.39994687, 0.092558205), (0.39911905, 0.09084463), (0.40088147, 0.08990085), (0.40088147, 0.08990085), (0.39911905, 0.09084463), (0.3983091, 0.09000003), (0.40088147, 0.08990085), (0.3983091, 0.09000003), (0.3998517, 0.08830547), (0.3998517, 0.08830547), (0.3983091, 0.09000003), (0.39130318, 0.09000003), (0.3998517, 0.08830547), (0.39130318, 0.09000003), (0.39130318, 0.08830547), (0.39130318, 0.218054), (0.40312195, 0.22096717), (0.39130318, 0.22096717), (0.40164414, 0.086512804), (0.3998517, 0.08830547), (0.39130318, 0.08830547), (0.40088147, 0.08990085), (0.3998517, 0.08830547), (0.40164414, 0.086512804), (0.40164414, 0.086512804), (0.39130318, 0.08830547), (0.39130318, 0.086512804), (0.40164414, 0.086512804), (0.39130318, 0.086512804), (0.39130318, 0.08399999), (0.40164414, 0.086512804), (0.39130318, 0.08399999), (0.4048647, 0.08399999), (0.4048647, 0.08399999), (0.40463808, 0.087524), (0.40164414, 0.086512804), (0.40088147, 0.08990085), (0.40164414, 0.086512804), (0.40463808, 0.087524), (0.4021254, 0.091757774), (0.40088147, 0.08990085), (0.40463808, 0.087524), (0.4048647, 0.08399999), (0.4071151, 0.08591092), (0.40463808, 0.087524), (0.4071151, 0.08591092), (0.40627524, 0.08948332), (0.40463808, 0.087524), (0.4021254, 0.091757774), (0.40463808, 0.087524), (0.40627524, 0.08948332), (0.4071151, 0.08591092), (0.40884998, 0.08784509), (0.40627524, 0.08948332), (0.40627524, 0.08948332), (0.40884998, 0.08784509), (0.4093905, 0.09047073), (0.40627524, 0.08948332), (0.4093905, 0.09047073), (0.40809348, 0.09177101), (0.40341797, 0.09337878), (0.40627524, 0.08948332), (0.40809348, 0.09177101), (0.40341797, 0.09337878), (0.4021254, 0.091757774), (0.40627524, 0.08948332), (0.411752, 0.08553594), (0.4093905, 0.09047073), (0.40884998, 0.08784509), (0.411752, 0.08553594), (0.41353837, 0.086000025), (0.4093905, 0.09047073), (0.40944755, 0.08387321), (0.41353837, 0.086000025), (0.411752, 0.08553594), (0.40944755, 0.08387321), (0.4071151, 0.08591092), (0.4048647, 0.08399999), (0.40944755, 0.08387321), (0.40884998, 0.08784509), (0.4071151, 0.08591092), (0.40944755, 0.08387321), (0.411752, 0.08553594), (0.40884998, 0.08784509), (0.40944755, 0.08387321), (0.4092565, 0.08087742), (0.41353837, 0.086000025), (0.40944755, 0.08387321), (0.4048647, 0.08399999), (0.4092565, 0.08087742), (0.68155885, 0.22096717), (0.69863266, 0.218054), (0.69863266, 0.22096717), (0.68155885, 0.22096717), (0.68155885, 0.218054), (0.69863266, 0.218054), (0.6644849, 0.22096717), (0.68155885, 0.218054), (0.68155885, 0.22096717), (0.6644849, 0.22096717), (0.6644849, 0.218054), (0.68155885, 0.218054), (0.6644849, 0.218054), (0.68155885, 0.21700001), (0.68155885, 0.218054), (0.68155885, 0.21700001), (0.69863266, 0.218054), (0.68155885, 0.218054), (0.6644849, 0.218054), (0.6644849, 0.21700001), (0.68155885, 0.21700001), (0.68155885, 0.21700001), (0.69863266, 0.21700001), (0.69863266, 0.218054), (0.6558794, 0.218054), (0.6644849, 0.218054), (0.6644849, 0.22096717), (0.6558794, 0.218054), (0.6644849, 0.21700001), (0.6644849, 0.218054), (0.6558794, 0.218054), (0.6644849, 0.22096717), (0.6521516, 0.22096717), (0.65477455, 0.21657705), (0.6558794, 0.218054), (0.6521516, 0.22096717), (0.65477455, 0.21657705), (0.6521516, 0.22096717), (0.6505892, 0.21959674), (0.65355444, 0.21467334), (0.65477455, 0.21657705), (0.6505892, 0.21959674), (0.65355444, 0.21467334), (0.6505892, 0.21959674), (0.6489401, 0.21763247), (0.6521918, 0.21287715), (0.65355444, 0.21467334), (0.6489401, 0.21763247), (0.6521918, 0.21287715), (0.6489401, 0.21763247), (0.6474111, 0.21570951), (0.6474111, 0.09177059), (0.6521918, 0.21287715), (0.6474111, 0.21570951), (0.6474111, 0.09177059), (0.6521918, 0.09336394), (0.6521918, 0.21287715), (0.6491337, 0.08937538), (0.6521918, 0.09336394), (0.6474111, 0.09177059), (0.6491337, 0.08937538), (0.65363806, 0.09182423), (0.6521918, 0.09336394), (0.6508821, 0.0874818), (0.65363806, 0.09182423), (0.6491337, 0.08937538), (0.6508821, 0.0874818), (0.6548682, 0.090007484), (0.65363806, 0.09182423), (0.6538572, 0.086512804), (0.6548682, 0.090007484), (0.6508821, 0.0874818), (0.6538572, 0.086512804), (0.6558565, 0.08830547), (0.6548682, 0.090007484), (0.6474111, 0.09177059), (0.6474111, 0.21570951), (0.6464192, 0.21692818), (0.6489401, 0.21763247), (0.6464192, 0.21692818), (0.6474111, 0.21570951), (0.6474111, 0.09177059), (0.6464192, 0.21692818), (0.646418, 0.09047127), (0.646418, 0.09047127), (0.6491337, 0.08937538), (0.6474111, 0.09177059), (0.6521918, 0.21287715), (0.6521918, 0.09336394), (0.6550534, 0.09446937), (0.65363806, 0.09182423), (0.6550534, 0.09446937), (0.6521918, 0.09336394), (0.6521918, 0.21287715), (0.6550534, 0.09446937), (0.65492904, 0.21188581), (0.65492904, 0.21188581), (0.65355444, 0.21467334), (0.6521918, 0.21287715), (0.6644849, 0.086512804), (0.6558565, 0.08830547), (0.6538572, 0.086512804), (0.6538572, 0.086512804), (0.6644849, 0.08399999), (0.6644849, 0.086512804), (0.6538572, 0.086512804), (0.65094006, 0.08399999), (0.6644849, 0.08399999), (0.6508821, 0.0874818), (0.65094006, 0.08399999), (0.6538572, 0.086512804), (0.6644849, 0.086512804), (0.6644849, 0.08830547), (0.6558565, 0.08830547), (0.6558565, 0.08830547), (0.6644849, 0.08830547), (0.6644849, 0.09000003), (0.6558565, 0.08830547), (0.6644849, 0.09000003), (0.65756565, 0.09000003), (0.65756565, 0.09000003), (0.6548682, 0.090007484), (0.6558565, 0.08830547), (0.646418, 0.09047127), (0.64700335, 0.08788848), (0.6491337, 0.08937538), (0.6508821, 0.0874818), (0.6486199, 0.0858708), (0.65094006, 0.08399999), (0.6491337, 0.08937538), (0.6486199, 0.0858708), (0.6508821, 0.0874818), (0.6491337, 0.08937538), (0.64700335, 0.08788848), (0.6486199, 0.0858708), (0.65756565, 0.09000003), (0.65676767, 0.09084982), (0.6548682, 0.090007484), (0.64634705, 0.083866835), (0.65094006, 0.08399999), (0.6486199, 0.0858708), (0.64634705, 0.083866835), (0.6465519, 0.08087611), (0.65094006, 0.08399999), (0.64521486, 0.08544707), (0.6465519, 0.08087611), (0.64634705, 0.083866835), (0.64521486, 0.08544707), (0.64700335, 0.08788848), (0.646418, 0.09047127), (0.64521486, 0.08544707), (0.6486199, 0.0858708), (0.64700335, 0.08788848), (0.64521486, 0.08544707), (0.64634705, 0.083866835), (0.6486199, 0.0858708), (0.64521486, 0.08544707), (0.6422695, 0.086000025), (0.6465519, 0.08087611), (0.64521486, 0.08544707), (0.646418, 0.09047127), (0.6422695, 0.086000025), (0.6548682, 0.090007484), (0.65676767, 0.09084982), (0.6559296, 0.09261918), (0.6548682, 0.090007484), (0.6559296, 0.09261918), (0.65363806, 0.09182423), (0.65363806, 0.09182423), (0.6559296, 0.09261918), (0.6550534, 0.09446937), (0.7241404, 0.18684274), (0.76583576, 0.19382179), (0.72871184, 0.20588416), (0.7241404, 0.18684274), (0.76269424, 0.18073648), (0.76583576, 0.19382179), (0.72871184, 0.20588416), (0.76583576, 0.19382179), (0.77098584, 0.20625472), (0.72871184, 0.20588416), (0.77098584, 0.20625472), (0.7362058, 0.22397602), (0.7362058, 0.22397602), (0.77098584, 0.20625472), (0.7780168, 0.21772891), (0.7362058, 0.22397602), (0.7780168, 0.21772891), (0.74643767, 0.24067295), (0.74643767, 0.24067295), (0.7780168, 0.21772891), (0.78675675, 0.2279619), (0.74643767, 0.24067295), (0.78675675, 0.2279619), (0.7591553, 0.25556356), (0.7591553, 0.25556356), (0.78675675, 0.2279619), (0.7969898, 0.23670173), (0.7591553, 0.25556356), (0.7969898, 0.23670173), (0.77404594, 0.26828134), (0.77404594, 0.26828134), (0.7969898, 0.23670173), (0.80846405, 0.24373311), (0.77404594, 0.26828134), (0.80846405, 0.24373311), (0.7907425, 0.2785132), (0.7907425, 0.2785132), (0.80846405, 0.24373311), (0.82089686, 0.24888295), (0.7907425, 0.2785132), (0.82089686, 0.24888295), (0.80883443, 0.28600705), (0.80883443, 0.28600705), (0.82089686, 0.24888295), (0.83398235, 0.25202453), (0.80883443, 0.28600705), (0.83398235, 0.25202453), (0.827876, 0.29057854), (0.827876, 0.29057854), (0.83398235, 0.25202453), (0.84739816, 0.25308043), (0.827876, 0.29057854), (0.84739816, 0.25308043), (0.84739816, 0.2921151), (0.84739816, 0.2921151), (0.84739816, 0.25308043), (0.860814, 0.25202453), (0.84739816, 0.2921151), (0.860814, 0.25202453), (0.86692023, 0.29057854), (0.86692023, 0.29057854), (0.860814, 0.25202453), (0.87389946, 0.24888295), (0.86692023, 0.29057854), (0.87389946, 0.24888295), (0.88596165, 0.28600705), (0.88596165, 0.28600705), (0.87389946, 0.24888295), (0.88633215, 0.24373311), (0.88596165, 0.28600705), (0.88633215, 0.24373311), (0.9040537, 0.2785132), (0.9040537, 0.2785132), (0.88633215, 0.24373311), (0.8978064, 0.23670173), (0.9040537, 0.2785132), (0.8978064, 0.23670173), (0.9207505, 0.26828134), (0.9207505, 0.26828134), (0.8978064, 0.23670173), (0.90803957, 0.22796196), (0.9207505, 0.26828134), (0.90803957, 0.22796196), (0.93564105, 0.25556356), (0.93564105, 0.25556356), (0.90803957, 0.22796196), (0.9167794, 0.21772897), (0.93564105, 0.25556356), (0.9167794, 0.21772897), (0.948359, 0.24067295), (0.948359, 0.24067295), (0.9167794, 0.21772897), (0.9238107, 0.20625472), (0.948359, 0.24067295), (0.9238107, 0.20625472), (0.95859075, 0.22397602), (0.95859075, 0.22397602), (0.9238107, 0.20625472), (0.92896056, 0.19382185), (0.95859075, 0.22397602), (0.92896056, 0.19382185), (0.9660847, 0.20588422), (0.9660847, 0.20588422), (0.92896056, 0.19382185), (0.9321022, 0.18073642), (0.9660847, 0.20588422), (0.9321022, 0.18073642), (0.97065616, 0.18684274), (0.97065616, 0.18684274), (0.9321022, 0.18073642), (0.9331579, 0.16732061), (0.97065616, 0.18684274), (0.9331579, 0.16732061), (0.97219276, 0.16732061), (0.97219276, 0.16732061), (0.9331579, 0.16732061), (0.9321022, 0.1539048), (0.97219276, 0.16732061), (0.9321022, 0.1539048), (0.97065616, 0.14779854), (0.97065616, 0.14779854), (0.9321022, 0.1539048), (0.92896056, 0.14081943), (0.97065616, 0.14779854), (0.92896056, 0.14081943), (0.9660847, 0.12875706), (0.9660847, 0.12875706), (0.92896056, 0.14081943), (0.9238107, 0.1283865), (0.9660847, 0.12875706), (0.9238107, 0.1283865), (0.95859075, 0.11066514), (0.95859075, 0.11066514), (0.9238107, 0.1283865), (0.9167794, 0.116912305), (0.95859075, 0.11066514), (0.9167794, 0.116912305), (0.948359, 0.09396833), (0.948359, 0.09396833), (0.9167794, 0.116912305), (0.90803957, 0.10667932), (0.948359, 0.09396833), (0.90803957, 0.10667932), (0.93564105, 0.07907766), (0.93564105, 0.07907766), (0.90803957, 0.10667932), (0.8978064, 0.09793955), (0.93564105, 0.07907766), (0.8978064, 0.09793955), (0.9207505, 0.06635988), (0.9207505, 0.06635988), (0.8978064, 0.09793955), (0.88633215, 0.09090811), (0.9207505, 0.06635988), (0.88633215, 0.09090811), (0.9040537, 0.056128025), (0.9040537, 0.056128025), (0.88633215, 0.09090811), (0.87389946, 0.08575827), (0.9040537, 0.056128025), (0.87389946, 0.08575827), (0.88596165, 0.048634112), (0.88596165, 0.048634112), (0.87389946, 0.08575827), (0.860814, 0.08261669), (0.88596165, 0.048634112), (0.860814, 0.08261669), (0.86692023, 0.044062674), (0.86692023, 0.044062674), (0.860814, 0.08261669), (0.84739816, 0.08156079), (0.86692023, 0.044062674), (0.84739816, 0.08156079), (0.84739816, 0.042526245), (0.84739816, 0.042526245), (0.84739816, 0.08156079), (0.83398235, 0.08261669), (0.84739816, 0.042526245), (0.83398235, 0.08261669), (0.827876, 0.044062674), (0.827876, 0.044062674), (0.83398235, 0.08261669), (0.82089686, 0.08575827), (0.827876, 0.044062674), (0.82089686, 0.08575827), (0.8088347, 0.048634112), (0.8088347, 0.048634112), (0.82089686, 0.08575827), (0.80846405, 0.09090811), (0.8088347, 0.048634112), (0.80846405, 0.09090811), (0.79074275, 0.056128025), (0.79074275, 0.056128025), (0.80846405, 0.09090811), (0.7969898, 0.09793955), (0.79074275, 0.056128025), (0.7969898, 0.09793955), (0.7740462, 0.06635988), (0.7740462, 0.06635988), (0.7969898, 0.09793955), (0.786757, 0.10667932), (0.7740462, 0.06635988), (0.786757, 0.10667932), (0.7591553, 0.07907766), (0.7591553, 0.07907766), (0.786757, 0.10667932), (0.77801704, 0.116912246), (0.7591553, 0.07907766), (0.77801704, 0.116912246), (0.74643767, 0.09396833), (0.74643767, 0.09396833), (0.77801704, 0.116912246), (0.77098584, 0.1283865), (0.74643767, 0.09396833), (0.77098584, 0.1283865), (0.7362058, 0.11066514), (0.7362058, 0.11066514), (0.77098584, 0.1283865), (0.765836, 0.14081937), (0.7362058, 0.11066514), (0.765836, 0.14081937), (0.7287121, 0.128757), (0.7287121, 0.128757), (0.765836, 0.14081937), (0.76269424, 0.1539048), (0.7287121, 0.128757), (0.76269424, 0.1539048), (0.7241404, 0.14779842), (0.7241404, 0.14779842), (0.76269424, 0.1539048), (0.7616385, 0.16732073), (0.7241404, 0.14779842), (0.7616385, 0.16732073), (0.7226038, 0.16732061), (0.7226038, 0.16732061), (0.7616385, 0.16732073), (0.76269424, 0.18073648), (0.7226038, 0.16732061), (0.76269424, 0.18073648), (0.7241404, 0.18684274), (0.7969898, 0.09793955), (0.80738115, 0.12730342), (0.786757, 0.10667932), (0.7969898, 0.09793955), (0.81413364, 0.121536076), (0.80738115, 0.12730342), (0.80846405, 0.09090811), (0.81413364, 0.121536076), (0.7969898, 0.09793955), (0.80846405, 0.09090811), (0.8217056, 0.11689609), (0.81413364, 0.121536076), (0.82089686, 0.08575827), (0.8217056, 0.11689609), (0.80846405, 0.09090811), (0.82089686, 0.08575827), (0.82991004, 0.113497615), (0.8217056, 0.11689609), (0.83398235, 0.08261669), (0.82991004, 0.113497615), (0.82089686, 0.08575827), (0.83398235, 0.08261669), (0.8385451, 0.111424565), (0.82991004, 0.113497615), (0.84739816, 0.08156079), (0.8385451, 0.111424565), (0.83398235, 0.08261669), (0.84739816, 0.08156079), (0.84739816, 0.11072779), (0.8385451, 0.111424565), (0.860814, 0.08261669), (0.84739816, 0.11072779), (0.84739816, 0.08156079), (0.860814, 0.08261669), (0.85625124, 0.111424565), (0.84739816, 0.11072779), (0.87389946, 0.08575827), (0.85625124, 0.111424565), (0.860814, 0.08261669), (0.87389946, 0.08575827), (0.8648864, 0.113497615), (0.85625124, 0.111424565), (0.88633215, 0.09090811), (0.8648864, 0.113497615), (0.87389946, 0.08575827), (0.88633215, 0.09090811), (0.87309086, 0.11689603), (0.8648864, 0.113497615), (0.8978064, 0.09793955), (0.87309086, 0.11689603), (0.88633215, 0.09090811), (0.8978064, 0.09793955), (0.8806627, 0.121536076), (0.87309086, 0.11689603), (0.90803957, 0.10667932), (0.8806627, 0.121536076), (0.8978064, 0.09793955), (0.90803957, 0.10667932), (0.8874154, 0.12730348), (0.8806627, 0.121536076), (0.9167794, 0.116912305), (0.8874154, 0.12730348), (0.90803957, 0.10667932), (0.9167794, 0.116912305), (0.89318275, 0.13405621), (0.8874154, 0.12730348), (0.9238107, 0.1283865), (0.89318275, 0.13405621), (0.9167794, 0.116912305), (0.9238107, 0.1283865), (0.89782274, 0.14162803), (0.89318275, 0.13405621), (0.92896056, 0.14081943), (0.89782274, 0.14162803), (0.9238107, 0.1283865), (0.92896056, 0.14081943), (0.90122116, 0.14983249), (0.89782274, 0.14162803), (0.9321022, 0.1539048), (0.90122116, 0.14983249), (0.92896056, 0.14081943), (0.9321022, 0.1539048), (0.9032943, 0.15846759), (0.90122116, 0.14983249), (0.9331579, 0.16732061), (0.9032943, 0.15846759), (0.9321022, 0.1539048), (0.9331579, 0.16732061), (0.903991, 0.16732061), (0.9032943, 0.15846759), (0.9321022, 0.18073642), (0.903991, 0.16732061), (0.9331579, 0.16732061), (0.9321022, 0.18073642), (0.9032943, 0.17617369), (0.903991, 0.16732061), (0.92896056, 0.19382185), (0.9032943, 0.17617369), (0.9321022, 0.18073642), (0.92896056, 0.19382185), (0.90122116, 0.18480873), (0.9032943, 0.17617369), (0.9238107, 0.20625472), (0.90122116, 0.18480873), (0.92896056, 0.19382185), (0.9238107, 0.20625472), (0.89782274, 0.19301319), (0.90122116, 0.18480873), (0.9167794, 0.21772897), (0.89782274, 0.19301319), (0.9238107, 0.20625472), (0.9167794, 0.21772897), (0.89318275, 0.20058507), (0.89782274, 0.19301319), (0.90803957, 0.22796196), (0.89318275, 0.20058507), (0.9167794, 0.21772897), (0.90803957, 0.22796196), (0.8874154, 0.2073378), (0.89318275, 0.20058507), (0.8978064, 0.23670173), (0.8874154, 0.2073378), (0.90803957, 0.22796196), (0.8978064, 0.23670173), (0.8806627, 0.21310514), (0.8874154, 0.2073378), (0.88633215, 0.24373311), (0.8806627, 0.21310514), (0.8978064, 0.23670173), (0.88633215, 0.24373311), (0.87309086, 0.21774518), (0.8806627, 0.21310514), (0.87389946, 0.24888295), (0.87309086, 0.21774518), (0.88633215, 0.24373311), (0.87389946, 0.24888295), (0.8648864, 0.2211436), (0.87309086, 0.21774518), (0.860814, 0.25202453), (0.8648864, 0.2211436), (0.87389946, 0.24888295), (0.860814, 0.25202453), (0.85625124, 0.22321671), (0.8648864, 0.2211436), (0.84739816, 0.25308043), (0.85625124, 0.22321671), (0.860814, 0.25202453), (0.84739816, 0.25308043), (0.84739816, 0.22391349), (0.85625124, 0.22321671), (0.83398235, 0.25202453), (0.84739816, 0.22391349), (0.84739816, 0.25308043), (0.83398235, 0.25202453), (0.8385451, 0.22321671), (0.84739816, 0.22391349), (0.82089686, 0.24888295), (0.8385451, 0.22321671), (0.83398235, 0.25202453), (0.82089686, 0.24888295), (0.82991004, 0.2211436), (0.8385451, 0.22321671), (0.80846405, 0.24373311), (0.82991004, 0.2211436), (0.82089686, 0.24888295), (0.80846405, 0.24373311), (0.8217056, 0.21774518), (0.82991004, 0.2211436), (0.7969898, 0.23670173), (0.8217056, 0.21774518), (0.80846405, 0.24373311), (0.7969898, 0.23670173), (0.81413364, 0.21310514), (0.8217056, 0.21774518), (0.78675675, 0.2279619), (0.81413364, 0.21310514), (0.7969898, 0.23670173), (0.78675675, 0.2279619), (0.8073809, 0.2073378), (0.81413364, 0.21310514), (0.7780168, 0.21772891), (0.8073809, 0.2073378), (0.78675675, 0.2279619), (0.7780168, 0.21772891), (0.80161357, 0.20058507), (0.8073809, 0.2073378), (0.77098584, 0.20625472), (0.80161357, 0.20058507), (0.7780168, 0.21772891), (0.77098584, 0.20625472), (0.79697347, 0.19301319), (0.80161357, 0.20058507), (0.76583576, 0.19382179), (0.79697347, 0.19301319), (0.77098584, 0.20625472), (0.76583576, 0.19382179), (0.79357517, 0.18480867), (0.79697347, 0.19301319), (0.76269424, 0.18073648), (0.79357517, 0.18480867), (0.76583576, 0.19382179), (0.76269424, 0.18073648), (0.791502, 0.1761738), (0.79357517, 0.18480867), (0.7616385, 0.16732073), (0.791502, 0.1761738), (0.76269424, 0.18073648), (0.7616385, 0.16732073), (0.79080546, 0.16732085), (0.791502, 0.1761738), (0.76269424, 0.1539048), (0.79080546, 0.16732085), (0.7616385, 0.16732073), (0.76269424, 0.1539048), (0.79150224, 0.15846753), (0.79080546, 0.16732085), (0.765836, 0.14081937), (0.79150224, 0.15846753), (0.76269424, 0.1539048), (0.765836, 0.14081937), (0.79357517, 0.14983243), (0.79150224, 0.15846753), (0.77098584, 0.1283865), (0.79357517, 0.14983243), (0.765836, 0.14081937), (0.77098584, 0.1283865), (0.79697347, 0.14162803), (0.79357517, 0.14983243), (0.77801704, 0.116912246), (0.79697347, 0.14162803), (0.77098584, 0.1283865), (0.77801704, 0.116912246), (0.80161357, 0.13405615), (0.79697347, 0.14162803), (0.786757, 0.10667932), (0.80161357, 0.13405615), (0.77801704, 0.116912246), (0.786757, 0.10667932), (0.80738115, 0.12730342), (0.80161357, 0.13405615), (0.791502, 0.1761738), (0.8148589, 0.17789316), (0.79357517, 0.18480867), (0.791502, 0.1761738), (0.81360555, 0.17267305), (0.8148589, 0.17789316), (0.79080546, 0.16732085), (0.81360555, 0.17267305), (0.791502, 0.1761738), (0.80738115, 0.12730342), (0.8197186, 0.14721018), (0.80161357, 0.13405615), (0.80738115, 0.12730342), (0.82320535, 0.1431278), (0.8197186, 0.14721018), (0.81413364, 0.121536076), (0.82320535, 0.1431278), (0.80738115, 0.12730342), (0.81413364, 0.121536076), (0.8272879, 0.13964105), (0.82320535, 0.1431278), (0.8217056, 0.11689609), (0.8272879, 0.13964105), (0.81413364, 0.121536076), (0.8217056, 0.11689609), (0.8318653, 0.13683593), (0.8272879, 0.13964105), (0.82991004, 0.113497615), (0.8318653, 0.13683593), (0.8217056, 0.11689609), (0.82991004, 0.113497615), (0.8368256, 0.13478136), (0.8318653, 0.13683593), (0.8385451, 0.111424565), (0.8368256, 0.13478136), (0.82991004, 0.113497615), (0.8385451, 0.111424565), (0.842046, 0.13352805), (0.8368256, 0.13478136), (0.84739816, 0.11072779), (0.842046, 0.13352805), (0.8385451, 0.111424565), (0.84739816, 0.11072779), (0.84739816, 0.13310677), (0.842046, 0.13352805), (0.85625124, 0.111424565), (0.84739816, 0.13310677), (0.84739816, 0.11072779), (0.85625124, 0.111424565), (0.8527502, 0.13352805), (0.84739816, 0.13310677), (0.8648864, 0.113497615), (0.8527502, 0.13352805), (0.85625124, 0.111424565), (0.8648864, 0.113497615), (0.85797095, 0.13478136), (0.8527502, 0.13352805), (0.87309086, 0.11689603), (0.85797095, 0.13478136), (0.8648864, 0.113497615), (0.87309086, 0.11689603), (0.862931, 0.13683587), (0.85797095, 0.13478136), (0.8806627, 0.121536076), (0.862931, 0.13683587), (0.87309086, 0.11689603), (0.8806627, 0.121536076), (0.86750865, 0.13964105), (0.862931, 0.13683587), (0.8874154, 0.12730348), (0.86750865, 0.13964105), (0.8806627, 0.121536076), (0.8874154, 0.12730348), (0.8715911, 0.1431278), (0.86750865, 0.13964105), (0.89318275, 0.13405621), (0.8715911, 0.1431278), (0.8874154, 0.12730348), (0.89318275, 0.13405621), (0.87507784, 0.14721024), (0.8715911, 0.1431278), (0.89782274, 0.14162803), (0.87507784, 0.14721024), (0.89318275, 0.13405621), (0.89782274, 0.14162803), (0.87788296, 0.15178788), (0.87507784, 0.14721024), (0.90122116, 0.14983249), (0.87788296, 0.15178788), (0.89782274, 0.14162803), (0.90122116, 0.14983249), (0.8799374, 0.15674794), (0.87788296, 0.15178788), (0.9032943, 0.15846759), (0.8799374, 0.15674794), (0.90122116, 0.14983249), (0.9032943, 0.15846759), (0.8811908, 0.16196841), (0.8799374, 0.15674794), (0.903991, 0.16732061), (0.8811908, 0.16196841), (0.9032943, 0.15846759), (0.903991, 0.16732061), (0.88161194, 0.16732061), (0.8811908, 0.16196841), (0.9032943, 0.17617369), (0.88161194, 0.16732061), (0.903991, 0.16732061), (0.9032943, 0.17617369), (0.8811908, 0.17267287), (0.88161194, 0.16732061), (0.90122116, 0.18480873), (0.8811908, 0.17267287), (0.9032943, 0.17617369), (0.90122116, 0.18480873), (0.8799374, 0.17789328), (0.8811908, 0.17267287), (0.89782274, 0.19301319), (0.8799374, 0.17789328), (0.90122116, 0.18480873), (0.89782274, 0.19301319), (0.87788296, 0.18285334), (0.8799374, 0.17789328), (0.89318275, 0.20058507), (0.87788296, 0.18285334), (0.89782274, 0.19301319), (0.89318275, 0.20058507), (0.87507784, 0.18743098), (0.87788296, 0.18285334), (0.8874154, 0.2073378), (0.87507784, 0.18743098), (0.89318275, 0.20058507), (0.8874154, 0.2073378), (0.8715911, 0.19151342), (0.87507784, 0.18743098), (0.8806627, 0.21310514), (0.8715911, 0.19151342), (0.8874154, 0.2073378), (0.8806627, 0.21310514), (0.86750865, 0.19500017), (0.8715911, 0.19151342), (0.87309086, 0.21774518), (0.86750865, 0.19500017), (0.8806627, 0.21310514), (0.87309086, 0.21774518), (0.862931, 0.19780535), (0.86750865, 0.19500017), (0.8648864, 0.2211436), (0.862931, 0.19780535), (0.87309086, 0.21774518), (0.8648864, 0.2211436), (0.85797095, 0.19985986), (0.862931, 0.19780535), (0.85625124, 0.22321671), (0.85797095, 0.19985986), (0.8648864, 0.2211436), (0.85625124, 0.22321671), (0.8527502, 0.20111322), (0.85797095, 0.19985986), (0.84739816, 0.22391349), (0.8527502, 0.20111322), (0.85625124, 0.22321671), (0.84739816, 0.22391349), (0.84739816, 0.20153451), (0.8527502, 0.20111322), (0.8385451, 0.22321671), (0.84739816, 0.20153451), (0.84739816, 0.22391349), (0.8385451, 0.22321671), (0.842046, 0.20111322), (0.84739816, 0.20153451), (0.82991004, 0.2211436), (0.842046, 0.20111322), (0.8385451, 0.22321671), (0.82991004, 0.2211436), (0.8368256, 0.19985986), (0.842046, 0.20111322), (0.8217056, 0.21774518), (0.8368256, 0.19985986), (0.82991004, 0.2211436), (0.8217056, 0.21774518), (0.8318653, 0.19780535), (0.8368256, 0.19985986), (0.81413364, 0.21310514), (0.8318653, 0.19780535), (0.8217056, 0.21774518), (0.81413364, 0.21310514), (0.8272879, 0.19500017), (0.8318653, 0.19780535), (0.8073809, 0.2073378), (0.8272879, 0.19500017), (0.81413364, 0.21310514), (0.8073809, 0.2073378), (0.82320535, 0.19151342), (0.8272879, 0.19500017), (0.80161357, 0.20058507), (0.82320535, 0.19151342), (0.8073809, 0.2073378), (0.80161357, 0.20058507), (0.81971836, 0.18743098), (0.82320535, 0.19151342), (0.79697347, 0.19301319), (0.81971836, 0.18743098), (0.80161357, 0.20058507), (0.79697347, 0.19301319), (0.8169135, 0.18285346), (0.81971836, 0.18743098), (0.79357517, 0.18480867), (0.8169135, 0.18285346), (0.79697347, 0.19301319), (0.79357517, 0.18480867), (0.8148589, 0.17789316), (0.8169135, 0.18285346), (0.8148589, 0.17789316), (0.83562684, 0.1733185), (0.8169135, 0.18285346), (0.8148589, 0.17789316), (0.8348334, 0.17140281), (0.83562684, 0.1733185), (0.81360555, 0.17267305), (0.8348334, 0.17140281), (0.8148589, 0.17789316), (0.81360555, 0.17267305), (0.8343495, 0.16938764), (0.8348334, 0.17140281), (0.8169135, 0.18285346), (0.83671, 0.17508602), (0.81971836, 0.18743098), (0.8169135, 0.18285346), (0.83562684, 0.1733185), (0.83671, 0.17508602), (0.81971836, 0.18743098), (0.83805645, 0.17666233), (0.82320535, 0.19151342), (0.81971836, 0.18743098), (0.83671, 0.17508602), (0.83805645, 0.17666233), (0.82320535, 0.19151342), (0.83963275, 0.1780088), (0.8272879, 0.19500017), (0.82320535, 0.19151342), (0.83805645, 0.17666233), (0.83963275, 0.1780088), (0.8272879, 0.19500017), (0.83963275, 0.1780088), (0.8414004, 0.17909187), (0.8272879, 0.19500017), (0.8414004, 0.17909187), (0.8318653, 0.19780535), (0.8318653, 0.19780535), (0.8414004, 0.17909187), (0.8433155, 0.17988527), (0.8318653, 0.19780535), (0.8433155, 0.17988527), (0.8368256, 0.19985986), (0.8368256, 0.19985986), (0.8433155, 0.17988527), (0.84533167, 0.18036932), (0.8368256, 0.19985986), (0.84533167, 0.18036932), (0.842046, 0.20111322), (0.842046, 0.20111322), (0.84533167, 0.18036932), (0.8473979, 0.18053192), (0.842046, 0.20111322), (0.8473979, 0.18053192), (0.84739816, 0.20153451), (0.84739816, 0.20153451), (0.8473979, 0.18053192), (0.8494649, 0.18036926), (0.8433155, 0.17988527), (0.8494649, 0.18036926), (0.84533167, 0.18036932), (0.84533167, 0.18036932), (0.8494649, 0.18036926), (0.8473979, 0.18053192), (0.84739816, 0.20153451), (0.8494649, 0.18036926), (0.8527502, 0.20111322), (0.8527502, 0.20111322), (0.8494649, 0.18036926), (0.8514807, 0.17988527), (0.8433155, 0.17988527), (0.8514807, 0.17988527), (0.8494649, 0.18036926), (0.8414004, 0.17909187), (0.8514807, 0.17988527), (0.8433155, 0.17988527), (0.8527502, 0.20111322), (0.8514807, 0.17988527), (0.85797095, 0.19985986), (0.85797095, 0.19985986), (0.8514807, 0.17988527), (0.85339594, 0.17909187), (0.8414004, 0.17909187), (0.85339594, 0.17909187), (0.8514807, 0.17988527), (0.83963275, 0.1780088), (0.85339594, 0.17909187), (0.8414004, 0.17909187), (0.85797095, 0.19985986), (0.85339594, 0.17909187), (0.862931, 0.19780535), (0.862931, 0.19780535), (0.85339594, 0.17909187), (0.8551636, 0.17800874), (0.862931, 0.19780535), (0.8551636, 0.17800874), (0.86750865, 0.19500017), (0.86750865, 0.19500017), (0.8551636, 0.17800874), (0.8567399, 0.17666233), (0.86750865, 0.19500017), (0.8567399, 0.17666233), (0.8715911, 0.19151342), (0.8715911, 0.19151342), (0.8567399, 0.17666233), (0.8580862, 0.17508596), (0.8715911, 0.19151342), (0.8580862, 0.17508596), (0.87507784, 0.18743098), (0.87507784, 0.18743098), (0.8580862, 0.17508596), (0.85916936, 0.17331839), (0.87507784, 0.18743098), (0.85916936, 0.17331839), (0.87788296, 0.18285334), (0.87788296, 0.18285334), (0.85916936, 0.17331839), (0.8599627, 0.17140311), (0.87788296, 0.18285334), (0.8599627, 0.17140311), (0.8799374, 0.17789328), (0.8799374, 0.17789328), (0.8599627, 0.17140311), (0.8604468, 0.16938734), (0.8799374, 0.17789328), (0.8604468, 0.16938734), (0.8811908, 0.17267287), (0.8811908, 0.17267287), (0.8604468, 0.16938734), (0.86060965, 0.16732061), (0.8811908, 0.17267287), (0.86060965, 0.16732061), (0.88161194, 0.16732061), (0.88161194, 0.16732061), (0.86060965, 0.16732061), (0.8604468, 0.16525394), (0.88161194, 0.16732061), (0.8604468, 0.16525394), (0.8811908, 0.16196841), (0.8811908, 0.16196841), (0.8604468, 0.16525394), (0.8599627, 0.16323817), (0.8811908, 0.16196841), (0.8599627, 0.16323817), (0.8799374, 0.15674794), (0.8799374, 0.15674794), (0.8599627, 0.16323817), (0.85916936, 0.16132283), (0.8799374, 0.15674794), (0.85916936, 0.16132283), (0.87788296, 0.15178788), (0.87788296, 0.15178788), (0.85916936, 0.16132283), (0.8580862, 0.15955532), (0.87788296, 0.15178788), (0.8580862, 0.15955532), (0.87507784, 0.14721024), (0.87507784, 0.14721024), (0.8580862, 0.15955532), (0.8567399, 0.15797889), (0.87507784, 0.14721024), (0.8567399, 0.15797889), (0.8715911, 0.1431278), (0.8715911, 0.1431278), (0.8567399, 0.15797889), (0.8551636, 0.15663242), (0.8715911, 0.1431278), (0.8551636, 0.15663242), (0.86750865, 0.13964105), (0.86750865, 0.13964105), (0.8551636, 0.15663242), (0.85339594, 0.15554929), (0.86750865, 0.13964105), (0.85339594, 0.15554929), (0.862931, 0.13683587), (0.862931, 0.13683587), (0.85339594, 0.15554929), (0.8514807, 0.15475607), (0.862931, 0.13683587), (0.8514807, 0.15475607), (0.85797095, 0.13478136), (0.85797095, 0.13478136), (0.8514807, 0.15475607), (0.8494649, 0.15427202), (0.85797095, 0.13478136), (0.8494649, 0.15427202), (0.8527502, 0.13352805), (0.8527502, 0.13352805), (0.8494649, 0.15427202), (0.84739816, 0.15410936), (0.8527502, 0.13352805), (0.84739816, 0.15410936), (0.84739816, 0.13310677), (0.84739816, 0.13310677), (0.84739816, 0.15410936), (0.84533167, 0.15427202), (0.84533167, 0.15427202), (0.8494649, 0.15427202), (0.8514807, 0.15475607), (0.8494649, 0.15427202), (0.84533167, 0.15427202), (0.84739816, 0.15410936), (0.84739816, 0.13310677), (0.84533167, 0.15427202), (0.842046, 0.13352805), (0.842046, 0.13352805), (0.84533167, 0.15427202), (0.8433155, 0.15475595), (0.8433155, 0.15475595), (0.8514807, 0.15475607), (0.85339594, 0.15554929), (0.84533167, 0.15427202), (0.8514807, 0.15475607), (0.8433155, 0.15475595), (0.842046, 0.13352805), (0.8433155, 0.15475595), (0.8368256, 0.13478136), (0.8368256, 0.13478136), (0.8433155, 0.15475595), (0.8414004, 0.15554935), (0.8414004, 0.15554935), (0.85339594, 0.15554929), (0.8551636, 0.15663242), (0.8433155, 0.15475595), (0.85339594, 0.15554929), (0.8414004, 0.15554935), (0.8368256, 0.13478136), (0.8414004, 0.15554935), (0.8318653, 0.13683593), (0.8318653, 0.13683593), (0.8414004, 0.15554935), (0.83963275, 0.15663248), (0.8318653, 0.13683593), (0.83963275, 0.15663248), (0.8272879, 0.13964105), (0.8272879, 0.13964105), (0.83963275, 0.15663248), (0.83805645, 0.15797889), (0.8272879, 0.13964105), (0.83805645, 0.15797889), (0.82320535, 0.1431278), (0.82320535, 0.1431278), (0.83805645, 0.15797889), (0.8367102, 0.15955514), (0.82320535, 0.1431278), (0.8367102, 0.15955514), (0.8197186, 0.14721018), (0.8197186, 0.14721018), (0.8367102, 0.15955514), (0.8356271, 0.16132283), (0.8197186, 0.14721018), (0.8356271, 0.16132283), (0.8169135, 0.15178788), (0.80161357, 0.13405615), (0.8197186, 0.14721018), (0.8169135, 0.15178788), (0.80161357, 0.13405615), (0.8169135, 0.15178788), (0.79697347, 0.14162803), (0.79697347, 0.14162803), (0.8169135, 0.15178788), (0.8148589, 0.15674794), (0.79697347, 0.14162803), (0.8148589, 0.15674794), (0.79357517, 0.14983243), (0.79357517, 0.14983243), (0.8148589, 0.15674794), (0.81360555, 0.16196835), (0.79357517, 0.14983243), (0.81360555, 0.16196835), (0.79150224, 0.15846753), (0.79150224, 0.15846753), (0.81360555, 0.16196835), (0.8131845, 0.16732097), (0.79150224, 0.15846753), (0.8131845, 0.16732097), (0.79080546, 0.16732085), (0.79080546, 0.16732085), (0.8131845, 0.16732097), (0.81360555, 0.17267305), (0.8169135, 0.15178788), (0.8348336, 0.16323817), (0.8148589, 0.15674794), (0.8169135, 0.15178788), (0.8356271, 0.16132283), (0.8348336, 0.16323817), (0.8148589, 0.15674794), (0.83434975, 0.16525376), (0.81360555, 0.16196835), (0.8148589, 0.15674794), (0.8348336, 0.16323817), (0.83434975, 0.16525376), (0.81360555, 0.16196835), (0.8341869, 0.16732109), (0.8131845, 0.16732097), (0.81360555, 0.16196835), (0.83434975, 0.16525376), (0.8341869, 0.16732109), (0.8131845, 0.16732097), (0.8343495, 0.16938764), (0.81360555, 0.17267305), (0.8131845, 0.16732097), (0.8341869, 0.16732109), (0.8343495, 0.16938764), (0.8341869, 0.16732109), (0.8604468, 0.16938734), (0.8343495, 0.16938764), (0.8343495, 0.16938764), (0.8604468, 0.16938734), (0.8599627, 0.17140311), (0.8343495, 0.16938764), (0.8599627, 0.17140311), (0.8348334, 0.17140281), (0.8348334, 0.17140281), (0.8599627, 0.17140311), (0.85916936, 0.17331839), (0.8348334, 0.17140281), (0.85916936, 0.17331839), (0.83562684, 0.1733185), (0.83562684, 0.1733185), (0.85916936, 0.17331839), (0.8580862, 0.17508596), (0.83562684, 0.1733185), (0.8580862, 0.17508596), (0.83671, 0.17508602), (0.83671, 0.17508602), (0.8580862, 0.17508596), (0.8567399, 0.17666233), (0.83671, 0.17508602), (0.8567399, 0.17666233), (0.83805645, 0.17666233), (0.83805645, 0.17666233), (0.8567399, 0.17666233), (0.8551636, 0.17800874), (0.83805645, 0.17666233), (0.8551636, 0.17800874), (0.83963275, 0.1780088), (0.83963275, 0.1780088), (0.8551636, 0.17800874), (0.85339594, 0.17909187), (0.8341869, 0.16732109), (0.86060965, 0.16732061), (0.8604468, 0.16938734), (0.83434975, 0.16525376), (0.86060965, 0.16732061), (0.8341869, 0.16732109), (0.83434975, 0.16525376), (0.8604468, 0.16525394), (0.86060965, 0.16732061), (0.8348336, 0.16323817), (0.8604468, 0.16525394), (0.83434975, 0.16525376), (0.8348336, 0.16323817), (0.8599627, 0.16323817), (0.8604468, 0.16525394), (0.8356271, 0.16132283), (0.8599627, 0.16323817), (0.8348336, 0.16323817), (0.8356271, 0.16132283), (0.85916936, 0.16132283), (0.8599627, 0.16323817), (0.8367102, 0.15955514), (0.85916936, 0.16132283), (0.8356271, 0.16132283), (0.8367102, 0.15955514), (0.8580862, 0.15955532), (0.85916936, 0.16132283), (0.83805645, 0.15797889), (0.8580862, 0.15955532), (0.8367102, 0.15955514), (0.83805645, 0.15797889), (0.8567399, 0.15797889), (0.8580862, 0.15955532), (0.83963275, 0.15663248), (0.8567399, 0.15797889), (0.83805645, 0.15797889), (0.83963275, 0.15663248), (0.8551636, 0.15663242), (0.8567399, 0.15797889), (0.8414004, 0.15554935), (0.8551636, 0.15663242), (0.83963275, 0.15663248), (0.18642767, 0.051435173), (0.16934295, 0.08399999), (0.16935386, 0.051435173), (0.18642767, 0.051435173), (0.18641688, 0.08399999), (0.16934295, 0.08399999), (0.20350155, 0.051435173), (0.18641688, 0.08399999), (0.18642767, 0.051435173), (0.16935386, 0.047707617), (0.18642767, 0.051435173), (0.16935386, 0.051435173), (0.15228003, 0.047707617), (0.16935386, 0.047707617), (0.16935386, 0.051435173), (0.15228003, 0.047707617), (0.16935386, 0.051435173), (0.15228003, 0.051435173), (0.13520601, 0.047707617), (0.15228003, 0.047707617), (0.15228003, 0.051435173), (0.13520601, 0.0445475), (0.15228003, 0.047707617), (0.13520601, 0.047707617), (0.13520601, 0.0445475), (0.15228003, 0.0445475), (0.15228003, 0.047707617), (0.15228003, 0.0445475), (0.16935386, 0.047707617), (0.15228003, 0.047707617), (0.15228003, 0.0445475), (0.16935386, 0.0445475), (0.16935386, 0.047707617), (0.15228003, 0.042436004), (0.16935386, 0.0445475), (0.15228003, 0.0445475), (0.15228003, 0.042436004), (0.16935386, 0.042436004), (0.16935386, 0.0445475), (0.16935386, 0.042436004), (0.18642767, 0.0445475), (0.16935386, 0.0445475), (0.16935386, 0.042436004), (0.18642767, 0.042436004), (0.18642767, 0.0445475), (0.16935386, 0.047707617), (0.18642767, 0.047707617), (0.18642767, 0.051435173), (0.16935386, 0.0445475), (0.18642767, 0.047707617), (0.16935386, 0.047707617), (0.16935386, 0.0445475), (0.18642767, 0.0445475), (0.18642767, 0.047707617), (0.18642767, 0.047707617), (0.20350155, 0.051435173), (0.18642767, 0.051435173), (0.18642767, 0.042436004), (0.20350155, 0.0445475), (0.18642767, 0.0445475), (0.18642767, 0.042436004), (0.20350155, 0.042436004), (0.20350155, 0.0445475), (0.18642767, 0.047707617), (0.20350155, 0.047707617), (0.20350155, 0.051435173), (0.18642767, 0.0445475), (0.20350155, 0.047707617), (0.18642767, 0.047707617), (0.18642767, 0.0445475), (0.20350155, 0.0445475), (0.20350155, 0.047707617), (0.20350155, 0.042436004), (0.2205754, 0.0445475), (0.20350155, 0.0445475), (0.20350155, 0.042436004), (0.2205754, 0.042436004), (0.2205754, 0.0445475), (0.20350155, 0.0445475), (0.2205754, 0.047707617), (0.20350155, 0.047707617), (0.20350155, 0.0445475), (0.2205754, 0.0445475), (0.2205754, 0.047707617), (0.20350155, 0.047707617), (0.2205754, 0.047707617), (0.2205754, 0.051435173), (0.20350155, 0.047707617), (0.2205754, 0.051435173), (0.20350155, 0.051435173), (0.2205754, 0.042436004), (0.23764926, 0.0445475), (0.2205754, 0.0445475), (0.2205754, 0.042436004), (0.23764926, 0.042436004), (0.23764926, 0.0445475), (0.2205754, 0.047707617), (0.23764926, 0.051435173), (0.2205754, 0.051435173), (0.2205754, 0.047707617), (0.23764926, 0.047707617), (0.23764926, 0.051435173), (0.2205754, 0.0445475), (0.23764926, 0.047707617), (0.2205754, 0.047707617), (0.2205754, 0.0445475), (0.23764926, 0.0445475), (0.23764926, 0.047707617), (0.23764926, 0.042436004), (0.25472313, 0.0445475), (0.23764926, 0.0445475), (0.23764926, 0.042436004), (0.25472313, 0.042436004), (0.25472313, 0.0445475), (0.23764926, 0.047707617), (0.25472313, 0.051435173), (0.23764926, 0.051435173), (0.23764926, 0.047707617), (0.25472313, 0.047707617), (0.25472313, 0.051435173), (0.23764926, 0.0445475), (0.25472313, 0.047707617), (0.23764926, 0.047707617), (0.23764926, 0.0445475), (0.25472313, 0.0445475), (0.25472313, 0.047707617), (0.25472313, 0.042436004), (0.27179706, 0.0445475), (0.25472313, 0.0445475), (0.25472313, 0.042436004), (0.27179706, 0.042436004), (0.27179706, 0.0445475), (0.25472313, 0.047707617), (0.27179706, 0.051435173), (0.25472313, 0.051435173), (0.25472313, 0.047707617), (0.27179706, 0.047707617), (0.27179706, 0.051435173), (0.25472313, 0.0445475), (0.27179706, 0.047707617), (0.25472313, 0.047707617), (0.25472313, 0.0445475), (0.27179706, 0.0445475), (0.27179706, 0.047707617), (0.27179706, 0.042436004), (0.28887087, 0.0445475), (0.27179706, 0.0445475), (0.27179706, 0.042436004), (0.28887087, 0.042436004), (0.28887087, 0.0445475), (0.27179706, 0.047707617), (0.28887087, 0.051435173), (0.27179706, 0.051435173), (0.27179706, 0.047707617), (0.28887087, 0.047707617), (0.28887087, 0.051435173), (0.27179706, 0.0445475), (0.28887087, 0.047707617), (0.27179706, 0.047707617), (0.27179706, 0.0445475), (0.28887087, 0.0445475), (0.28887087, 0.047707617), (0.28887087, 0.042436004), (0.30594474, 0.0445475), (0.28887087, 0.0445475), (0.28887087, 0.042436004), (0.30594474, 0.042436004), (0.30594474, 0.0445475), (0.28887087, 0.047707617), (0.30594474, 0.051435173), (0.28887087, 0.051435173), (0.28887087, 0.047707617), (0.30594474, 0.047707617), (0.30594474, 0.051435173), (0.28887087, 0.0445475), (0.30594474, 0.047707617), (0.28887087, 0.047707617), (0.28887087, 0.0445475), (0.30594474, 0.0445475), (0.30594474, 0.047707617), (0.30594474, 0.042436004), (0.3230186, 0.0445475), (0.30594474, 0.0445475), (0.30594474, 0.042436004), (0.3230186, 0.042436004), (0.3230186, 0.0445475), (0.30594474, 0.047707617), (0.3230186, 0.051435173), (0.30594474, 0.051435173), (0.30594474, 0.047707617), (0.3230186, 0.047707617), (0.3230186, 0.051435173), (0.30594474, 0.0445475), (0.3230186, 0.047707617), (0.30594474, 0.047707617), (0.30594474, 0.0445475), (0.3230186, 0.0445475), (0.3230186, 0.047707617), (0.3230186, 0.042436004), (0.34009242, 0.0445475), (0.3230186, 0.0445475), (0.3230186, 0.042436004), (0.34009242, 0.042436004), (0.34009242, 0.0445475), (0.3230186, 0.047707617), (0.34009242, 0.051435173), (0.3230186, 0.051435173), (0.3230186, 0.047707617), (0.34009242, 0.047707617), (0.34009242, 0.051435173), (0.3230186, 0.0445475), (0.34009242, 0.047707617), (0.3230186, 0.047707617), (0.3230186, 0.0445475), (0.34009242, 0.0445475), (0.34009242, 0.047707617), (0.34009242, 0.042436004), (0.35716635, 0.0445475), (0.34009242, 0.0445475), (0.34009242, 0.042436004), (0.35716635, 0.042436004), (0.35716635, 0.0445475), (0.34009242, 0.047707617), (0.35716635, 0.051435173), (0.34009242, 0.051435173), (0.35716635, 0.051435173), (0.3400816, 0.08399999), (0.34009242, 0.051435173), (0.35716635, 0.051435173), (0.3571555, 0.08399999), (0.3400816, 0.08399999), (0.37424016, 0.051435173), (0.3571555, 0.08399999), (0.35716635, 0.051435173), (0.34009242, 0.047707617), (0.35716635, 0.047707617), (0.35716635, 0.051435173), (0.34009242, 0.0445475), (0.35716635, 0.047707617), (0.34009242, 0.047707617), (0.34009242, 0.0445475), (0.35716635, 0.0445475), (0.35716635, 0.047707617), (0.35716635, 0.047707617), (0.37424016, 0.051435173), (0.35716635, 0.051435173), (0.35716635, 0.042436004), (0.37424016, 0.0445475), (0.35716635, 0.0445475), (0.35716635, 0.042436004), (0.37424016, 0.042436004), (0.37424016, 0.0445475), (0.35716635, 0.047707617), (0.37424016, 0.047707617), (0.37424016, 0.051435173), (0.35716635, 0.0445475), (0.37424016, 0.047707617), (0.35716635, 0.047707617), (0.35716635, 0.0445475), (0.37424016, 0.0445475), (0.37424016, 0.047707617), (0.37424016, 0.042436004), (0.39131403, 0.0445475), (0.37424016, 0.0445475), (0.37424016, 0.042436004), (0.39131403, 0.042436004), (0.39131403, 0.0445475), (0.37424016, 0.047707617), (0.39131403, 0.051435173), (0.37424016, 0.051435173), (0.37424016, 0.047707617), (0.39131403, 0.047707617), (0.39131403, 0.051435173), (0.37424016, 0.0445475), (0.39131403, 0.047707617), (0.37424016, 0.047707617), (0.37424016, 0.0445475), (0.39131403, 0.0445475), (0.39131403, 0.047707617), (0.39131403, 0.042436004), (0.4083879, 0.0445475), (0.39131403, 0.0445475), (0.39131403, 0.042436004), (0.4083879, 0.042436004), (0.4083879, 0.0445475), (0.39131403, 0.047707617), (0.4083879, 0.051435173), (0.39131403, 0.051435173), (0.39131403, 0.047707617), (0.4083879, 0.047707617), (0.4083879, 0.051435173), (0.39131403, 0.0445475), (0.4083879, 0.047707617), (0.39131403, 0.047707617), (0.39131403, 0.0445475), (0.4083879, 0.0445475), (0.4083879, 0.047707617), (0.4083879, 0.042436004), (0.4254617, 0.0445475), (0.4083879, 0.0445475), (0.4083879, 0.042436004), (0.4254617, 0.042436004), (0.4254617, 0.0445475), (0.4083879, 0.047707617), (0.4254617, 0.051435173), (0.4083879, 0.051435173), (0.4083879, 0.047707617), (0.4254617, 0.047707617), (0.4254617, 0.051435173), (0.4083879, 0.0445475), (0.4254617, 0.047707617), (0.4083879, 0.047707617), (0.4083879, 0.0445475), (0.4254617, 0.0445475), (0.4254617, 0.047707617), (0.4254617, 0.042436004), (0.44253564, 0.0445475), (0.4254617, 0.0445475), (0.4254617, 0.042436004), (0.44253564, 0.042436004), (0.44253564, 0.0445475), (0.4254617, 0.047707617), (0.44253564, 0.051435173), (0.4254617, 0.051435173), (0.4254617, 0.047707617), (0.44253564, 0.047707617), (0.44253564, 0.051435173), (0.4254617, 0.0445475), (0.44253564, 0.047707617), (0.4254617, 0.047707617), (0.4254617, 0.0445475), (0.44253564, 0.0445475), (0.44253564, 0.047707617), (0.44253564, 0.042436004), (0.4596095, 0.0445475), (0.44253564, 0.0445475), (0.44253564, 0.042436004), (0.4596095, 0.042436004), (0.4596095, 0.0445475), (0.44253564, 0.047707617), (0.4596095, 0.051435173), (0.44253564, 0.051435173), (0.44253564, 0.047707617), (0.4596095, 0.047707617), (0.4596095, 0.051435173), (0.44253564, 0.0445475), (0.4596095, 0.047707617), (0.44253564, 0.047707617), (0.44253564, 0.0445475), (0.4596095, 0.0445475), (0.4596095, 0.047707617), (0.4596095, 0.042436004), (0.47668338, 0.0445475), (0.4596095, 0.0445475), (0.4596095, 0.042436004), (0.47668338, 0.042436004), (0.47668338, 0.0445475), (0.4596095, 0.047707617), (0.47668338, 0.051435173), (0.4596095, 0.051435173), (0.4596095, 0.047707617), (0.47668338, 0.047707617), (0.47668338, 0.051435173), (0.4596095, 0.0445475), (0.47668338, 0.047707617), (0.4596095, 0.047707617), (0.4596095, 0.0445475), (0.47668338, 0.0445475), (0.47668338, 0.047707617), (0.47668338, 0.042436004), (0.4937573, 0.0445475), (0.47668338, 0.0445475), (0.47668338, 0.042436004), (0.4937573, 0.042436004), (0.4937573, 0.0445475), (0.47668338, 0.047707617), (0.4937573, 0.051435173), (0.47668338, 0.051435173), (0.47668338, 0.047707617), (0.4937573, 0.047707617), (0.4937573, 0.051435173), (0.47668338, 0.0445475), (0.4937573, 0.047707617), (0.47668338, 0.047707617), (0.47668338, 0.0445475), (0.4937573, 0.0445475), (0.4937573, 0.047707617), (0.4937573, 0.042436004), (0.510831, 0.0445475), (0.4937573, 0.0445475), (0.4937573, 0.042436004), (0.510831, 0.042436004), (0.510831, 0.0445475), (0.4937573, 0.047707617), (0.510831, 0.051435173), (0.4937573, 0.051435173), (0.4937573, 0.047707617), (0.510831, 0.047707617), (0.510831, 0.051435173), (0.4937573, 0.0445475), (0.510831, 0.047707617), (0.4937573, 0.047707617), (0.4937573, 0.0445475), (0.510831, 0.0445475), (0.510831, 0.047707617), (0.510831, 0.042436004), (0.527905, 0.0445475), (0.510831, 0.0445475), (0.510831, 0.042436004), (0.527905, 0.042436004), (0.527905, 0.0445475), (0.510831, 0.047707617), (0.52790487, 0.051435173), (0.510831, 0.051435173), (0.52790487, 0.051435173), (0.51082015, 0.08399999), (0.510831, 0.051435173), (0.52790487, 0.051435173), (0.52789414, 0.08399999), (0.51082015, 0.08399999), (0.54497886, 0.051435173), (0.52789414, 0.08399999), (0.52790487, 0.051435173), (0.54497886, 0.051435173), (0.5449679, 0.08399999), (0.52789414, 0.08399999), (0.510831, 0.047707617), (0.52790487, 0.047707617), (0.52790487, 0.051435173), (0.510831, 0.0445475), (0.52790487, 0.047707617), (0.510831, 0.047707617), (0.510831, 0.0445475), (0.527905, 0.0445475), (0.52790487, 0.047707617), (0.54497886, 0.051435173), (0.52790487, 0.051435173), (0.52790487, 0.047707617), (0.54497886, 0.0445475), (0.527905, 0.0445475), (0.527905, 0.042436004), (0.54497886, 0.0445475), (0.527905, 0.042436004), (0.54497886, 0.042436004), (0.54497886, 0.047707617), (0.527905, 0.0445475), (0.54497886, 0.0445475), (0.54497886, 0.047707617), (0.52790487, 0.047707617), (0.527905, 0.0445475), (0.54497886, 0.051435173), (0.52790487, 0.047707617), (0.54497886, 0.047707617), (0.71252537, 0.18868232), (0.72871184, 0.20588416), (0.71752715, 0.20951813), (0.71252537, 0.18868232), (0.7241404, 0.18684274), (0.72871184, 0.20588416), (0.71752715, 0.20951813), (0.72871184, 0.20588416), (0.7362058, 0.22397602), (0.71752715, 0.20951813), (0.7362058, 0.22397602), (0.72572756, 0.22931486), (0.72572756, 0.22931486), (0.7362058, 0.22397602), (0.74643767, 0.24067295), (0.72572756, 0.22931486), (0.74643767, 0.24067295), (0.7369237, 0.24758512), (0.7369237, 0.24758512), (0.74643767, 0.24067295), (0.7591553, 0.25556356), (0.7369237, 0.24758512), (0.7591553, 0.25556356), (0.7508398, 0.263879), (0.7508398, 0.263879), (0.7591553, 0.25556356), (0.77404594, 0.26828134), (0.7508398, 0.263879), (0.77404594, 0.26828134), (0.7671336, 0.27779526), (0.7671336, 0.27779526), (0.77404594, 0.26828134), (0.7907425, 0.2785132), (0.7671336, 0.27779526), (0.7907425, 0.2785132), (0.7854037, 0.28899127), (0.7854037, 0.28899127), (0.7907425, 0.2785132), (0.80883443, 0.28600705), (0.7854037, 0.28899127), (0.80883443, 0.28600705), (0.8052006, 0.29719132), (0.8052006, 0.29719132), (0.80883443, 0.28600705), (0.827876, 0.29057854), (0.8052006, 0.29719132), (0.827876, 0.29057854), (0.82603633, 0.30219358), (0.82603633, 0.30219358), (0.827876, 0.29057854), (0.84739816, 0.2921151), (0.82603633, 0.30219358), (0.84739816, 0.2921151), (0.84739816, 0.30387485), (0.84739816, 0.30387485), (0.84739816, 0.2921151), (0.86692023, 0.29057854), (0.84739816, 0.30387485), (0.86692023, 0.29057854), (0.8687599, 0.30219358), (0.8687599, 0.30219358), (0.86692023, 0.29057854), (0.88596165, 0.28600705), (0.8687599, 0.30219358), (0.88596165, 0.28600705), (0.88959575, 0.29719138), (0.88959575, 0.29719138), (0.88596165, 0.28600705), (0.9040537, 0.2785132), (0.88959575, 0.29719138), (0.9040537, 0.2785132), (0.90939236, 0.28899133), (0.90939236, 0.28899133), (0.9040537, 0.2785132), (0.9207505, 0.26828134), (0.90939236, 0.28899133), (0.9207505, 0.26828134), (0.92766285, 0.2777953), (0.92766285, 0.2777953), (0.9207505, 0.26828134), (0.93564105, 0.25556356), (0.92766285, 0.2777953), (0.93564105, 0.25556356), (0.9439566, 0.263879), (0.9439566, 0.263879), (0.93564105, 0.25556356), (0.948359, 0.24067295), (0.9439566, 0.263879), (0.948359, 0.24067295), (0.95787287, 0.24758518), (0.95787287, 0.24758518), (0.948359, 0.24067295), (0.95859075, 0.22397602), (0.95787287, 0.24758518), (0.95859075, 0.22397602), (0.96906877, 0.22931492), (0.96906877, 0.22931492), (0.95859075, 0.22397602), (0.9660847, 0.20588422), (0.96906877, 0.22931492), (0.9660847, 0.20588422), (0.97726893, 0.2095182), (0.97726893, 0.2095182), (0.9660847, 0.20588422), (0.97065616, 0.18684274), (0.97726893, 0.2095182), (0.97065616, 0.18684274), (0.9822712, 0.18868238), (0.9822712, 0.18868238), (0.97065616, 0.18684274), (0.97219276, 0.16732061), (0.9822712, 0.18868238), (0.97219276, 0.16732061), (0.9839525, 0.16732061), (0.9839525, 0.16732061), (0.97219276, 0.16732061), (0.97065616, 0.14779854), (0.9839525, 0.16732061), (0.97065616, 0.14779854), (0.9822712, 0.14595884), (0.9822712, 0.14595884), (0.97065616, 0.14779854), (0.9660847, 0.12875706), (0.9822712, 0.14595884), (0.9660847, 0.12875706), (0.97726893, 0.12512308), (0.97726893, 0.12512308), (0.9660847, 0.12875706), (0.95859075, 0.11066514), (0.97726893, 0.12512308), (0.95859075, 0.11066514), (0.96906877, 0.105326295), (0.96906877, 0.105326295), (0.95859075, 0.11066514), (0.948359, 0.09396833), (0.96906877, 0.105326295), (0.948359, 0.09396833), (0.95787287, 0.0870561), (0.95787287, 0.0870561), (0.948359, 0.09396833), (0.93564105, 0.07907766), (0.95787287, 0.0870561), (0.93564105, 0.07907766), (0.9439566, 0.07076222), (0.9439566, 0.07076222), (0.93564105, 0.07907766), (0.9207505, 0.06635988), (0.9439566, 0.07076222), (0.9207505, 0.06635988), (0.92766285, 0.056845963), (0.92766285, 0.056845963), (0.9207505, 0.06635988), (0.9040537, 0.056128025), (0.92766285, 0.056845963), (0.9040537, 0.056128025), (0.90939236, 0.045649946), (0.90939236, 0.045649946), (0.9040537, 0.056128025), (0.88596165, 0.048634112), (0.90939236, 0.045649946), (0.88596165, 0.048634112), (0.88959575, 0.037449896), (0.88959575, 0.037449896), (0.88596165, 0.048634112), (0.86692023, 0.044062674), (0.88959575, 0.037449896), (0.86692023, 0.044062674), (0.8687599, 0.032447636), (0.8687599, 0.032447636), (0.86692023, 0.044062674), (0.84739816, 0.042526245), (0.8687599, 0.032447636), (0.84739816, 0.042526245), (0.84739816, 0.030766428), (0.84739816, 0.030766428), (0.84739816, 0.042526245), (0.827876, 0.044062674), (0.84739816, 0.030766428), (0.827876, 0.044062674), (0.82603633, 0.032447636), (0.82603633, 0.032447636), (0.827876, 0.044062674), (0.8088347, 0.048634112), (0.82603633, 0.032447636), (0.8088347, 0.048634112), (0.8052006, 0.037449896), (0.8052006, 0.037449896), (0.8088347, 0.048634112), (0.79074275, 0.056128025), (0.8052006, 0.037449896), (0.79074275, 0.056128025), (0.7854037, 0.045649946), (0.7854037, 0.045649946), (0.79074275, 0.056128025), (0.7740462, 0.06635988), (0.7854037, 0.045649946), (0.7740462, 0.06635988), (0.7671336, 0.056845903), (0.7671336, 0.056845903), (0.7740462, 0.06635988), (0.7591553, 0.07907766), (0.7671336, 0.056845903), (0.7591553, 0.07907766), (0.7508398, 0.07076222), (0.7508398, 0.07076222), (0.7591553, 0.07907766), (0.74643767, 0.09396833), (0.7508398, 0.07076222), (0.74643767, 0.09396833), (0.7369237, 0.0870561), (0.7369237, 0.0870561), (0.74643767, 0.09396833), (0.7362058, 0.11066514), (0.7369237, 0.0870561), (0.7362058, 0.11066514), (0.72572756, 0.105326295), (0.72572756, 0.105326295), (0.7362058, 0.11066514), (0.7287121, 0.128757), (0.72572756, 0.105326295), (0.7287121, 0.128757), (0.7175274, 0.12512308), (0.7175274, 0.12512308), (0.7287121, 0.128757), (0.7241404, 0.14779842), (0.7175274, 0.12512308), (0.7241404, 0.14779842), (0.71252537, 0.14595878), (0.71252537, 0.14595878), (0.7241404, 0.14779842), (0.7226038, 0.16732061), (0.71252537, 0.14595878), (0.7226038, 0.16732061), (0.71084404, 0.16732061), (0.71084404, 0.16732061), (0.7226038, 0.16732061), (0.7241404, 0.18684274), (0.71084404, 0.16732061), (0.7241404, 0.18684274), (0.71252537, 0.18868232), (0.7671336, 0.056845903), (0.7508398, 0.07076222), (0.7476585, 0.06758064), (0.7671336, 0.056845903), (0.7476585, 0.06758064), (0.76448894, 0.053205848), (0.7854037, 0.045649946), (0.7671336, 0.056845903), (0.76448894, 0.053205848), (0.7854037, 0.045649946), (0.76448894, 0.053205848), (0.7833613, 0.041640937), (0.8052006, 0.037449896), (0.7854037, 0.045649946), (0.7833613, 0.041640937), (0.8052006, 0.037449896), (0.7833613, 0.041640937), (0.8038101, 0.0331707), (0.82603633, 0.032447636), (0.8052006, 0.037449896), (0.8038101, 0.0331707), (0.82603633, 0.032447636), (0.8038101, 0.0331707), (0.8253325, 0.028003633), (0.84739816, 0.030766428), (0.82603633, 0.032447636), (0.8253325, 0.028003633), (0.84739816, 0.030766428), (0.8253325, 0.028003633), (0.84739816, 0.026266992), (0.8687599, 0.032447636), (0.84739816, 0.030766428), (0.84739816, 0.026266992), (0.8687599, 0.032447636), (0.84739816, 0.026266992), (0.8694639, 0.028003633), (0.88959575, 0.037449896), (0.8687599, 0.032447636), (0.8694639, 0.028003633), (0.88959575, 0.037449896), (0.8694639, 0.028003633), (0.8909862, 0.0331707), (0.90939236, 0.045649946), (0.88959575, 0.037449896), (0.8909862, 0.0331707), (0.90939236, 0.045649946), (0.8909862, 0.0331707), (0.91143537, 0.041640937), (0.92766285, 0.056845963), (0.90939236, 0.045649946), (0.91143537, 0.041640937), (0.92766285, 0.056845963), (0.91143537, 0.041640937), (0.9303074, 0.053205907), (0.9439566, 0.07076222), (0.92766285, 0.056845963), (0.9303074, 0.053205907), (0.9439566, 0.07076222), (0.9303074, 0.053205907), (0.9471381, 0.0675807), (0.95787287, 0.0870561), (0.9439566, 0.07076222), (0.9471381, 0.0675807), (0.95787287, 0.0870561), (0.9471381, 0.0675807), (0.9615128, 0.08441144), (0.96906877, 0.105326295), (0.95787287, 0.0870561), (0.9615128, 0.08441144), (0.96906877, 0.105326295), (0.9615128, 0.08441144), (0.97307754, 0.10328364), (0.97726893, 0.12512308), (0.96906877, 0.105326295), (0.97307754, 0.10328364), (0.97726893, 0.12512308), (0.97307754, 0.10328364), (0.9815481, 0.123732686), (0.9822712, 0.14595884), (0.97726893, 0.12512308), (0.9815481, 0.123732686), (0.9822712, 0.14595884), (0.9815481, 0.123732686), (0.9867151, 0.14525497), (0.9839525, 0.16732061), (0.9822712, 0.14595884), (0.9867151, 0.14525497), (0.9839525, 0.16732061), (0.9867151, 0.14525497), (0.9884517, 0.16732061), (0.9822712, 0.18868238), (0.9839525, 0.16732061), (0.9884517, 0.16732061), (0.9822712, 0.18868238), (0.9884517, 0.16732061), (0.9867151, 0.18938625), (0.97726893, 0.2095182), (0.9822712, 0.18868238), (0.9867151, 0.18938625), (0.97726893, 0.2095182), (0.9867151, 0.18938625), (0.9815481, 0.21090859), (0.96906877, 0.22931492), (0.97726893, 0.2095182), (0.9815481, 0.21090859), (0.96906877, 0.22931492), (0.9815481, 0.21090859), (0.97307754, 0.23135757), (0.95787287, 0.24758518), (0.96906877, 0.22931492), (0.97307754, 0.23135757), (0.95787287, 0.24758518), (0.97307754, 0.23135757), (0.9615128, 0.25022984), (0.9439566, 0.263879), (0.95787287, 0.24758518), (0.9615128, 0.25022984), (0.9439566, 0.263879), (0.9615128, 0.25022984), (0.9471381, 0.26706058), (0.92766285, 0.2777953), (0.9439566, 0.263879), (0.9471381, 0.26706058), (0.92766285, 0.2777953), (0.9471381, 0.26706058), (0.9303074, 0.28143543), (0.90939236, 0.28899133), (0.92766285, 0.2777953), (0.9303074, 0.28143543), (0.90939236, 0.28899133), (0.9303074, 0.28143543), (0.9114351, 0.29300028), (0.88959575, 0.29719138), (0.90939236, 0.28899133), (0.9114351, 0.29300028), (0.88959575, 0.29719138), (0.9114351, 0.29300028), (0.8909862, 0.30147052), (0.8687599, 0.30219358), (0.88959575, 0.29719138), (0.8909862, 0.30147052), (0.8687599, 0.30219358), (0.8909862, 0.30147052), (0.8694639, 0.30663764), (0.84739816, 0.30387485), (0.8687599, 0.30219358), (0.8694639, 0.30663764), (0.84739816, 0.30387485), (0.8694639, 0.30663764), (0.84739816, 0.30837423), (0.82603633, 0.30219358), (0.84739816, 0.30387485), (0.84739816, 0.30837423), (0.82603633, 0.30219358), (0.84739816, 0.30837423), (0.8253325, 0.30663764), (0.8052006, 0.29719132), (0.82603633, 0.30219358), (0.8253325, 0.30663764), (0.8052006, 0.29719132), (0.8253325, 0.30663764), (0.8038101, 0.30147052), (0.7854037, 0.28899127), (0.8052006, 0.29719132), (0.8038101, 0.30147052), (0.7854037, 0.28899127), (0.8038101, 0.30147052), (0.7833613, 0.29300028), (0.7671336, 0.27779526), (0.7854037, 0.28899127), (0.7833613, 0.29300028), (0.7671336, 0.27779526), (0.7833613, 0.29300028), (0.76448894, 0.2814353), (0.7508398, 0.263879), (0.7671336, 0.27779526), (0.76448894, 0.2814353), (0.7508398, 0.263879), (0.76448894, 0.2814353), (0.74765825, 0.26706052), (0.7369237, 0.24758512), (0.7508398, 0.263879), (0.74765825, 0.26706052), (0.7369237, 0.24758512), (0.74765825, 0.26706052), (0.73328376, 0.25022984), (0.72572756, 0.22931486), (0.7369237, 0.24758512), (0.73328376, 0.25022984), (0.72572756, 0.22931486), (0.73328376, 0.25022984), (0.72171843, 0.23135757), (0.71752715, 0.20951813), (0.72572756, 0.22931486), (0.72171843, 0.23135757), (0.71752715, 0.20951813), (0.72171843, 0.23135757), (0.71324813, 0.21090853), (0.71252537, 0.18868232), (0.71752715, 0.20951813), (0.71324813, 0.21090853), (0.71252537, 0.18868232), (0.71324813, 0.21090853), (0.70808136, 0.18938619), (0.70808136, 0.18938619), (0.71084404, 0.16732061), (0.71252537, 0.18868232), (0.70808136, 0.18938619), (0.7063447, 0.16732061), (0.71084404, 0.16732061), (0.71252537, 0.14595878), (0.71084404, 0.16732061), (0.7063447, 0.16732061), (0.71252537, 0.14595878), (0.7063447, 0.16732061), (0.70808136, 0.14525497), (0.7175274, 0.12512308), (0.71252537, 0.14595878), (0.70808136, 0.14525497), (0.7175274, 0.12512308), (0.70808136, 0.14525497), (0.7132484, 0.123732686), (0.72572756, 0.105326295), (0.7175274, 0.12512308), (0.7132484, 0.123732686), (0.72572756, 0.105326295), (0.7132484, 0.123732686), (0.72171867, 0.10328364), (0.7369237, 0.0870561), (0.72572756, 0.105326295), (0.72171867, 0.10328364), (0.7369237, 0.0870561), (0.72171867, 0.10328364), (0.73328376, 0.08441138), (0.7508398, 0.07076222), (0.7369237, 0.0870561), (0.73328376, 0.08441138), (0.7508398, 0.07076222), (0.73328376, 0.08441138), (0.7476585, 0.06758064), (0.3230186, 0.26359546), (0.3094625, 0.22299999), (0.32300767, 0.22299999), (0.3230186, 0.26359546), (0.30505157, 0.22659439), (0.3094625, 0.22299999), (0.3230186, 0.26359546), (0.30594474, 0.26359546), (0.30505157, 0.22659439), (0.31138813, 0.22096717), (0.32300767, 0.22299999), (0.3094625, 0.22299999), (0.31138813, 0.22096717), (0.32300767, 0.22096717), (0.32300767, 0.22299999), (0.31138813, 0.22096717), (0.32300767, 0.218054), (0.32300767, 0.22096717), (0.31138813, 0.22096717), (0.3144983, 0.218054), (0.32300767, 0.218054), (0.3094625, 0.22299999), (0.3092783, 0.21961486), (0.31138813, 0.22096717), (0.3094625, 0.22299999), (0.3072155, 0.22153842), (0.3092783, 0.21961486), (0.3072155, 0.22153842), (0.307645, 0.21764845), (0.3092783, 0.21961486), (0.3072155, 0.22153842), (0.30515787, 0.21969295), (0.307645, 0.21764845), (0.307645, 0.21764845), (0.30515787, 0.21969295), (0.3049421, 0.21700865), (0.307645, 0.21764845), (0.3049421, 0.21700865), (0.3062454, 0.21570951), (0.3133669, 0.21672076), (0.31138813, 0.22096717), (0.3092783, 0.21961486), (0.3133669, 0.21672076), (0.3144983, 0.218054), (0.31138813, 0.22096717), (0.31214175, 0.21484637), (0.3092783, 0.21961486), (0.307645, 0.21764845), (0.31214175, 0.21484637), (0.3133669, 0.21672076), (0.3092783, 0.21961486), (0.31093416, 0.21296942), (0.307645, 0.21764845), (0.3062454, 0.21570951), (0.31093416, 0.21296942), (0.31214175, 0.21484637), (0.307645, 0.21764845), (0.30322534, 0.22193456), (0.3049421, 0.21700865), (0.30515787, 0.21969295), (0.30322534, 0.22193456), (0.3007798, 0.222), (0.3049421, 0.21700865), (0.30487865, 0.22359085), (0.3007798, 0.222), (0.30322534, 0.22193456), (0.30487865, 0.22359085), (0.30515787, 0.21969295), (0.3072155, 0.22153842), (0.30487865, 0.22359085), (0.30322534, 0.22193456), (0.30515787, 0.21969295), (0.30487865, 0.22359085), (0.30505157, 0.22659439), (0.3007798, 0.222), (0.30487865, 0.22359085), (0.3094625, 0.22299999), (0.30505157, 0.22659439), (0.30487865, 0.22359085), (0.3072155, 0.22153842), (0.3094625, 0.22299999), (0.23854384, 0.22659576), (0.25472313, 0.26359546), (0.23764926, 0.26359546), (0.24281615, 0.222), (0.25472313, 0.26359546), (0.23854384, 0.22659576), (0.25472313, 0.26359546), (0.24281615, 0.222), (0.25472313, 0.222), (0.24281615, 0.222), (0.23865193, 0.09047073), (0.25472313, 0.222), (0.25472313, 0.222), (0.23865193, 0.09047073), (0.24279979, 0.086000025), (0.23865333, 0.21701282), (0.23865193, 0.09047073), (0.24281615, 0.222), (0.23865193, 0.09047073), (0.23865333, 0.21701282), (0.23737952, 0.21568197), (0.23865333, 0.21701282), (0.23602605, 0.2176795), (0.23737952, 0.21568197), (0.23865333, 0.21701282), (0.23846102, 0.2197305), (0.23602605, 0.2176795), (0.23602605, 0.2176795), (0.23846102, 0.2197305), (0.23642597, 0.22158563), (0.23602605, 0.2176795), (0.23642597, 0.22158563), (0.23430377, 0.21957171), (0.23430377, 0.21957171), (0.23642597, 0.22158563), (0.23412564, 0.22299999), (0.23430377, 0.21957171), (0.23412564, 0.22299999), (0.23205955, 0.22094929), (0.23865193, 0.09047073), (0.23737952, 0.21568197), (0.23735455, 0.09177005), (0.23737952, 0.21568197), (0.23267901, 0.09338498), (0.23735455, 0.09177005), (0.23737952, 0.21568197), (0.23275545, 0.21305287), (0.23267901, 0.09338498), (0.23602605, 0.2176795), (0.23275545, 0.21305287), (0.23737952, 0.21568197), (0.2205645, 0.22299999), (0.23205955, 0.22094929), (0.23412564, 0.22299999), (0.2205645, 0.22299999), (0.2205645, 0.22096717), (0.23205955, 0.22094929), (0.23043925, 0.21268642), (0.23267901, 0.09338498), (0.23275545, 0.21305287), (0.23043925, 0.21268642), (0.23005332, 0.09431517), (0.23267901, 0.09338498), (0.23005332, 0.09431517), (0.23143454, 0.0917443), (0.23267901, 0.09338498), (0.23005332, 0.09431517), (0.22920342, 0.09255552), (0.23143454, 0.0917443), (0.22920342, 0.09255552), (0.23019338, 0.08989924), (0.23143454, 0.0917443), (0.22920342, 0.09255552), (0.22837247, 0.09083521), (0.23019338, 0.08989924), (0.23019338, 0.08989924), (0.22837247, 0.09083521), (0.22756092, 0.09000003), (0.23019338, 0.08989924), (0.22756092, 0.09000003), (0.22911082, 0.08830547), (0.22911082, 0.08830547), (0.22756092, 0.09000003), (0.2205645, 0.09000003), (0.22911082, 0.08830547), (0.2205645, 0.09000003), (0.2205645, 0.08830547), (0.2205645, 0.218054), (0.23205955, 0.22094929), (0.2205645, 0.22096717), (0.23123007, 0.086512804), (0.22911082, 0.08830547), (0.2205645, 0.08830547), (0.23019338, 0.08989924), (0.22911082, 0.08830547), (0.23123007, 0.086512804), (0.23123007, 0.086512804), (0.2205645, 0.08830547), (0.2205645, 0.086512804), (0.23123007, 0.086512804), (0.2205645, 0.086512804), (0.2205645, 0.08399999), (0.23123007, 0.086512804), (0.2205645, 0.08399999), (0.2341261, 0.08399999), (0.2341261, 0.08399999), (0.23390584, 0.087604284), (0.23123007, 0.086512804), (0.23019338, 0.08989924), (0.23123007, 0.086512804), (0.23390584, 0.087604284), (0.23143454, 0.0917443), (0.23019338, 0.08989924), (0.23390584, 0.087604284), (0.2341261, 0.08399999), (0.23637788, 0.08591008), (0.23390584, 0.087604284), (0.23637788, 0.08591008), (0.2355426, 0.089562654), (0.23390584, 0.087604284), (0.23143454, 0.0917443), (0.23390584, 0.087604284), (0.2355426, 0.089562654), (0.23637788, 0.08591008), (0.23811273, 0.08784479), (0.2355426, 0.089562654), (0.2355426, 0.089562654), (0.23811273, 0.08784479), (0.23865193, 0.09047073), (0.2355426, 0.089562654), (0.23865193, 0.09047073), (0.23735455, 0.09177005), (0.23267901, 0.09338498), (0.2355426, 0.089562654), (0.23735455, 0.09177005), (0.23267901, 0.09338498), (0.23143454, 0.0917443), (0.2355426, 0.089562654), (0.23985893, 0.08543521), (0.23865193, 0.09047073), (0.23811273, 0.08784479), (0.23985893, 0.08543521), (0.23811273, 0.08784479), (0.23637788, 0.08591008), (0.23985893, 0.08543521), (0.24279979, 0.086000025), (0.23865193, 0.09047073), (0.23985893, 0.08543521), (0.23851793, 0.08087742), (0.24279979, 0.086000025), (0.23985893, 0.08543521), (0.2387077, 0.08387083), (0.23851793, 0.08087742), (0.2387077, 0.08387083), (0.2341261, 0.08399999), (0.23851793, 0.08087742), (0.2387077, 0.08387083), (0.23637788, 0.08591008), (0.2341261, 0.08399999), (0.23985893, 0.08543521), (0.23637788, 0.08591008), (0.2387077, 0.08387083), (0.15228003, 0.26359546), (0.13872652, 0.22299999), (0.15228002, 0.22299999), (0.15228003, 0.26359546), (0.13431281, 0.22659439), (0.13872652, 0.22299999), (0.15228003, 0.26359546), (0.13520603, 0.26359546), (0.13431281, 0.22659439), (0.14054199, 0.22096723), (0.15228002, 0.22299999), (0.13872652, 0.22299999), (0.14054199, 0.22096723), (0.15226907, 0.22096717), (0.15228002, 0.22299999), (0.14054199, 0.22096723), (0.15226907, 0.218054), (0.15226907, 0.22096717), (0.14054199, 0.22096723), (0.14367618, 0.21805239), (0.15226907, 0.218054), (0.13872652, 0.22299999), (0.13851234, 0.21960968), (0.14054199, 0.22096723), (0.13872652, 0.22299999), (0.13647397, 0.22153759), (0.13851234, 0.21960968), (0.13647397, 0.22153759), (0.13687602, 0.21764487), (0.13851234, 0.21960968), (0.13647397, 0.22153759), (0.13457692, 0.21969205), (0.13687602, 0.21764487), (0.13687602, 0.21764487), (0.13457692, 0.21969205), (0.13420334, 0.21700865), (0.13687602, 0.21764487), (0.13420334, 0.21700865), (0.13547201, 0.21570957), (0.14254704, 0.21667367), (0.14054199, 0.22096723), (0.13851234, 0.21960968), (0.14254704, 0.21667367), (0.14367618, 0.21805239), (0.14054199, 0.22096723), (0.14130823, 0.21482164), (0.13851234, 0.21960968), (0.13687602, 0.21764487), (0.14130823, 0.21482164), (0.14254704, 0.21667367), (0.13851234, 0.21960968), (0.14007914, 0.21296334), (0.13687602, 0.21764487), (0.13547201, 0.21570957), (0.14007914, 0.21296334), (0.14130823, 0.21482164), (0.13687602, 0.21764487), (0.13267109, 0.22202921), (0.13420334, 0.21700865), (0.13457692, 0.21969205), (0.13267109, 0.22202921), (0.13457692, 0.21969205), (0.13647397, 0.22153759), (0.13267109, 0.22202921), (0.13004108, 0.222), (0.13420334, 0.21700865), (0.13267109, 0.22202921), (0.13431281, 0.22659439), (0.13004108, 0.222), (0.13267109, 0.22202921), (0.13414067, 0.22359264), (0.13431281, 0.22659439), (0.13267109, 0.22202921), (0.13647397, 0.22153759), (0.13414067, 0.22359264), (0.13414067, 0.22359264), (0.13872652, 0.22299999), (0.13431281, 0.22659439), (0.13414067, 0.22359264), (0.13647397, 0.22153759), (0.13872652, 0.22299999), (0.66449577, 0.26359546), (0.6503711, 0.22299999), (0.6644849, 0.22299999), (0.66449577, 0.26359546), (0.64652866, 0.22659439), (0.6503711, 0.22299999), (0.66449577, 0.26359546), (0.64742184, 0.26359546), (0.64652866, 0.22659439), (0.6521516, 0.22096717), (0.6644849, 0.22299999), (0.6503711, 0.22299999), (0.6521516, 0.22096717), (0.6644849, 0.22096717), (0.6644849, 0.22299999), (0.6503711, 0.22299999), (0.6505892, 0.21959674), (0.6521516, 0.22096717), (0.6503711, 0.22299999), (0.6486722, 0.22153366), (0.6505892, 0.21959674), (0.6486722, 0.22153366), (0.6489401, 0.21763247), (0.6505892, 0.21959674), (0.6486722, 0.22153366), (0.6467703, 0.21944624), (0.6489401, 0.21763247), (0.6489401, 0.21763247), (0.6467703, 0.21944624), (0.6464192, 0.21692818), (0.64477736, 0.22193366), (0.6464192, 0.21692818), (0.6467703, 0.21944624), (0.64477736, 0.22193366), (0.6422569, 0.222), (0.6464192, 0.21692818), (0.64634746, 0.22358924), (0.6422569, 0.222), (0.64477736, 0.22193366), (0.64634746, 0.22358924), (0.64652866, 0.22659439), (0.6422569, 0.222), (0.64634746, 0.22358924), (0.6503711, 0.22299999), (0.64652866, 0.22659439), (0.64634746, 0.22358924), (0.6486722, 0.22153366), (0.6503711, 0.22299999), (0.64634746, 0.22358924), (0.6467703, 0.21944624), (0.6486722, 0.22153366), (0.64634746, 0.22358924), (0.64477736, 0.22193366), (0.6467703, 0.21944624), (0.5962003, 0.26359546), (0.5842935, 0.222), (0.5962003, 0.222), (0.5962003, 0.26359546), (0.5800212, 0.22659576), (0.5842935, 0.222), (0.5962003, 0.26359546), (0.5791266, 0.26359546), (0.5800212, 0.22659576), (0.5842935, 0.222), (0.5801292, 0.09047109), (0.5962003, 0.222), (0.5962003, 0.222), (0.5801292, 0.09047109), (0.58427703, 0.086000025), (0.5801307, 0.21701282), (0.5801292, 0.09047109), (0.5842935, 0.222), (0.5801292, 0.09047109), (0.5801307, 0.21701282), (0.5788552, 0.21570581), (0.5801307, 0.21701282), (0.5774987, 0.21768844), (0.5788552, 0.21570581), (0.5801307, 0.21701282), (0.5798632, 0.21988928), (0.5774987, 0.21768844), (0.5774987, 0.21768844), (0.5798632, 0.21988928), (0.57789737, 0.22158772), (0.5774987, 0.21768844), (0.57789737, 0.22158772), (0.5757745, 0.21958095), (0.5757745, 0.21958095), (0.57789737, 0.22158772), (0.57641506, 0.22299999), (0.5757745, 0.21958095), (0.57641506, 0.22299999), (0.5741854, 0.22096717), (0.5801292, 0.09047109), (0.5788552, 0.21570581), (0.5788322, 0.09177101), (0.5788552, 0.21570581), (0.5741567, 0.093376994), (0.5788322, 0.09177101), (0.5788552, 0.21570581), (0.5742282, 0.2129618), (0.5741567, 0.093376994), (0.5774987, 0.21768844), (0.5742282, 0.2129618), (0.5788552, 0.21570581), (0.56204176, 0.22299999), (0.5741854, 0.22096717), (0.57641506, 0.22299999), (0.56204176, 0.22299999), (0.56204176, 0.22096717), (0.5741854, 0.22096717), (0.57190883, 0.21272182), (0.5741567, 0.093376994), (0.5742282, 0.2129618), (0.57190883, 0.21272182), (0.57153034, 0.09418893), (0.5741567, 0.093376994), (0.57153034, 0.09418893), (0.57288027, 0.09173137), (0.5741567, 0.093376994), (0.57153034, 0.09418893), (0.5706936, 0.092513084), (0.57288027, 0.09173137), (0.57288027, 0.09173137), (0.5706936, 0.092513084), (0.5698578, 0.09083891), (0.57288027, 0.09173137), (0.5698578, 0.09083891), (0.571621, 0.08987528), (0.571621, 0.08987528), (0.5698578, 0.09083891), (0.5690228, 0.09000003), (0.571621, 0.08987528), (0.5690228, 0.09000003), (0.5705911, 0.08830547), (0.5705911, 0.08830547), (0.5690228, 0.09000003), (0.56204176, 0.09000003), (0.5705911, 0.08830547), (0.56204176, 0.09000003), (0.56204176, 0.08830547), (0.56204176, 0.218054), (0.5741854, 0.22096717), (0.56204176, 0.22096717), (0.5725452, 0.086512804), (0.5705911, 0.08830547), (0.56204176, 0.08830547), (0.571621, 0.08987528), (0.5705911, 0.08830547), (0.5725452, 0.086512804), (0.5725452, 0.086512804), (0.56204176, 0.08830547), (0.56204176, 0.086512804), (0.5725452, 0.086512804), (0.56204176, 0.086512804), (0.56204176, 0.08399999), (0.5725452, 0.086512804), (0.56204176, 0.08399999), (0.5756033, 0.08399999), (0.5756033, 0.08399999), (0.57545847, 0.08760172), (0.5725452, 0.086512804), (0.571621, 0.08987528), (0.5725452, 0.086512804), (0.57545847, 0.08760172), (0.57288027, 0.09173137), (0.571621, 0.08987528), (0.57545847, 0.08760172), (0.5756033, 0.08399999), (0.5778535, 0.085909486), (0.57545847, 0.08760172), (0.5778535, 0.085909486), (0.5770967, 0.089561224), (0.57545847, 0.08760172), (0.57288027, 0.09173137), (0.57545847, 0.08760172), (0.5770967, 0.089561224), (0.5778535, 0.085909486), (0.579589, 0.08784455), (0.5770967, 0.089561224), (0.5770967, 0.089561224), (0.579589, 0.08784455), (0.5801292, 0.09047109), (0.5770967, 0.089561224), (0.5801292, 0.09047109), (0.5788322, 0.09177101), (0.5741567, 0.093376994), (0.5770967, 0.089561224), (0.5788322, 0.09177101), (0.5741567, 0.093376994), (0.57288027, 0.09173137), (0.5770967, 0.089561224), (0.5813357, 0.08543509), (0.5801292, 0.09047109), (0.579589, 0.08784455), (0.5813357, 0.08543509), (0.579589, 0.08784455), (0.5778535, 0.085909486), (0.5813357, 0.08543509), (0.58427703, 0.086000025), (0.5801292, 0.09047109), (0.5813357, 0.08543509), (0.57999516, 0.08087742), (0.58427703, 0.086000025), (0.5813357, 0.08543509), (0.58018446, 0.08387065), (0.57999516, 0.08087742), (0.58018446, 0.08387065), (0.5756033, 0.08399999), (0.57999516, 0.08087742), (0.58018446, 0.08387065), (0.5778535, 0.085909486), (0.5756033, 0.08399999), (0.5813357, 0.08543509), (0.5778535, 0.085909486), (0.58018446, 0.08387065), (0.2205645, 0.21700001), (0.22916958, 0.21810079), (0.2205645, 0.218054), (0.2205645, 0.21700001), (0.22784597, 0.21700001), (0.22916958, 0.21810079), (0.2205645, 0.218054), (0.22916958, 0.21810079), (0.23205955, 0.22094929), (0.23205955, 0.22094929), (0.22916958, 0.21810079), (0.23028979, 0.2167446), (0.22784597, 0.21700001), (0.23028979, 0.2167446), (0.22916958, 0.21810079), (0.23205955, 0.22094929), (0.23028979, 0.2167446), (0.23430377, 0.21957171), (0.23430377, 0.21957171), (0.23028979, 0.2167446), (0.2315327, 0.21495402), (0.23430377, 0.21957171), (0.2315327, 0.21495402), (0.23602605, 0.2176795), (0.23602605, 0.2176795), (0.2315327, 0.21495402), (0.23275545, 0.21305287), (0.22784597, 0.21700001), (0.22869258, 0.21605611), (0.23028979, 0.2167446), (0.2315327, 0.21495402), (0.23043925, 0.21268642), (0.23275545, 0.21305287), (0.2315327, 0.21495402), (0.22955713, 0.21438825), (0.23043925, 0.21268642), (0.23028979, 0.2167446), (0.22955713, 0.21438825), (0.2315327, 0.21495402), (0.23028979, 0.2167446), (0.22869258, 0.21605611), (0.22955713, 0.21438825), (0.39130318, 0.21700001), (0.3998982, 0.218054), (0.39130318, 0.218054), (0.39130318, 0.21700001), (0.39862937, 0.21700001), (0.3998982, 0.218054), (0.39130318, 0.218054), (0.3998982, 0.218054), (0.40312195, 0.22096717), (0.40312195, 0.22096717), (0.3998982, 0.218054), (0.40100893, 0.21669447), (0.39862937, 0.21700001), (0.40100893, 0.21669447), (0.3998982, 0.218054), (0.40312195, 0.22096717), (0.40100893, 0.21669447), (0.40503928, 0.21957535), (0.40503928, 0.21957535), (0.40100893, 0.21669447), (0.40224624, 0.2148686), (0.40503928, 0.21957535), (0.40224624, 0.2148686), (0.40676245, 0.21768385), (0.40676245, 0.21768385), (0.40224624, 0.2148686), (0.40348965, 0.21297455), (0.39862937, 0.21700001), (0.39943698, 0.21606159), (0.40100893, 0.21669447), (0.40224624, 0.2148686), (0.40116978, 0.21251774), (0.40348965, 0.21297455), (0.40224624, 0.2148686), (0.40028438, 0.21432853), (0.40116978, 0.21251774), (0.40100893, 0.21669447), (0.40028438, 0.21432853), (0.40224624, 0.2148686), (0.40100893, 0.21669447), (0.39943698, 0.21606159), (0.40028438, 0.21432853), (0.5620418, 0.21700001), (0.5706468, 0.218054), (0.56204176, 0.218054), (0.5620418, 0.21700001), (0.5693639, 0.21700001), (0.5706468, 0.218054), (0.56204176, 0.218054), (0.5706468, 0.218054), (0.5741854, 0.22096717), (0.5741854, 0.22096717), (0.5706468, 0.218054), (0.57171917, 0.21674293), (0.5693639, 0.21700001), (0.57171917, 0.21674293), (0.5706468, 0.218054), (0.5741854, 0.22096717), (0.57171917, 0.21674293), (0.5757745, 0.21958095), (0.5757745, 0.21958095), (0.57171917, 0.21674293), (0.5729681, 0.21491206), (0.5757745, 0.21958095), (0.5729681, 0.21491206), (0.5774987, 0.21768844), (0.5774987, 0.21768844), (0.5729681, 0.21491206), (0.5742282, 0.2129618), (0.5693639, 0.21700001), (0.5701935, 0.2161088), (0.57171917, 0.21674293), (0.5729681, 0.21491206), (0.57190883, 0.21272182), (0.5742282, 0.2129618), (0.5729681, 0.21491206), (0.571042, 0.21443343), (0.57190883, 0.21272182), (0.57171917, 0.21674293), (0.571042, 0.21443343), (0.5729681, 0.21491206), (0.57171917, 0.21674293), (0.5701935, 0.2161088), (0.571042, 0.21443343), (0.6558794, 0.218054), (0.65741956, 0.21700001), (0.6644849, 0.21700001), (0.65477455, 0.21657705), (0.65741956, 0.21700001), (0.6558794, 0.218054), (0.65477455, 0.21657705), (0.6566811, 0.21600926), (0.65741956, 0.21700001), (0.6558477, 0.21404785), (0.6566811, 0.21600926), (0.65477455, 0.21657705), (0.6558477, 0.21404785), (0.65477455, 0.21657705), (0.65355444, 0.21467334), (0.65492904, 0.21188581), (0.6558477, 0.21404785), (0.65355444, 0.21467334), (0.05972871, 0.09430492), (0.06092082, 0.09174025), (0.06211911, 0.093378544), (0.05972871, 0.09430492), (0.058846705, 0.09255874), (0.06092082, 0.09174025), (0.058846705, 0.09255874), (0.059660144, 0.089897275), (0.06092082, 0.09174025), (0.058846705, 0.09255874), (0.05798153, 0.09084594), (0.059660144, 0.089897275), (0.059660144, 0.089897275), (0.05798153, 0.09084594), (0.057133514, 0.09000003), (0.4828119, 0.09172577), (0.48469573, 0.0924809), (0.48382396, 0.09411055), (0.48557788, 0.090831876), (0.48469573, 0.0924809), (0.4828119, 0.09172577), (0.48557788, 0.090831876), (0.4828119, 0.09172577), (0.48407117, 0.089897215), (0.409466, 0.22360069), (0.40486425, 0.22299999), (0.4071593, 0.22158659), (0.409466, 0.22360069), (0.40928245, 0.22659576), (0.40486425, 0.22299999), (0.409466, 0.22360069), (0.41355473, 0.222), (0.40928245, 0.22659576), (0.409466, 0.22360069), (0.41126233, 0.22192556), (0.41355473, 0.222), (0.41126233, 0.22192556), (0.4093919, 0.21701282), (0.41355473, 0.222), (0.41126233, 0.22192556), (0.40904385, 0.21972561), (0.4093919, 0.21701282), (0.409466, 0.22360069), (0.40904385, 0.21972561), (0.41126233, 0.22192556), (0.409466, 0.22360069), (0.4071593, 0.22158659), (0.40904385, 0.21972561), (0.23872171, 0.2235992), (0.23412564, 0.22299999), (0.23642597, 0.22158563), (0.23872171, 0.2235992), (0.23854384, 0.22659576), (0.23412564, 0.22299999), (0.24001099, 0.2220189), (0.23854384, 0.22659576), (0.23872171, 0.2235992), (0.24001099, 0.2220189), (0.23872171, 0.2235992), (0.23642597, 0.22158563), (0.24001099, 0.2220189), (0.24281615, 0.222), (0.23854384, 0.22659576), (0.24001099, 0.2220189), (0.23865333, 0.21701282), (0.24281615, 0.222), (0.24001099, 0.2220189), (0.23846102, 0.2197305), (0.23865333, 0.21701282), (0.24001099, 0.2220189), (0.23642597, 0.22158563), (0.23846102, 0.2197305), (0.06799677, 0.22360003), (0.06338702, 0.22299999), (0.06570557, 0.22158492), (0.06799677, 0.22360003), (0.06780519, 0.22659576), (0.06338702, 0.22299999), (0.06799677, 0.22360003), (0.0720775, 0.222), (0.06780519, 0.22659576), (0.06799677, 0.22360003), (0.0696266, 0.22192514), (0.0720775, 0.222), (0.0696266, 0.22192514), (0.06791471, 0.21701282), (0.0720775, 0.222), (0.0696266, 0.22192514), (0.067583375, 0.21980476), (0.06791471, 0.21701282), (0.06799677, 0.22360003), (0.067583375, 0.21980476), (0.0696266, 0.22192514), (0.06799677, 0.22360003), (0.06570557, 0.22158492), (0.067583375, 0.21980476), (0.58020455, 0.2236011), (0.57641506, 0.22299999), (0.57789737, 0.22158772), (0.58020455, 0.2236011), (0.5800212, 0.22659576), (0.57641506, 0.22299999), (0.58020455, 0.2236011), (0.5842935, 0.222), (0.5800212, 0.22659576), (0.58020455, 0.2236011), (0.5820009, 0.22192585), (0.5842935, 0.222), (0.5820009, 0.22192585), (0.5801307, 0.21701282), (0.5842935, 0.222), (0.5820009, 0.22192585), (0.5798632, 0.21988928), (0.5801307, 0.21701282), (0.58020455, 0.2236011), (0.5798632, 0.21988928), (0.5820009, 0.22192585), (0.58020455, 0.2236011), (0.57789737, 0.22158772), (0.5798632, 0.21988928), (0.47561, 0.08386272), (0.48021, 0.08399999), (0.47790527, 0.08586794), (0.47561, 0.08386272), (0.47581336, 0.08087611), (0.48021, 0.08399999), (0.47447422, 0.085440695), (0.47581336, 0.08087611), (0.47561, 0.08386272), (0.47447422, 0.085440695), (0.47561, 0.08386272), (0.47790527, 0.08586794), (0.47447422, 0.085440695), (0.4715309, 0.086000025), (0.47581336, 0.08087611), (0.47447422, 0.085440695), (0.47567925, 0.09046757), (0.4715309, 0.086000025), (0.47447422, 0.085440695), (0.47627604, 0.08788675), (0.47567925, 0.09046757), (0.47447422, 0.085440695), (0.47790527, 0.08586794), (0.47627604, 0.08788675)] (
            interpolation = "faceVarying"
        )

        def Material "Material"
        {
            token outputs:surface.connect = </root/mesh_0_0/Material/Preview.outputs:surface>

            def Shader "Preview"
            {
                uniform token info:id = "UsdPreviewSurface"
                color3f inputs:diffuseColor.connect = </root/mesh_0_0/Material/Tex.outputs:rgb>
                float inputs:metallic = 0
                normal3f inputs:normal.connect = </root/mesh_0_0/Material/TexNormal.outputs:rgb>
                float inputs:normalScale = 1
                float inputs:roughness = 1
                token outputs:surface
            }

            def Shader "Tex"
            {
                uniform token info:id = "UsdUVTexture"
                asset inputs:file = @./textures/tex_0.jpg@
                float2 inputs:st.connect = </root/mesh_0_0.primvars:st>
                token inputs:wrapS = "repeat"
                token inputs:wrapT = "repeat"
                float3 outputs:rgb
            }

            def Shader "TexNormal"
            {
                uniform token info:id = "UsdUVTexture"
                asset inputs:file = @./textures/tex_2.jpg@
                float2 inputs:scale = (1, 1)
                float2 inputs:st.connect = </root/mesh_0_0.primvars:st>
                token inputs:wrapS = "repeat"
                token inputs:wrapT = "repeat"
                float3 outputs:rgb
            }
        }
    }
}

